The target system is: Generic -  - 
The host system is: Linux - 6.6.87.2-microsoft-standard-WSL2 - x86_64
Compiling the C compiler identification source file "CMakeCCompilerId.c" succeeded.
Compiler: /home/coder/.espressif/tools/xtensa-esp-elf/esp-15.2.0_20251204/xtensa-esp-elf/bin/xtensa-esp32-elf-gcc 
Build flags: 
Id flags:  

The output was:
0


Compilation of the C compiler identification source "CMakeCCompilerId.c" produced "a.out"

The C compiler identification is GNU, found in "/workspace/hello-wroom/build/bootloader/CMakeFiles/3.22.1/CompilerIdC/a.out"

Compiling the CXX compiler identification source file "CMakeCXXCompilerId.cpp" succeeded.
Compiler: /home/coder/.espressif/tools/xtensa-esp-elf/esp-15.2.0_20251204/xtensa-esp-elf/bin/xtensa-esp32-elf-g++ 
Build flags: 
Id flags:  

The output was:
0


Compilation of the CXX compiler identification source "CMakeCXXCompilerId.cpp" produced "a.out"

The CXX compiler identification is GNU, found in "/workspace/hello-wroom/build/bootloader/CMakeFiles/3.22.1/CompilerIdCXX/a.out"

Checking whether the ASM compiler is GNU using "--version" matched "(GNU assembler)|(GCC)|(Free Software Foundation)":
xtensa-esp-elf-gcc (crosstool-NG esp-15.2.0_20251204) 15.2.0
Copyright (C) 2025 Free Software Foundation, Inc.
This is free software; see the source for copying conditions.  There is NO
warranty; not even for MERCHANTABILITY or FITNESS FOR A PARTICULAR PURPOSE.

Detecting C compiler ABI info compiled with the following output:
Change Dir: /workspace/hello-wroom/build/bootloader/CMakeFiles/CMakeTmp

Run Build Command(s):/usr/bin/ninja cmTC_fa675 && [1/2] Building C object CMakeFiles/cmTC_fa675.dir/CMakeCCompilerABI.c.obj
Using built-in specs.
COLLECT_GCC=/home/coder/.espressif/tools/xtensa-esp-elf/esp-15.2.0_20251204/xtensa-esp-elf/bin/xtensa-esp-elf-gcc
Target: xtensa-esp-elf
Configured with: /builds/idf/crosstool-NG/.build/xtensa-esp-elf/src/gcc/configure --build=x86_64-build_pc-linux-gnu --host=x86_64-build_pc-linux-gnu --target=xtensa-esp-elf --prefix=/builds/idf/crosstool-NG/builds/xtensa-esp-elf --exec_prefix=/builds/idf/crosstool-NG/builds/xtensa-esp-elf --with-local-prefix=/builds/idf/crosstool-NG/builds/xtensa-esp-elf/xtensa-esp-elf --with-sysroot=/builds/idf/crosstool-NG/builds/xtensa-esp-elf/xtensa-esp-elf --with-native-system-header-dir=/include --with-headers=/builds/idf/crosstool-NG/builds/xtensa-esp-elf/xtensa-esp-elf/include --with-newlib --enable-threads=no --disable-shared --with-pkgversion='crosstool-NG esp-15.2.0_20251204' --disable-__cxa_atexit --enable-cxx-flags='-ffunction-sections -fdata-sections' --disable-libgomp --disable-libmudflap --disable-libmpx --disable-libssp --disable-libquadmath --disable-libquadmath-support --disable-libstdcxx-verbose --with-gmp=/builds/idf/crosstool-NG/.build/xtensa-esp-elf/buildtools --with-mpfr=/builds/idf/crosstool-NG/.build/xtensa-esp-elf/buildtools --with-mpc=/builds/idf/crosstool-NG/.build/xtensa-esp-elf/buildtools --with-isl=/builds/idf/crosstool-NG/.build/xtensa-esp-elf/buildtools --enable-lto --enable-target-optspace --without-long-double-128 --enable-plugin --disable-nls --enable-multiarch --enable-languages=c,c++ --disable-libstdcxx-verbose --enable-threads=posix --enable-libstdcxx-time=yes --disable-win32-utf8-manifest
Thread model: posix
Supported LTO compression algorithms: zlib zstd
gcc version 15.2.0 (crosstool-NG esp-15.2.0_20251204) 
COLLECT_GCC_OPTIONS='-mdynconfig=xtensa_esp32.so' '-v' '-o' 'CMakeFiles/cmTC_fa675.dir/CMakeCCompilerABI.c.obj' '-c' '-dumpdir' 'CMakeFiles/cmTC_fa675.dir/'
 /home/coder/.espressif/tools/xtensa-esp-elf/esp-15.2.0_20251204/xtensa-esp-elf/bin/../libexec/gcc/xtensa-esp-elf/15.2.0/cc1 -quiet -v -imultilib esp32 -iprefix /home/coder/.espressif/tools/xtensa-esp-elf/esp-15.2.0_20251204/xtensa-esp-elf/bin/../lib/gcc/xtensa-esp-elf/15.2.0/ -isysroot /home/coder/.espressif/tools/xtensa-esp-elf/esp-15.2.0_20251204/xtensa-esp-elf/bin/../xtensa-esp-elf /usr/share/cmake-3.22/Modules/CMakeCCompilerABI.c -quiet -dumpdir CMakeFiles/cmTC_fa675.dir/ -dumpbase CMakeCCompilerABI.c.c -dumpbase-ext .c -mdynconfig=xtensa_esp32.so -version -o /tmp/ccPgm9v3.s
GNU C23 (crosstool-NG esp-15.2.0_20251204) version 15.2.0 (xtensa-esp-elf)
	compiled by GNU C version 6.3.0, GMP version 6.3.0, MPFR version 4.2.1, MPC version 1.3.1, isl version isl-0.26-GMP

GGC heuristics: --param ggc-min-expand=100 --param ggc-min-heapsize=131072
ignoring duplicate directory "/home/coder/.espressif/tools/xtensa-esp-elf/esp-15.2.0_20251204/xtensa-esp-elf/bin/../lib/gcc/../../lib/gcc/xtensa-esp-elf/15.2.0/include"
ignoring nonexistent directory "/home/coder/.espressif/tools/xtensa-esp-elf/esp-15.2.0_20251204/xtensa-esp-elf/bin/../xtensa-esp-elf/builds/idf/crosstool-NG/builds/xtensa-esp-elf/xtensa-esp-elf/include"
ignoring duplicate directory "/home/coder/.espressif/tools/xtensa-esp-elf/esp-15.2.0_20251204/xtensa-esp-elf/bin/../lib/gcc/../../lib/gcc/xtensa-esp-elf/15.2.0/include-fixed"
ignoring duplicate directory "/home/coder/.espressif/tools/xtensa-esp-elf/esp-15.2.0_20251204/xtensa-esp-elf/bin/../lib/gcc/../../lib/gcc/xtensa-esp-elf/15.2.0/../../../../xtensa-esp-elf/include"
ignoring duplicate directory "/home/coder/.espressif/tools/xtensa-esp-elf/esp-15.2.0_20251204/xtensa-esp-elf/bin/../xtensa-esp-elf/include"
#include "..." search starts here:
#include <...> search starts here:
 /home/coder/.espressif/tools/xtensa-esp-elf/esp-15.2.0_20251204/xtensa-esp-elf/bin/../lib/gcc/xtensa-esp-elf/15.2.0/include
 /home/coder/.espressif/tools/xtensa-esp-elf/esp-15.2.0_20251204/xtensa-esp-elf/bin/../lib/gcc/xtensa-esp-elf/15.2.0/include-fixed
 /home/coder/.espressif/tools/xtensa-esp-elf/esp-15.2.0_20251204/xtensa-esp-elf/bin/../lib/gcc/xtensa-esp-elf/15.2.0/../../../../xtensa-esp-elf/include
End of search list.
Compiler executable checksum: 023236c824ceaa5629805e8d1b1d2049
COLLECT_GCC_OPTIONS='-mdynconfig=xtensa_esp32.so' '-v' '-o' 'CMakeFiles/cmTC_fa675.dir/CMakeCCompilerABI.c.obj' '-c' '-dumpdir' 'CMakeFiles/cmTC_fa675.dir/'
 /home/coder/.espressif/tools/xtensa-esp-elf/esp-15.2.0_20251204/xtensa-esp-elf/bin/../lib/gcc/xtensa-esp-elf/15.2.0/../../../../xtensa-esp-elf/bin/as --traditional-format --dynconfig=xtensa_esp32.so -o CMakeFiles/cmTC_fa675.dir/CMakeCCompilerABI.c.obj /tmp/ccPgm9v3.s
COMPILER_PATH=/home/coder/.espressif/tools/xtensa-esp-elf/esp-15.2.0_20251204/xtensa-esp-elf/bin/../libexec/gcc/xtensa-esp-elf/15.2.0/:/home/coder/.espressif/tools/xtensa-esp-elf/esp-15.2.0_20251204/xtensa-esp-elf/bin/../libexec/gcc/:/home/coder/.espressif/tools/xtensa-esp-elf/esp-15.2.0_20251204/xtensa-esp-elf/bin/../lib/gcc/xtensa-esp-elf/15.2.0/../../../../xtensa-esp-elf/bin/
LIBRARY_PATH=/home/coder/.espressif/tools/xtensa-esp-elf/esp-15.2.0_20251204/xtensa-esp-elf/bin/../lib/gcc/xtensa-esp-elf/15.2.0/esp32/:/home/coder/.espressif/tools/xtensa-esp-elf/esp-15.2.0_20251204/xtensa-esp-elf/bin/../lib/gcc/xtensa-esp-elf/15.2.0/../../../../xtensa-esp-elf/lib/esp32/:/home/coder/.espressif/tools/xtensa-esp-elf/esp-15.2.0_20251204/xtensa-esp-elf/bin/../xtensa-esp-elf/lib/esp32/:/home/coder/.espressif/tools/xtensa-esp-elf/esp-15.2.0_20251204/xtensa-esp-elf/bin/../lib/gcc/xtensa-esp-elf/15.2.0/:/home/coder/.espressif/tools/xtensa-esp-elf/esp-15.2.0_20251204/xtensa-esp-elf/bin/../lib/gcc/:/home/coder/.espressif/tools/xtensa-esp-elf/esp-15.2.0_20251204/xtensa-esp-elf/bin/../lib/gcc/xtensa-esp-elf/15.2.0/../../../../xtensa-esp-elf/lib/:/home/coder/.espressif/tools/xtensa-esp-elf/esp-15.2.0_20251204/xtensa-esp-elf/bin/../xtensa-esp-elf/lib/:/home/coder/.espressif/tools/xtensa-esp-elf/esp-15.2.0_20251204/xtensa-esp-elf/bin/../xtensa-esp-elf/usr/lib/
COLLECT_GCC_OPTIONS='-mdynconfig=xtensa_esp32.so' '-v' '-o' 'CMakeFiles/cmTC_fa675.dir/CMakeCCompilerABI.c.obj' '-c' '-dumpdir' 'CMakeFiles/cmTC_fa675.dir/CMakeCCompilerABI.c.'
[2/2] Linking C executable cmTC_fa675
Using built-in specs.
COLLECT_GCC=/home/coder/.espressif/tools/xtensa-esp-elf/esp-15.2.0_20251204/xtensa-esp-elf/bin/xtensa-esp-elf-gcc
COLLECT_LTO_WRAPPER=/home/coder/.espressif/tools/xtensa-esp-elf/esp-15.2.0_20251204/xtensa-esp-elf/bin/../libexec/gcc/xtensa-esp-elf/15.2.0/lto-wrapper
Target: xtensa-esp-elf
Configured with: /builds/idf/crosstool-NG/.build/xtensa-esp-elf/src/gcc/configure --build=x86_64-build_pc-linux-gnu --host=x86_64-build_pc-linux-gnu --target=xtensa-esp-elf --prefix=/builds/idf/crosstool-NG/builds/xtensa-esp-elf --exec_prefix=/builds/idf/crosstool-NG/builds/xtensa-esp-elf --with-local-prefix=/builds/idf/crosstool-NG/builds/xtensa-esp-elf/xtensa-esp-elf --with-sysroot=/builds/idf/crosstool-NG/builds/xtensa-esp-elf/xtensa-esp-elf --with-native-system-header-dir=/include --with-headers=/builds/idf/crosstool-NG/builds/xtensa-esp-elf/xtensa-esp-elf/include --with-newlib --enable-threads=no --disable-shared --with-pkgversion='crosstool-NG esp-15.2.0_20251204' --disable-__cxa_atexit --enable-cxx-flags='-ffunction-sections -fdata-sections' --disable-libgomp --disable-libmudflap --disable-libmpx --disable-libssp --disable-libquadmath --disable-libquadmath-support --disable-libstdcxx-verbose --with-gmp=/builds/idf/crosstool-NG/.build/xtensa-esp-elf/buildtools --with-mpfr=/builds/idf/crosstool-NG/.build/xtensa-esp-elf/buildtools --with-mpc=/builds/idf/crosstool-NG/.build/xtensa-esp-elf/buildtools --with-isl=/builds/idf/crosstool-NG/.build/xtensa-esp-elf/buildtools --enable-lto --enable-target-optspace --without-long-double-128 --enable-plugin --disable-nls --enable-multiarch --enable-languages=c,c++ --disable-libstdcxx-verbose --enable-threads=posix --enable-libstdcxx-time=yes --disable-win32-utf8-manifest
Thread model: posix
Supported LTO compression algorithms: zlib zstd
gcc version 15.2.0 (crosstool-NG esp-15.2.0_20251204) 
COMPILER_PATH=/home/coder/.espressif/tools/xtensa-esp-elf/esp-15.2.0_20251204/xtensa-esp-elf/bin/../libexec/gcc/xtensa-esp-elf/15.2.0/:/home/coder/.espressif/tools/xtensa-esp-elf/esp-15.2.0_20251204/xtensa-esp-elf/bin/../libexec/gcc/:/home/coder/.espressif/tools/xtensa-esp-elf/esp-15.2.0_20251204/xtensa-esp-elf/bin/../lib/gcc/xtensa-esp-elf/15.2.0/../../../../xtensa-esp-elf/bin/
LIBRARY_PATH=/home/coder/.espressif/tools/xtensa-esp-elf/esp-15.2.0_20251204/xtensa-esp-elf/bin/../lib/gcc/xtensa-esp-elf/15.2.0/esp32/:/home/coder/.espressif/tools/xtensa-esp-elf/esp-15.2.0_20251204/xtensa-esp-elf/bin/../lib/gcc/xtensa-esp-elf/15.2.0/../../../../xtensa-esp-elf/lib/esp32/:/home/coder/.espressif/tools/xtensa-esp-elf/esp-15.2.0_20251204/xtensa-esp-elf/bin/../xtensa-esp-elf/lib/esp32/:/home/coder/.espressif/tools/xtensa-esp-elf/esp-15.2.0_20251204/xtensa-esp-elf/bin/../lib/gcc/xtensa-esp-elf/15.2.0/:/home/coder/.espressif/tools/xtensa-esp-elf/esp-15.2.0_20251204/xtensa-esp-elf/bin/../lib/gcc/:/home/coder/.espressif/tools/xtensa-esp-elf/esp-15.2.0_20251204/xtensa-esp-elf/bin/../lib/gcc/xtensa-esp-elf/15.2.0/../../../../xtensa-esp-elf/lib/:/home/coder/.espressif/tools/xtensa-esp-elf/esp-15.2.0_20251204/xtensa-esp-elf/bin/../xtensa-esp-elf/lib/:/home/coder/.espressif/tools/xtensa-esp-elf/esp-15.2.0_20251204/xtensa-esp-elf/bin/../xtensa-esp-elf/usr/lib/
COLLECT_GCC_OPTIONS='-mdynconfig=xtensa_esp32.so' '-v' '-o' 'cmTC_fa675' '-dumpdir' 'cmTC_fa675.'
 /home/coder/.espressif/tools/xtensa-esp-elf/esp-15.2.0_20251204/xtensa-esp-elf/bin/../libexec/gcc/xtensa-esp-elf/15.2.0/collect2 -plugin /home/coder/.espressif/tools/xtensa-esp-elf/esp-15.2.0_20251204/xtensa-esp-elf/bin/../libexec/gcc/xtensa-esp-elf/15.2.0/liblto_plugin.so -plugin-opt=/home/coder/.espressif/tools/xtensa-esp-elf/esp-15.2.0_20251204/xtensa-esp-elf/bin/../libexec/gcc/xtensa-esp-elf/15.2.0/lto-wrapper -plugin-opt=-fresolution=/tmp/cc8htjPN.res -plugin-opt=-pass-through=-lgcc -plugin-opt=-pass-through=-lc -plugin-opt=-pass-through=-lnosys -plugin-opt=-pass-through=-lc -plugin-opt=-pass-through=-lgcc --sysroot=/home/coder/.espressif/tools/xtensa-esp-elf/esp-15.2.0_20251204/xtensa-esp-elf/bin/../xtensa-esp-elf --dynconfig=xtensa_esp32.so -o cmTC_fa675 /home/coder/.espressif/tools/xtensa-esp-elf/esp-15.2.0_20251204/xtensa-esp-elf/bin/../lib/gcc/xtensa-esp-elf/15.2.0/../../../../xtensa-esp-elf/lib/esp32/crt0.o /home/coder/.espressif/tools/xtensa-esp-elf/esp-15.2.0_20251204/xtensa-esp-elf/bin/../lib/gcc/xtensa-esp-elf/15.2.0/esp32/crti.o /home/coder/.espressif/tools/xtensa-esp-elf/esp-15.2.0_20251204/xtensa-esp-elf/bin/../lib/gcc/xtensa-esp-elf/15.2.0/esp32/crtbegin.o -L/home/coder/.espressif/tools/xtensa-esp-elf/esp-15.2.0_20251204/xtensa-esp-elf/bin/../lib/gcc/xtensa-esp-elf/15.2.0/esp32 -L/home/coder/.espressif/tools/xtensa-esp-elf/esp-15.2.0_20251204/xtensa-esp-elf/bin/../lib/gcc/xtensa-esp-elf/15.2.0/../../../../xtensa-esp-elf/lib/esp32 -L/home/coder/.espressif/tools/xtensa-esp-elf/esp-15.2.0_20251204/xtensa-esp-elf/bin/../xtensa-esp-elf/lib/esp32 -L/home/coder/.espressif/tools/xtensa-esp-elf/esp-15.2.0_20251204/xtensa-esp-elf/bin/../lib/gcc/xtensa-esp-elf/15.2.0 -L/home/coder/.espressif/tools/xtensa-esp-elf/esp-15.2.0_20251204/xtensa-esp-elf/bin/../lib/gcc -L/home/coder/.espressif/tools/xtensa-esp-elf/esp-15.2.0_20251204/xtensa-esp-elf/bin/../lib/gcc/xtensa-esp-elf/15.2.0/../../../../xtensa-esp-elf/lib -L/home/coder/.espressif/tools/xtensa-esp-elf/esp-15.2.0_20251204/xtensa-esp-elf/bin/../xtensa-esp-elf/lib -L/home/coder/.espressif/tools/xtensa-esp-elf/esp-15.2.0_20251204/xtensa-esp-elf/bin/../xtensa-esp-elf/usr/lib @/tmp/ccYRdUYw -lgcc -lc -lnosys -lc -lgcc /home/coder/.espressif/tools/xtensa-esp-elf/esp-15.2.0_20251204/xtensa-esp-elf/bin/../lib/gcc/xtensa-esp-elf/15.2.0/esp32/crtend.o /home/coder/.espressif/tools/xtensa-esp-elf/esp-15.2.0_20251204/xtensa-esp-elf/bin/../lib/gcc/xtensa-esp-elf/15.2.0/esp32/crtn.o
COLLECT_GCC_OPTIONS='-mdynconfig=xtensa_esp32.so' '-v' '-o' 'cmTC_fa675' '-dumpdir' 'cmTC_fa675.'



Parsed C implicit include dir info from above output: rv=done
  found start of include info
  found start of implicit include info
    add: [/home/coder/.espressif/tools/xtensa-esp-elf/esp-15.2.0_20251204/xtensa-esp-elf/bin/../lib/gcc/xtensa-esp-elf/15.2.0/include]
    add: [/home/coder/.espressif/tools/xtensa-esp-elf/esp-15.2.0_20251204/xtensa-esp-elf/bin/../lib/gcc/xtensa-esp-elf/15.2.0/include-fixed]
    add: [/home/coder/.espressif/tools/xtensa-esp-elf/esp-15.2.0_20251204/xtensa-esp-elf/bin/../lib/gcc/xtensa-esp-elf/15.2.0/../../../../xtensa-esp-elf/include]
  end of search list found
  collapse include dir [/home/coder/.espressif/tools/xtensa-esp-elf/esp-15.2.0_20251204/xtensa-esp-elf/bin/../lib/gcc/xtensa-esp-elf/15.2.0/include] ==> [/home/coder/.espressif/tools/xtensa-esp-elf/esp-15.2.0_20251204/xtensa-esp-elf/lib/gcc/xtensa-esp-elf/15.2.0/include]
  collapse include dir [/home/coder/.espressif/tools/xtensa-esp-elf/esp-15.2.0_20251204/xtensa-esp-elf/bin/../lib/gcc/xtensa-esp-elf/15.2.0/include-fixed] ==> [/home/coder/.espressif/tools/xtensa-esp-elf/esp-15.2.0_20251204/xtensa-esp-elf/lib/gcc/xtensa-esp-elf/15.2.0/include-fixed]
  collapse include dir [/home/coder/.espressif/tools/xtensa-esp-elf/esp-15.2.0_20251204/xtensa-esp-elf/bin/../lib/gcc/xtensa-esp-elf/15.2.0/../../../../xtensa-esp-elf/include] ==> [/home/coder/.espressif/tools/xtensa-esp-elf/esp-15.2.0_20251204/xtensa-esp-elf/xtensa-esp-elf/include]
  implicit include dirs: [/home/coder/.espressif/tools/xtensa-esp-elf/esp-15.2.0_20251204/xtensa-esp-elf/lib/gcc/xtensa-esp-elf/15.2.0/include;/home/coder/.espressif/tools/xtensa-esp-elf/esp-15.2.0_20251204/xtensa-esp-elf/lib/gcc/xtensa-esp-elf/15.2.0/include-fixed;/home/coder/.espressif/tools/xtensa-esp-elf/esp-15.2.0_20251204/xtensa-esp-elf/xtensa-esp-elf/include]


Parsed C implicit link information from above output:
  link line regex: [^( *|.*[/\])(xtensa-esp32-elf-ld|CMAKE_LINK_STARTFILE-NOTFOUND|([^/\]+-)?ld|collect2)[^/\]*( |$)]
  ignore line: [Change Dir: /workspace/hello-wroom/build/bootloader/CMakeFiles/CMakeTmp]
  ignore line: []
  ignore line: [Run Build Command(s):/usr/bin/ninja cmTC_fa675 && [1/2] Building C object CMakeFiles/cmTC_fa675.dir/CMakeCCompilerABI.c.obj]
  ignore line: [Using built-in specs.]
  ignore line: [COLLECT_GCC=/home/coder/.espressif/tools/xtensa-esp-elf/esp-15.2.0_20251204/xtensa-esp-elf/bin/xtensa-esp-elf-gcc]
  ignore line: [Target: xtensa-esp-elf]
  ignore line: [Configured with: /builds/idf/crosstool-NG/.build/xtensa-esp-elf/src/gcc/configure --build=x86_64-build_pc-linux-gnu --host=x86_64-build_pc-linux-gnu --target=xtensa-esp-elf --prefix=/builds/idf/crosstool-NG/builds/xtensa-esp-elf --exec_prefix=/builds/idf/crosstool-NG/builds/xtensa-esp-elf --with-local-prefix=/builds/idf/crosstool-NG/builds/xtensa-esp-elf/xtensa-esp-elf --with-sysroot=/builds/idf/crosstool-NG/builds/xtensa-esp-elf/xtensa-esp-elf --with-native-system-header-dir=/include --with-headers=/builds/idf/crosstool-NG/builds/xtensa-esp-elf/xtensa-esp-elf/include --with-newlib --enable-threads=no --disable-shared --with-pkgversion='crosstool-NG esp-15.2.0_20251204' --disable-__cxa_atexit --enable-cxx-flags='-ffunction-sections -fdata-sections' --disable-libgomp --disable-libmudflap --disable-libmpx --disable-libssp --disable-libquadmath --disable-libquadmath-support --disable-libstdcxx-verbose --with-gmp=/builds/idf/crosstool-NG/.build/xtensa-esp-elf/buildtools --with-mpfr=/builds/idf/crosstool-NG/.build/xtensa-esp-elf/buildtools --with-mpc=/builds/idf/crosstool-NG/.build/xtensa-esp-elf/buildtools --with-isl=/builds/idf/crosstool-NG/.build/xtensa-esp-elf/buildtools --enable-lto --enable-target-optspace --without-long-double-128 --enable-plugin --disable-nls --enable-multiarch --enable-languages=c c++ --disable-libstdcxx-verbose --enable-threads=posix --enable-libstdcxx-time=yes --disable-win32-utf8-manifest]
  ignore line: [Thread model: posix]
  ignore line: [Supported LTO compression algorithms: zlib zstd]
  ignore line: [gcc version 15.2.0 (crosstool-NG esp-15.2.0_20251204) ]
  ignore line: [COLLECT_GCC_OPTIONS='-mdynconfig=xtensa_esp32.so' '-v' '-o' 'CMakeFiles/cmTC_fa675.dir/CMakeCCompilerABI.c.obj' '-c' '-dumpdir' 'CMakeFiles/cmTC_fa675.dir/']
  ignore line: [ /home/coder/.espressif/tools/xtensa-esp-elf/esp-15.2.0_20251204/xtensa-esp-elf/bin/../libexec/gcc/xtensa-esp-elf/15.2.0/cc1 -quiet -v -imultilib esp32 -iprefix /home/coder/.espressif/tools/xtensa-esp-elf/esp-15.2.0_20251204/xtensa-esp-elf/bin/../lib/gcc/xtensa-esp-elf/15.2.0/ -isysroot /home/coder/.espressif/tools/xtensa-esp-elf/esp-15.2.0_20251204/xtensa-esp-elf/bin/../xtensa-esp-elf /usr/share/cmake-3.22/Modules/CMakeCCompilerABI.c -quiet -dumpdir CMakeFiles/cmTC_fa675.dir/ -dumpbase CMakeCCompilerABI.c.c -dumpbase-ext .c -mdynconfig=xtensa_esp32.so -version -o /tmp/ccPgm9v3.s]
  ignore line: [GNU C23 (crosstool-NG esp-15.2.0_20251204) version 15.2.0 (xtensa-esp-elf)]
  ignore line: [	compiled by GNU C version 6.3.0  GMP version 6.3.0  MPFR version 4.2.1  MPC version 1.3.1  isl version isl-0.26-GMP]
  ignore line: []
  ignore line: [GGC heuristics: --param ggc-min-expand=100 --param ggc-min-heapsize=131072]
  ignore line: [ignoring duplicate directory "/home/coder/.espressif/tools/xtensa-esp-elf/esp-15.2.0_20251204/xtensa-esp-elf/bin/../lib/gcc/../../lib/gcc/xtensa-esp-elf/15.2.0/include"]
  ignore line: [ignoring nonexistent directory "/home/coder/.espressif/tools/xtensa-esp-elf/esp-15.2.0_20251204/xtensa-esp-elf/bin/../xtensa-esp-elf/builds/idf/crosstool-NG/builds/xtensa-esp-elf/xtensa-esp-elf/include"]
  ignore line: [ignoring duplicate directory "/home/coder/.espressif/tools/xtensa-esp-elf/esp-15.2.0_20251204/xtensa-esp-elf/bin/../lib/gcc/../../lib/gcc/xtensa-esp-elf/15.2.0/include-fixed"]
  ignore line: [ignoring duplicate directory "/home/coder/.espressif/tools/xtensa-esp-elf/esp-15.2.0_20251204/xtensa-esp-elf/bin/../lib/gcc/../../lib/gcc/xtensa-esp-elf/15.2.0/../../../../xtensa-esp-elf/include"]
  ignore line: [ignoring duplicate directory "/home/coder/.espressif/tools/xtensa-esp-elf/esp-15.2.0_20251204/xtensa-esp-elf/bin/../xtensa-esp-elf/include"]
  ignore line: [#include "..." search starts here:]
  ignore line: [#include <...> search starts here:]
  ignore line: [ /home/coder/.espressif/tools/xtensa-esp-elf/esp-15.2.0_20251204/xtensa-esp-elf/bin/../lib/gcc/xtensa-esp-elf/15.2.0/include]
  ignore line: [ /home/coder/.espressif/tools/xtensa-esp-elf/esp-15.2.0_20251204/xtensa-esp-elf/bin/../lib/gcc/xtensa-esp-elf/15.2.0/include-fixed]
  ignore line: [ /home/coder/.espressif/tools/xtensa-esp-elf/esp-15.2.0_20251204/xtensa-esp-elf/bin/../lib/gcc/xtensa-esp-elf/15.2.0/../../../../xtensa-esp-elf/include]
  ignore line: [End of search list.]
  ignore line: [Compiler executable checksum: 023236c824ceaa5629805e8d1b1d2049]
  ignore line: [COLLECT_GCC_OPTIONS='-mdynconfig=xtensa_esp32.so' '-v' '-o' 'CMakeFiles/cmTC_fa675.dir/CMakeCCompilerABI.c.obj' '-c' '-dumpdir' 'CMakeFiles/cmTC_fa675.dir/']
  ignore line: [ /home/coder/.espressif/tools/xtensa-esp-elf/esp-15.2.0_20251204/xtensa-esp-elf/bin/../lib/gcc/xtensa-esp-elf/15.2.0/../../../../xtensa-esp-elf/bin/as --traditional-format --dynconfig=xtensa_esp32.so -o CMakeFiles/cmTC_fa675.dir/CMakeCCompilerABI.c.obj /tmp/ccPgm9v3.s]
  ignore line: [COMPILER_PATH=/home/coder/.espressif/tools/xtensa-esp-elf/esp-15.2.0_20251204/xtensa-esp-elf/bin/../libexec/gcc/xtensa-esp-elf/15.2.0/:/home/coder/.espressif/tools/xtensa-esp-elf/esp-15.2.0_20251204/xtensa-esp-elf/bin/../libexec/gcc/:/home/coder/.espressif/tools/xtensa-esp-elf/esp-15.2.0_20251204/xtensa-esp-elf/bin/../lib/gcc/xtensa-esp-elf/15.2.0/../../../../xtensa-esp-elf/bin/]
  ignore line: [LIBRARY_PATH=/home/coder/.espressif/tools/xtensa-esp-elf/esp-15.2.0_20251204/xtensa-esp-elf/bin/../lib/gcc/xtensa-esp-elf/15.2.0/esp32/:/home/coder/.espressif/tools/xtensa-esp-elf/esp-15.2.0_20251204/xtensa-esp-elf/bin/../lib/gcc/xtensa-esp-elf/15.2.0/../../../../xtensa-esp-elf/lib/esp32/:/home/coder/.espressif/tools/xtensa-esp-elf/esp-15.2.0_20251204/xtensa-esp-elf/bin/../xtensa-esp-elf/lib/esp32/:/home/coder/.espressif/tools/xtensa-esp-elf/esp-15.2.0_20251204/xtensa-esp-elf/bin/../lib/gcc/xtensa-esp-elf/15.2.0/:/home/coder/.espressif/tools/xtensa-esp-elf/esp-15.2.0_20251204/xtensa-esp-elf/bin/../lib/gcc/:/home/coder/.espressif/tools/xtensa-esp-elf/esp-15.2.0_20251204/xtensa-esp-elf/bin/../lib/gcc/xtensa-esp-elf/15.2.0/../../../../xtensa-esp-elf/lib/:/home/coder/.espressif/tools/xtensa-esp-elf/esp-15.2.0_20251204/xtensa-esp-elf/bin/../xtensa-esp-elf/lib/:/home/coder/.espressif/tools/xtensa-esp-elf/esp-15.2.0_20251204/xtensa-esp-elf/bin/../xtensa-esp-elf/usr/lib/]
  ignore line: [COLLECT_GCC_OPTIONS='-mdynconfig=xtensa_esp32.so' '-v' '-o' 'CMakeFiles/cmTC_fa675.dir/CMakeCCompilerABI.c.obj' '-c' '-dumpdir' 'CMakeFiles/cmTC_fa675.dir/CMakeCCompilerABI.c.']
  ignore line: [[2/2] Linking C executable cmTC_fa675]
  ignore line: [Using built-in specs.]
  ignore line: [COLLECT_GCC=/home/coder/.espressif/tools/xtensa-esp-elf/esp-15.2.0_20251204/xtensa-esp-elf/bin/xtensa-esp-elf-gcc]
  ignore line: [COLLECT_LTO_WRAPPER=/home/coder/.espressif/tools/xtensa-esp-elf/esp-15.2.0_20251204/xtensa-esp-elf/bin/../libexec/gcc/xtensa-esp-elf/15.2.0/lto-wrapper]
  ignore line: [Target: xtensa-esp-elf]
  ignore line: [Configured with: /builds/idf/crosstool-NG/.build/xtensa-esp-elf/src/gcc/configure --build=x86_64-build_pc-linux-gnu --host=x86_64-build_pc-linux-gnu --target=xtensa-esp-elf --prefix=/builds/idf/crosstool-NG/builds/xtensa-esp-elf --exec_prefix=/builds/idf/crosstool-NG/builds/xtensa-esp-elf --with-local-prefix=/builds/idf/crosstool-NG/builds/xtensa-esp-elf/xtensa-esp-elf --with-sysroot=/builds/idf/crosstool-NG/builds/xtensa-esp-elf/xtensa-esp-elf --with-native-system-header-dir=/include --with-headers=/builds/idf/crosstool-NG/builds/xtensa-esp-elf/xtensa-esp-elf/include --with-newlib --enable-threads=no --disable-shared --with-pkgversion='crosstool-NG esp-15.2.0_20251204' --disable-__cxa_atexit --enable-cxx-flags='-ffunction-sections -fdata-sections' --disable-libgomp --disable-libmudflap --disable-libmpx --disable-libssp --disable-libquadmath --disable-libquadmath-support --disable-libstdcxx-verbose --with-gmp=/builds/idf/crosstool-NG/.build/xtensa-esp-elf/buildtools --with-mpfr=/builds/idf/crosstool-NG/.build/xtensa-esp-elf/buildtools --with-mpc=/builds/idf/crosstool-NG/.build/xtensa-esp-elf/buildtools --with-isl=/builds/idf/crosstool-NG/.build/xtensa-esp-elf/buildtools --enable-lto --enable-target-optspace --without-long-double-128 --enable-plugin --disable-nls --enable-multiarch --enable-languages=c c++ --disable-libstdcxx-verbose --enable-threads=posix --enable-libstdcxx-time=yes --disable-win32-utf8-manifest]
  ignore line: [Thread model: posix]
  ignore line: [Supported LTO compression algorithms: zlib zstd]
  ignore line: [gcc version 15.2.0 (crosstool-NG esp-15.2.0_20251204) ]
  ignore line: [COMPILER_PATH=/home/coder/.espressif/tools/xtensa-esp-elf/esp-15.2.0_20251204/xtensa-esp-elf/bin/../libexec/gcc/xtensa-esp-elf/15.2.0/:/home/coder/.espressif/tools/xtensa-esp-elf/esp-15.2.0_20251204/xtensa-esp-elf/bin/../libexec/gcc/:/home/coder/.espressif/tools/xtensa-esp-elf/esp-15.2.0_20251204/xtensa-esp-elf/bin/../lib/gcc/xtensa-esp-elf/15.2.0/../../../../xtensa-esp-elf/bin/]
  ignore line: [LIBRARY_PATH=/home/coder/.espressif/tools/xtensa-esp-elf/esp-15.2.0_20251204/xtensa-esp-elf/bin/../lib/gcc/xtensa-esp-elf/15.2.0/esp32/:/home/coder/.espressif/tools/xtensa-esp-elf/esp-15.2.0_20251204/xtensa-esp-elf/bin/../lib/gcc/xtensa-esp-elf/15.2.0/../../../../xtensa-esp-elf/lib/esp32/:/home/coder/.espressif/tools/xtensa-esp-elf/esp-15.2.0_20251204/xtensa-esp-elf/bin/../xtensa-esp-elf/lib/esp32/:/home/coder/.espressif/tools/xtensa-esp-elf/esp-15.2.0_20251204/xtensa-esp-elf/bin/../lib/gcc/xtensa-esp-elf/15.2.0/:/home/coder/.espressif/tools/xtensa-esp-elf/esp-15.2.0_20251204/xtensa-esp-elf/bin/../lib/gcc/:/home/coder/.espressif/tools/xtensa-esp-elf/esp-15.2.0_20251204/xtensa-esp-elf/bin/../lib/gcc/xtensa-esp-elf/15.2.0/../../../../xtensa-esp-elf/lib/:/home/coder/.espressif/tools/xtensa-esp-elf/esp-15.2.0_20251204/xtensa-esp-elf/bin/../xtensa-esp-elf/lib/:/home/coder/.espressif/tools/xtensa-esp-elf/esp-15.2.0_20251204/xtensa-esp-elf/bin/../xtensa-esp-elf/usr/lib/]
  ignore line: [COLLECT_GCC_OPTIONS='-mdynconfig=xtensa_esp32.so' '-v' '-o' 'cmTC_fa675' '-dumpdir' 'cmTC_fa675.']
  link line: [ /home/coder/.espressif/tools/xtensa-esp-elf/esp-15.2.0_20251204/xtensa-esp-elf/bin/../libexec/gcc/xtensa-esp-elf/15.2.0/collect2 -plugin /home/coder/.espressif/tools/xtensa-esp-elf/esp-15.2.0_20251204/xtensa-esp-elf/bin/../libexec/gcc/xtensa-esp-elf/15.2.0/liblto_plugin.so -plugin-opt=/home/coder/.espressif/tools/xtensa-esp-elf/esp-15.2.0_20251204/xtensa-esp-elf/bin/../libexec/gcc/xtensa-esp-elf/15.2.0/lto-wrapper -plugin-opt=-fresolution=/tmp/cc8htjPN.res -plugin-opt=-pass-through=-lgcc -plugin-opt=-pass-through=-lc -plugin-opt=-pass-through=-lnosys -plugin-opt=-pass-through=-lc -plugin-opt=-pass-through=-lgcc --sysroot=/home/coder/.espressif/tools/xtensa-esp-elf/esp-15.2.0_20251204/xtensa-esp-elf/bin/../xtensa-esp-elf --dynconfig=xtensa_esp32.so -o cmTC_fa675 /home/coder/.espressif/tools/xtensa-esp-elf/esp-15.2.0_20251204/xtensa-esp-elf/bin/../lib/gcc/xtensa-esp-elf/15.2.0/../../../../xtensa-esp-elf/lib/esp32/crt0.o /home/coder/.espressif/tools/xtensa-esp-elf/esp-15.2.0_20251204/xtensa-esp-elf/bin/../lib/gcc/xtensa-esp-elf/15.2.0/esp32/crti.o /home/coder/.espressif/tools/xtensa-esp-elf/esp-15.2.0_20251204/xtensa-esp-elf/bin/../lib/gcc/xtensa-esp-elf/15.2.0/esp32/crtbegin.o -L/home/coder/.espressif/tools/xtensa-esp-elf/esp-15.2.0_20251204/xtensa-esp-elf/bin/../lib/gcc/xtensa-esp-elf/15.2.0/esp32 -L/home/coder/.espressif/tools/xtensa-esp-elf/esp-15.2.0_20251204/xtensa-esp-elf/bin/../lib/gcc/xtensa-esp-elf/15.2.0/../../../../xtensa-esp-elf/lib/esp32 -L/home/coder/.espressif/tools/xtensa-esp-elf/esp-15.2.0_20251204/xtensa-esp-elf/bin/../xtensa-esp-elf/lib/esp32 -L/home/coder/.espressif/tools/xtensa-esp-elf/esp-15.2.0_20251204/xtensa-esp-elf/bin/../lib/gcc/xtensa-esp-elf/15.2.0 -L/home/coder/.espressif/tools/xtensa-esp-elf/esp-15.2.0_20251204/xtensa-esp-elf/bin/../lib/gcc -L/home/coder/.espressif/tools/xtensa-esp-elf/esp-15.2.0_20251204/xtensa-esp-elf/bin/../lib/gcc/xtensa-esp-elf/15.2.0/../../../../xtensa-esp-elf/lib -L/home/coder/.espressif/tools/xtensa-esp-elf/esp-15.2.0_20251204/xtensa-esp-elf/bin/../xtensa-esp-elf/lib -L/home/coder/.espressif/tools/xtensa-esp-elf/esp-15.2.0_20251204/xtensa-esp-elf/bin/../xtensa-esp-elf/usr/lib @/tmp/ccYRdUYw -lgcc -lc -lnosys -lc -lgcc /home/coder/.espressif/tools/xtensa-esp-elf/esp-15.2.0_20251204/xtensa-esp-elf/bin/../lib/gcc/xtensa-esp-elf/15.2.0/esp32/crtend.o /home/coder/.espressif/tools/xtensa-esp-elf/esp-15.2.0_20251204/xtensa-esp-elf/bin/../lib/gcc/xtensa-esp-elf/15.2.0/esp32/crtn.o]
    arg [/home/coder/.espressif/tools/xtensa-esp-elf/esp-15.2.0_20251204/xtensa-esp-elf/bin/../libexec/gcc/xtensa-esp-elf/15.2.0/collect2] ==> ignore
    arg [-plugin] ==> ignore
    arg [/home/coder/.espressif/tools/xtensa-esp-elf/esp-15.2.0_20251204/xtensa-esp-elf/bin/../libexec/gcc/xtensa-esp-elf/15.2.0/liblto_plugin.so] ==> ignore
    arg [-plugin-opt=/home/coder/.espressif/tools/xtensa-esp-elf/esp-15.2.0_20251204/xtensa-esp-elf/bin/../libexec/gcc/xtensa-esp-elf/15.2.0/lto-wrapper] ==> ignore
    arg [-plugin-opt=-fresolution=/tmp/cc8htjPN.res] ==> ignore
    arg [-plugin-opt=-pass-through=-lgcc] ==> ignore
    arg [-plugin-opt=-pass-through=-lc] ==> ignore
    arg [-plugin-opt=-pass-through=-lnosys] ==> ignore
    arg [-plugin-opt=-pass-through=-lc] ==> ignore
    arg [-plugin-opt=-pass-through=-lgcc] ==> ignore
    arg [--sysroot=/home/coder/.espressif/tools/xtensa-esp-elf/esp-15.2.0_20251204/xtensa-esp-elf/bin/../xtensa-esp-elf] ==> ignore
    arg [--dynconfig=xtensa_esp32.so] ==> ignore
    arg [-o] ==> ignore
    arg [cmTC_fa675] ==> ignore
    arg [/home/coder/.espressif/tools/xtensa-esp-elf/esp-15.2.0_20251204/xtensa-esp-elf/bin/../lib/gcc/xtensa-esp-elf/15.2.0/../../../../xtensa-esp-elf/lib/esp32/crt0.o] ==> obj [/home/coder/.espressif/tools/xtensa-esp-elf/esp-15.2.0_20251204/xtensa-esp-elf/bin/../lib/gcc/xtensa-esp-elf/15.2.0/../../../../xtensa-esp-elf/lib/esp32/crt0.o]
    arg [/home/coder/.espressif/tools/xtensa-esp-elf/esp-15.2.0_20251204/xtensa-esp-elf/bin/../lib/gcc/xtensa-esp-elf/15.2.0/esp32/crti.o] ==> obj [/home/coder/.espressif/tools/xtensa-esp-elf/esp-15.2.0_20251204/xtensa-esp-elf/bin/../lib/gcc/xtensa-esp-elf/15.2.0/esp32/crti.o]
    arg [/home/coder/.espressif/tools/xtensa-esp-elf/esp-15.2.0_20251204/xtensa-esp-elf/bin/../lib/gcc/xtensa-esp-elf/15.2.0/esp32/crtbegin.o] ==> obj [/home/coder/.espressif/tools/xtensa-esp-elf/esp-15.2.0_20251204/xtensa-esp-elf/bin/../lib/gcc/xtensa-esp-elf/15.2.0/esp32/crtbegin.o]
    arg [-L/home/coder/.espressif/tools/xtensa-esp-elf/esp-15.2.0_20251204/xtensa-esp-elf/bin/../lib/gcc/xtensa-esp-elf/15.2.0/esp32] ==> dir [/home/coder/.espressif/tools/xtensa-esp-elf/esp-15.2.0_20251204/xtensa-esp-elf/bin/../lib/gcc/xtensa-esp-elf/15.2.0/esp32]
    arg [-L/home/coder/.espressif/tools/xtensa-esp-elf/esp-15.2.0_20251204/xtensa-esp-elf/bin/../lib/gcc/xtensa-esp-elf/15.2.0/../../../../xtensa-esp-elf/lib/esp32] ==> dir [/home/coder/.espressif/tools/xtensa-esp-elf/esp-15.2.0_20251204/xtensa-esp-elf/bin/../lib/gcc/xtensa-esp-elf/15.2.0/../../../../xtensa-esp-elf/lib/esp32]
    arg [-L/home/coder/.espressif/tools/xtensa-esp-elf/esp-15.2.0_20251204/xtensa-esp-elf/bin/../xtensa-esp-elf/lib/esp32] ==> dir [/home/coder/.espressif/tools/xtensa-esp-elf/esp-15.2.0_20251204/xtensa-esp-elf/bin/../xtensa-esp-elf/lib/esp32]
    arg [-L/home/coder/.espressif/tools/xtensa-esp-elf/esp-15.2.0_20251204/xtensa-esp-elf/bin/../lib/gcc/xtensa-esp-elf/15.2.0] ==> dir [/home/coder/.espressif/tools/xtensa-esp-elf/esp-15.2.0_20251204/xtensa-esp-elf/bin/../lib/gcc/xtensa-esp-elf/15.2.0]
    arg [-L/home/coder/.espressif/tools/xtensa-esp-elf/esp-15.2.0_20251204/xtensa-esp-elf/bin/../lib/gcc] ==> dir [/home/coder/.espressif/tools/xtensa-esp-elf/esp-15.2.0_20251204/xtensa-esp-elf/bin/../lib/gcc]
    arg [-L/home/coder/.espressif/tools/xtensa-esp-elf/esp-15.2.0_20251204/xtensa-esp-elf/bin/../lib/gcc/xtensa-esp-elf/15.2.0/../../../../xtensa-esp-elf/lib] ==> dir [/home/coder/.espressif/tools/xtensa-esp-elf/esp-15.2.0_20251204/xtensa-esp-elf/bin/../lib/gcc/xtensa-esp-elf/15.2.0/../../../../xtensa-esp-elf/lib]
    arg [-L/home/coder/.espressif/tools/xtensa-esp-elf/esp-15.2.0_20251204/xtensa-esp-elf/bin/../xtensa-esp-elf/lib] ==> dir [/home/coder/.espressif/tools/xtensa-esp-elf/esp-15.2.0_20251204/xtensa-esp-elf/bin/../xtensa-esp-elf/lib]
    arg [-L/home/coder/.espressif/tools/xtensa-esp-elf/esp-15.2.0_20251204/xtensa-esp-elf/bin/../xtensa-esp-elf/usr/lib] ==> dir [/home/coder/.espressif/tools/xtensa-esp-elf/esp-15.2.0_20251204/xtensa-esp-elf/bin/../xtensa-esp-elf/usr/lib]
    arg [@/tmp/ccYRdUYw] ==> ignore
    arg [-lgcc] ==> lib [gcc]
    arg [-lc] ==> lib [c]
    arg [-lnosys] ==> lib [nosys]
    arg [-lc] ==> lib [c]
    arg [-lgcc] ==> lib [gcc]
    arg [/home/coder/.espressif/tools/xtensa-esp-elf/esp-15.2.0_20251204/xtensa-esp-elf/bin/../lib/gcc/xtensa-esp-elf/15.2.0/esp32/crtend.o] ==> obj [/home/coder/.espressif/tools/xtensa-esp-elf/esp-15.2.0_20251204/xtensa-esp-elf/bin/../lib/gcc/xtensa-esp-elf/15.2.0/esp32/crtend.o]
    arg [/home/coder/.espressif/tools/xtensa-esp-elf/esp-15.2.0_20251204/xtensa-esp-elf/bin/../lib/gcc/xtensa-esp-elf/15.2.0/esp32/crtn.o] ==> obj [/home/coder/.espressif/tools/xtensa-esp-elf/esp-15.2.0_20251204/xtensa-esp-elf/bin/../lib/gcc/xtensa-esp-elf/15.2.0/esp32/crtn.o]
  collapse obj [/home/coder/.espressif/tools/xtensa-esp-elf/esp-15.2.0_20251204/xtensa-esp-elf/bin/../lib/gcc/xtensa-esp-elf/15.2.0/../../../../xtensa-esp-elf/lib/esp32/crt0.o] ==> [/home/coder/.espressif/tools/xtensa-esp-elf/esp-15.2.0_20251204/xtensa-esp-elf/xtensa-esp-elf/lib/esp32/crt0.o]
  collapse obj [/home/coder/.espressif/tools/xtensa-esp-elf/esp-15.2.0_20251204/xtensa-esp-elf/bin/../lib/gcc/xtensa-esp-elf/15.2.0/esp32/crti.o] ==> [/home/coder/.espressif/tools/xtensa-esp-elf/esp-15.2.0_20251204/xtensa-esp-elf/lib/gcc/xtensa-esp-elf/15.2.0/esp32/crti.o]
  collapse obj [/home/coder/.espressif/tools/xtensa-esp-elf/esp-15.2.0_20251204/xtensa-esp-elf/bin/../lib/gcc/xtensa-esp-elf/15.2.0/esp32/crtbegin.o] ==> [/home/coder/.espressif/tools/xtensa-esp-elf/esp-15.2.0_20251204/xtensa-esp-elf/lib/gcc/xtensa-esp-elf/15.2.0/esp32/crtbegin.o]
  collapse obj [/home/coder/.espressif/tools/xtensa-esp-elf/esp-15.2.0_20251204/xtensa-esp-elf/bin/../lib/gcc/xtensa-esp-elf/15.2.0/esp32/crtend.o] ==> [/home/coder/.espressif/tools/xtensa-esp-elf/esp-15.2.0_20251204/xtensa-esp-elf/lib/gcc/xtensa-esp-elf/15.2.0/esp32/crtend.o]
  collapse obj [/home/coder/.espressif/tools/xtensa-esp-elf/esp-15.2.0_20251204/xtensa-esp-elf/bin/../lib/gcc/xtensa-esp-elf/15.2.0/esp32/crtn.o] ==> [/home/coder/.espressif/tools/xtensa-esp-elf/esp-15.2.0_20251204/xtensa-esp-elf/lib/gcc/xtensa-esp-elf/15.2.0/esp32/crtn.o]
  collapse library dir [/home/coder/.espressif/tools/xtensa-esp-elf/esp-15.2.0_20251204/xtensa-esp-elf/bin/../lib/gcc/xtensa-esp-elf/15.2.0/esp32] ==> [/home/coder/.espressif/tools/xtensa-esp-elf/esp-15.2.0_20251204/xtensa-esp-elf/lib/gcc/xtensa-esp-elf/15.2.0/esp32]
  collapse library dir [/home/coder/.espressif/tools/xtensa-esp-elf/esp-15.2.0_20251204/xtensa-esp-elf/bin/../lib/gcc/xtensa-esp-elf/15.2.0/../../../../xtensa-esp-elf/lib/esp32] ==> [/home/coder/.espressif/tools/xtensa-esp-elf/esp-15.2.0_20251204/xtensa-esp-elf/xtensa-esp-elf/lib/esp32]
  collapse library dir [/home/coder/.espressif/tools/xtensa-esp-elf/esp-15.2.0_20251204/xtensa-esp-elf/bin/../xtensa-esp-elf/lib/esp32] ==> [/home/coder/.espressif/tools/xtensa-esp-elf/esp-15.2.0_20251204/xtensa-esp-elf/xtensa-esp-elf/lib/esp32]
  collapse library dir [/home/coder/.espressif/tools/xtensa-esp-elf/esp-15.2.0_20251204/xtensa-esp-elf/bin/../lib/gcc/xtensa-esp-elf/15.2.0] ==> [/home/coder/.espressif/tools/xtensa-esp-elf/esp-15.2.0_20251204/xtensa-esp-elf/lib/gcc/xtensa-esp-elf/15.2.0]
  collapse library dir [/home/coder/.espressif/tools/xtensa-esp-elf/esp-15.2.0_20251204/xtensa-esp-elf/bin/../lib/gcc] ==> [/home/coder/.espressif/tools/xtensa-esp-elf/esp-15.2.0_20251204/xtensa-esp-elf/lib/gcc]
  collapse library dir [/home/coder/.espressif/tools/xtensa-esp-elf/esp-15.2.0_20251204/xtensa-esp-elf/bin/../lib/gcc/xtensa-esp-elf/15.2.0/../../../../xtensa-esp-elf/lib] ==> [/home/coder/.espressif/tools/xtensa-esp-elf/esp-15.2.0_20251204/xtensa-esp-elf/xtensa-esp-elf/lib]
  collapse library dir [/home/coder/.espressif/tools/xtensa-esp-elf/esp-15.2.0_20251204/xtensa-esp-elf/bin/../xtensa-esp-elf/lib] ==> [/home/coder/.espressif/tools/xtensa-esp-elf/esp-15.2.0_20251204/xtensa-esp-elf/xtensa-esp-elf/lib]
  collapse library dir [/home/coder/.espressif/tools/xtensa-esp-elf/esp-15.2.0_20251204/xtensa-esp-elf/bin/../xtensa-esp-elf/usr/lib] ==> [/home/coder/.espressif/tools/xtensa-esp-elf/esp-15.2.0_20251204/xtensa-esp-elf/xtensa-esp-elf/usr/lib]
  implicit libs: [gcc;c;nosys;c;gcc]
  implicit objs: [/home/coder/.espressif/tools/xtensa-esp-elf/esp-15.2.0_20251204/xtensa-esp-elf/xtensa-esp-elf/lib/esp32/crt0.o;/home/coder/.espressif/tools/xtensa-esp-elf/esp-15.2.0_20251204/xtensa-esp-elf/lib/gcc/xtensa-esp-elf/15.2.0/esp32/crti.o;/home/coder/.espressif/tools/xtensa-esp-elf/esp-15.2.0_20251204/xtensa-esp-elf/lib/gcc/xtensa-esp-elf/15.2.0/esp32/crtbegin.o;/home/coder/.espressif/tools/xtensa-esp-elf/esp-15.2.0_20251204/xtensa-esp-elf/lib/gcc/xtensa-esp-elf/15.2.0/esp32/crtend.o;/home/coder/.espressif/tools/xtensa-esp-elf/esp-15.2.0_20251204/xtensa-esp-elf/lib/gcc/xtensa-esp-elf/15.2.0/esp32/crtn.o]
  implicit dirs: [/home/coder/.espressif/tools/xtensa-esp-elf/esp-15.2.0_20251204/xtensa-esp-elf/lib/gcc/xtensa-esp-elf/15.2.0/esp32;/home/coder/.espressif/tools/xtensa-esp-elf/esp-15.2.0_20251204/xtensa-esp-elf/xtensa-esp-elf/lib/esp32;/home/coder/.espressif/tools/xtensa-esp-elf/esp-15.2.0_20251204/xtensa-esp-elf/lib/gcc/xtensa-esp-elf/15.2.0;/home/coder/.espressif/tools/xtensa-esp-elf/esp-15.2.0_20251204/xtensa-esp-elf/lib/gcc;/home/coder/.espressif/tools/xtensa-esp-elf/esp-15.2.0_20251204/xtensa-esp-elf/xtensa-esp-elf/lib;/home/coder/.espressif/tools/xtensa-esp-elf/esp-15.2.0_20251204/xtensa-esp-elf/xtensa-esp-elf/usr/lib]
  implicit fwks: []


Detecting CXX compiler ABI info compiled with the following output:
Change Dir: /workspace/hello-wroom/build/bootloader/CMakeFiles/CMakeTmp

Run Build Command(s):/usr/bin/ninja cmTC_d3fa3 && [1/2] Building CXX object CMakeFiles/cmTC_d3fa3.dir/CMakeCXXCompilerABI.cpp.obj
Using built-in specs.
COLLECT_GCC=/home/coder/.espressif/tools/xtensa-esp-elf/esp-15.2.0_20251204/xtensa-esp-elf/bin/xtensa-esp-elf-g++
Target: xtensa-esp-elf
Configured with: /builds/idf/crosstool-NG/.build/xtensa-esp-elf/src/gcc/configure --build=x86_64-build_pc-linux-gnu --host=x86_64-build_pc-linux-gnu --target=xtensa-esp-elf --prefix=/builds/idf/crosstool-NG/builds/xtensa-esp-elf --exec_prefix=/builds/idf/crosstool-NG/builds/xtensa-esp-elf --with-local-prefix=/builds/idf/crosstool-NG/builds/xtensa-esp-elf/xtensa-esp-elf --with-sysroot=/builds/idf/crosstool-NG/builds/xtensa-esp-elf/xtensa-esp-elf --with-native-system-header-dir=/include --with-headers=/builds/idf/crosstool-NG/builds/xtensa-esp-elf/xtensa-esp-elf/include --with-newlib --enable-threads=no --disable-shared --with-pkgversion='crosstool-NG esp-15.2.0_20251204' --disable-__cxa_atexit --enable-cxx-flags='-ffunction-sections -fdata-sections' --disable-libgomp --disable-libmudflap --disable-libmpx --disable-libssp --disable-libquadmath --disable-libquadmath-support --disable-libstdcxx-verbose --with-gmp=/builds/idf/crosstool-NG/.build/xtensa-esp-elf/buildtools --with-mpfr=/builds/idf/crosstool-NG/.build/xtensa-esp-elf/buildtools --with-mpc=/builds/idf/crosstool-NG/.build/xtensa-esp-elf/buildtools --with-isl=/builds/idf/crosstool-NG/.build/xtensa-esp-elf/buildtools --enable-lto --enable-target-optspace --without-long-double-128 --enable-plugin --disable-nls --enable-multiarch --enable-languages=c,c++ --disable-libstdcxx-verbose --enable-threads=posix --enable-libstdcxx-time=yes --disable-win32-utf8-manifest
Thread model: posix
Supported LTO compression algorithms: zlib zstd
gcc version 15.2.0 (crosstool-NG esp-15.2.0_20251204) 
COLLECT_GCC_OPTIONS='-mdynconfig=xtensa_esp32.so' '-v' '-o' 'CMakeFiles/cmTC_d3fa3.dir/CMakeCXXCompilerABI.cpp.obj' '-c' '-dumpdir' 'CMakeFiles/cmTC_d3fa3.dir/'
 /home/coder/.espressif/tools/xtensa-esp-elf/esp-15.2.0_20251204/xtensa-esp-elf/bin/../libexec/gcc/xtensa-esp-elf/15.2.0/cc1plus -quiet -v -imultilib esp32 -iprefix /home/coder/.espressif/tools/xtensa-esp-elf/esp-15.2.0_20251204/xtensa-esp-elf/bin/../lib/gcc/xtensa-esp-elf/15.2.0/ -isysroot /home/coder/.espressif/tools/xtensa-esp-elf/esp-15.2.0_20251204/xtensa-esp-elf/bin/../xtensa-esp-elf /usr/share/cmake-3.22/Modules/CMakeCXXCompilerABI.cpp -quiet -dumpdir CMakeFiles/cmTC_d3fa3.dir/ -dumpbase CMakeCXXCompilerABI.cpp.cpp -dumpbase-ext .cpp -mdynconfig=xtensa_esp32.so -version -o /tmp/ccbtLg8q.s
GNU C++17 (crosstool-NG esp-15.2.0_20251204) version 15.2.0 (xtensa-esp-elf)
	compiled by GNU C version 6.3.0, GMP version 6.3.0, MPFR version 4.2.1, MPC version 1.3.1, isl version isl-0.26-GMP

GGC heuristics: --param ggc-min-expand=100 --param ggc-min-heapsize=131072
ignoring duplicate directory "/home/coder/.espressif/tools/xtensa-esp-elf/esp-15.2.0_20251204/xtensa-esp-elf/bin/../lib/gcc/../../lib/gcc/xtensa-esp-elf/15.2.0/../../../../xtensa-esp-elf/include/c++/15.2.0"
ignoring duplicate directory "/home/coder/.espressif/tools/xtensa-esp-elf/esp-15.2.0_20251204/xtensa-esp-elf/bin/../lib/gcc/../../lib/gcc/xtensa-esp-elf/15.2.0/../../../../xtensa-esp-elf/include/c++/15.2.0/xtensa-esp-elf/esp32"
ignoring duplicate directory "/home/coder/.espressif/tools/xtensa-esp-elf/esp-15.2.0_20251204/xtensa-esp-elf/bin/../lib/gcc/../../lib/gcc/xtensa-esp-elf/15.2.0/../../../../xtensa-esp-elf/include/c++/15.2.0/backward"
ignoring duplicate directory "/home/coder/.espressif/tools/xtensa-esp-elf/esp-15.2.0_20251204/xtensa-esp-elf/bin/../lib/gcc/../../lib/gcc/xtensa-esp-elf/15.2.0/include"
ignoring nonexistent directory "/home/coder/.espressif/tools/xtensa-esp-elf/esp-15.2.0_20251204/xtensa-esp-elf/bin/../xtensa-esp-elf/builds/idf/crosstool-NG/builds/xtensa-esp-elf/xtensa-esp-elf/include"
ignoring duplicate directory "/home/coder/.espressif/tools/xtensa-esp-elf/esp-15.2.0_20251204/xtensa-esp-elf/bin/../lib/gcc/../../lib/gcc/xtensa-esp-elf/15.2.0/include-fixed"
ignoring duplicate directory "/home/coder/.espressif/tools/xtensa-esp-elf/esp-15.2.0_20251204/xtensa-esp-elf/bin/../lib/gcc/../../lib/gcc/xtensa-esp-elf/15.2.0/../../../../xtensa-esp-elf/include"
ignoring duplicate directory "/home/coder/.espressif/tools/xtensa-esp-elf/esp-15.2.0_20251204/xtensa-esp-elf/bin/../xtensa-esp-elf/include"
#include "..." search starts here:
#include <...> search starts here:
 /home/coder/.espressif/tools/xtensa-esp-elf/esp-15.2.0_20251204/xtensa-esp-elf/bin/../lib/gcc/xtensa-esp-elf/15.2.0/../../../../xtensa-esp-elf/include/c++/15.2.0
 /home/coder/.espressif/tools/xtensa-esp-elf/esp-15.2.0_20251204/xtensa-esp-elf/bin/../lib/gcc/xtensa-esp-elf/15.2.0/../../../../xtensa-esp-elf/include/c++/15.2.0/xtensa-esp-elf/esp32
 /home/coder/.espressif/tools/xtensa-esp-elf/esp-15.2.0_20251204/xtensa-esp-elf/bin/../lib/gcc/xtensa-esp-elf/15.2.0/../../../../xtensa-esp-elf/include/c++/15.2.0/backward
 /home/coder/.espressif/tools/xtensa-esp-elf/esp-15.2.0_20251204/xtensa-esp-elf/bin/../lib/gcc/xtensa-esp-elf/15.2.0/include
 /home/coder/.espressif/tools/xtensa-esp-elf/esp-15.2.0_20251204/xtensa-esp-elf/bin/../lib/gcc/xtensa-esp-elf/15.2.0/include-fixed
 /home/coder/.espressif/tools/xtensa-esp-elf/esp-15.2.0_20251204/xtensa-esp-elf/bin/../lib/gcc/xtensa-esp-elf/15.2.0/../../../../xtensa-esp-elf/include
End of search list.
Compiler executable checksum: ddaf5163ec1d262ade9e7a5c85eeee1b
COLLECT_GCC_OPTIONS='-mdynconfig=xtensa_esp32.so' '-v' '-o' 'CMakeFiles/cmTC_d3fa3.dir/CMakeCXXCompilerABI.cpp.obj' '-c' '-dumpdir' 'CMakeFiles/cmTC_d3fa3.dir/'
 /home/coder/.espressif/tools/xtensa-esp-elf/esp-15.2.0_20251204/xtensa-esp-elf/bin/../lib/gcc/xtensa-esp-elf/15.2.0/../../../../xtensa-esp-elf/bin/as --traditional-format --dynconfig=xtensa_esp32.so -o CMakeFiles/cmTC_d3fa3.dir/CMakeCXXCompilerABI.cpp.obj /tmp/ccbtLg8q.s
COMPILER_PATH=/home/coder/.espressif/tools/xtensa-esp-elf/esp-15.2.0_20251204/xtensa-esp-elf/bin/../libexec/gcc/xtensa-esp-elf/15.2.0/:/home/coder/.espressif/tools/xtensa-esp-elf/esp-15.2.0_20251204/xtensa-esp-elf/bin/../libexec/gcc/:/home/coder/.espressif/tools/xtensa-esp-elf/esp-15.2.0_20251204/xtensa-esp-elf/bin/../lib/gcc/xtensa-esp-elf/15.2.0/../../../../xtensa-esp-elf/bin/
LIBRARY_PATH=/home/coder/.espressif/tools/xtensa-esp-elf/esp-15.2.0_20251204/xtensa-esp-elf/bin/../lib/gcc/xtensa-esp-elf/15.2.0/esp32/:/home/coder/.espressif/tools/xtensa-esp-elf/esp-15.2.0_20251204/xtensa-esp-elf/bin/../lib/gcc/xtensa-esp-elf/15.2.0/../../../../xtensa-esp-elf/lib/esp32/:/home/coder/.espressif/tools/xtensa-esp-elf/esp-15.2.0_20251204/xtensa-esp-elf/bin/../xtensa-esp-elf/lib/esp32/:/home/coder/.espressif/tools/xtensa-esp-elf/esp-15.2.0_20251204/xtensa-esp-elf/bin/../lib/gcc/xtensa-esp-elf/15.2.0/:/home/coder/.espressif/tools/xtensa-esp-elf/esp-15.2.0_20251204/xtensa-esp-elf/bin/../lib/gcc/:/home/coder/.espressif/tools/xtensa-esp-elf/esp-15.2.0_20251204/xtensa-esp-elf/bin/../lib/gcc/xtensa-esp-elf/15.2.0/../../../../xtensa-esp-elf/lib/:/home/coder/.espressif/tools/xtensa-esp-elf/esp-15.2.0_20251204/xtensa-esp-elf/bin/../xtensa-esp-elf/lib/:/home/coder/.espressif/tools/xtensa-esp-elf/esp-15.2.0_20251204/xtensa-esp-elf/bin/../xtensa-esp-elf/usr/lib/
COLLECT_GCC_OPTIONS='-mdynconfig=xtensa_esp32.so' '-v' '-o' 'CMakeFiles/cmTC_d3fa3.dir/CMakeCXXCompilerABI.cpp.obj' '-c' '-dumpdir' 'CMakeFiles/cmTC_d3fa3.dir/CMakeCXXCompilerABI.cpp.'
[2/2] Linking CXX executable cmTC_d3fa3
Using built-in specs.
COLLECT_GCC=/home/coder/.espressif/tools/xtensa-esp-elf/esp-15.2.0_20251204/xtensa-esp-elf/bin/xtensa-esp-elf-g++
COLLECT_LTO_WRAPPER=/home/coder/.espressif/tools/xtensa-esp-elf/esp-15.2.0_20251204/xtensa-esp-elf/bin/../libexec/gcc/xtensa-esp-elf/15.2.0/lto-wrapper
Target: xtensa-esp-elf
Configured with: /builds/idf/crosstool-NG/.build/xtensa-esp-elf/src/gcc/configure --build=x86_64-build_pc-linux-gnu --host=x86_64-build_pc-linux-gnu --target=xtensa-esp-elf --prefix=/builds/idf/crosstool-NG/builds/xtensa-esp-elf --exec_prefix=/builds/idf/crosstool-NG/builds/xtensa-esp-elf --with-local-prefix=/builds/idf/crosstool-NG/builds/xtensa-esp-elf/xtensa-esp-elf --with-sysroot=/builds/idf/crosstool-NG/builds/xtensa-esp-elf/xtensa-esp-elf --with-native-system-header-dir=/include --with-headers=/builds/idf/crosstool-NG/builds/xtensa-esp-elf/xtensa-esp-elf/include --with-newlib --enable-threads=no --disable-shared --with-pkgversion='crosstool-NG esp-15.2.0_20251204' --disable-__cxa_atexit --enable-cxx-flags='-ffunction-sections -fdata-sections' --disable-libgomp --disable-libmudflap --disable-libmpx --disable-libssp --disable-libquadmath --disable-libquadmath-support --disable-libstdcxx-verbose --with-gmp=/builds/idf/crosstool-NG/.build/xtensa-esp-elf/buildtools --with-mpfr=/builds/idf/crosstool-NG/.build/xtensa-esp-elf/buildtools --with-mpc=/builds/idf/crosstool-NG/.build/xtensa-esp-elf/buildtools --with-isl=/builds/idf/crosstool-NG/.build/xtensa-esp-elf/buildtools --enable-lto --enable-target-optspace --without-long-double-128 --enable-plugin --disable-nls --enable-multiarch --enable-languages=c,c++ --disable-libstdcxx-verbose --enable-threads=posix --enable-libstdcxx-time=yes --disable-win32-utf8-manifest
Thread model: posix
Supported LTO compression algorithms: zlib zstd
gcc version 15.2.0 (crosstool-NG esp-15.2.0_20251204) 
COMPILER_PATH=/home/coder/.espressif/tools/xtensa-esp-elf/esp-15.2.0_20251204/xtensa-esp-elf/bin/../libexec/gcc/xtensa-esp-elf/15.2.0/:/home/coder/.espressif/tools/xtensa-esp-elf/esp-15.2.0_20251204/xtensa-esp-elf/bin/../libexec/gcc/:/home/coder/.espressif/tools/xtensa-esp-elf/esp-15.2.0_20251204/xtensa-esp-elf/bin/../lib/gcc/xtensa-esp-elf/15.2.0/../../../../xtensa-esp-elf/bin/
LIBRARY_PATH=/home/coder/.espressif/tools/xtensa-esp-elf/esp-15.2.0_20251204/xtensa-esp-elf/bin/../lib/gcc/xtensa-esp-elf/15.2.0/esp32/:/home/coder/.espressif/tools/xtensa-esp-elf/esp-15.2.0_20251204/xtensa-esp-elf/bin/../lib/gcc/xtensa-esp-elf/15.2.0/../../../../xtensa-esp-elf/lib/esp32/:/home/coder/.espressif/tools/xtensa-esp-elf/esp-15.2.0_20251204/xtensa-esp-elf/bin/../xtensa-esp-elf/lib/esp32/:/home/coder/.espressif/tools/xtensa-esp-elf/esp-15.2.0_20251204/xtensa-esp-elf/bin/../lib/gcc/xtensa-esp-elf/15.2.0/:/home/coder/.espressif/tools/xtensa-esp-elf/esp-15.2.0_20251204/xtensa-esp-elf/bin/../lib/gcc/:/home/coder/.espressif/tools/xtensa-esp-elf/esp-15.2.0_20251204/xtensa-esp-elf/bin/../lib/gcc/xtensa-esp-elf/15.2.0/../../../../xtensa-esp-elf/lib/:/home/coder/.espressif/tools/xtensa-esp-elf/esp-15.2.0_20251204/xtensa-esp-elf/bin/../xtensa-esp-elf/lib/:/home/coder/.espressif/tools/xtensa-esp-elf/esp-15.2.0_20251204/xtensa-esp-elf/bin/../xtensa-esp-elf/usr/lib/
COLLECT_GCC_OPTIONS='-mdynconfig=xtensa_esp32.so' '-v' '-o' 'cmTC_d3fa3' '-dumpdir' 'cmTC_d3fa3.'
 /home/coder/.espressif/tools/xtensa-esp-elf/esp-15.2.0_20251204/xtensa-esp-elf/bin/../libexec/gcc/xtensa-esp-elf/15.2.0/collect2 -plugin /home/coder/.espressif/tools/xtensa-esp-elf/esp-15.2.0_20251204/xtensa-esp-elf/bin/../libexec/gcc/xtensa-esp-elf/15.2.0/liblto_plugin.so -plugin-opt=/home/coder/.espressif/tools/xtensa-esp-elf/esp-15.2.0_20251204/xtensa-esp-elf/bin/../libexec/gcc/xtensa-esp-elf/15.2.0/lto-wrapper -plugin-opt=-fresolution=/tmp/ccouxGvI.res -plugin-opt=-pass-through=-lgcc -plugin-opt=-pass-through=-lc -plugin-opt=-pass-through=-lnosys -plugin-opt=-pass-through=-lc -plugin-opt=-pass-through=-lgcc --sysroot=/home/coder/.espressif/tools/xtensa-esp-elf/esp-15.2.0_20251204/xtensa-esp-elf/bin/../xtensa-esp-elf --dynconfig=xtensa_esp32.so -o cmTC_d3fa3 /home/coder/.espressif/tools/xtensa-esp-elf/esp-15.2.0_20251204/xtensa-esp-elf/bin/../lib/gcc/xtensa-esp-elf/15.2.0/../../../../xtensa-esp-elf/lib/esp32/crt0.o /home/coder/.espressif/tools/xtensa-esp-elf/esp-15.2.0_20251204/xtensa-esp-elf/bin/../lib/gcc/xtensa-esp-elf/15.2.0/esp32/crti.o /home/coder/.espressif/tools/xtensa-esp-elf/esp-15.2.0_20251204/xtensa-esp-elf/bin/../lib/gcc/xtensa-esp-elf/15.2.0/esp32/crtbegin.o -L/home/coder/.espressif/tools/xtensa-esp-elf/esp-15.2.0_20251204/xtensa-esp-elf/bin/../lib/gcc/xtensa-esp-elf/15.2.0/esp32 -L/home/coder/.espressif/tools/xtensa-esp-elf/esp-15.2.0_20251204/xtensa-esp-elf/bin/../lib/gcc/xtensa-esp-elf/15.2.0/../../../../xtensa-esp-elf/lib/esp32 -L/home/coder/.espressif/tools/xtensa-esp-elf/esp-15.2.0_20251204/xtensa-esp-elf/bin/../xtensa-esp-elf/lib/esp32 -L/home/coder/.espressif/tools/xtensa-esp-elf/esp-15.2.0_20251204/xtensa-esp-elf/bin/../lib/gcc/xtensa-esp-elf/15.2.0 -L/home/coder/.espressif/tools/xtensa-esp-elf/esp-15.2.0_20251204/xtensa-esp-elf/bin/../lib/gcc -L/home/coder/.espressif/tools/xtensa-esp-elf/esp-15.2.0_20251204/xtensa-esp-elf/bin/../lib/gcc/xtensa-esp-elf/15.2.0/../../../../xtensa-esp-elf/lib -L/home/coder/.espressif/tools/xtensa-esp-elf/esp-15.2.0_20251204/xtensa-esp-elf/bin/../xtensa-esp-elf/lib -L/home/coder/.espressif/tools/xtensa-esp-elf/esp-15.2.0_20251204/xtensa-esp-elf/bin/../xtensa-esp-elf/usr/lib @/tmp/ccv5DmOe -lgcc -lc -lnosys -lc -lgcc /home/coder/.espressif/tools/xtensa-esp-elf/esp-15.2.0_20251204/xtensa-esp-elf/bin/../lib/gcc/xtensa-esp-elf/15.2.0/esp32/crtend.o /home/coder/.espressif/tools/xtensa-esp-elf/esp-15.2.0_20251204/xtensa-esp-elf/bin/../lib/gcc/xtensa-esp-elf/15.2.0/esp32/crtn.o
COLLECT_GCC_OPTIONS='-mdynconfig=xtensa_esp32.so' '-v' '-o' 'cmTC_d3fa3' '-dumpdir' 'cmTC_d3fa3.'



Parsed CXX implicit include dir info from above output: rv=done
  found start of include info
  found start of implicit include info
    add: [/home/coder/.espressif/tools/xtensa-esp-elf/esp-15.2.0_20251204/xtensa-esp-elf/bin/../lib/gcc/xtensa-esp-elf/15.2.0/../../../../xtensa-esp-elf/include/c++/15.2.0]
    add: [/home/coder/.espressif/tools/xtensa-esp-elf/esp-15.2.0_20251204/xtensa-esp-elf/bin/../lib/gcc/xtensa-esp-elf/15.2.0/../../../../xtensa-esp-elf/include/c++/15.2.0/xtensa-esp-elf/esp32]
    add: [/home/coder/.espressif/tools/xtensa-esp-elf/esp-15.2.0_20251204/xtensa-esp-elf/bin/../lib/gcc/xtensa-esp-elf/15.2.0/../../../../xtensa-esp-elf/include/c++/15.2.0/backward]
    add: [/home/coder/.espressif/tools/xtensa-esp-elf/esp-15.2.0_20251204/xtensa-esp-elf/bin/../lib/gcc/xtensa-esp-elf/15.2.0/include]
    add: [/home/coder/.espressif/tools/xtensa-esp-elf/esp-15.2.0_20251204/xtensa-esp-elf/bin/../lib/gcc/xtensa-esp-elf/15.2.0/include-fixed]
    add: [/home/coder/.espressif/tools/xtensa-esp-elf/esp-15.2.0_20251204/xtensa-esp-elf/bin/../lib/gcc/xtensa-esp-elf/15.2.0/../../../../xtensa-esp-elf/include]
  end of search list found
  collapse include dir [/home/coder/.espressif/tools/xtensa-esp-elf/esp-15.2.0_20251204/xtensa-esp-elf/bin/../lib/gcc/xtensa-esp-elf/15.2.0/../../../../xtensa-esp-elf/include/c++/15.2.0] ==> [/home/coder/.espressif/tools/xtensa-esp-elf/esp-15.2.0_20251204/xtensa-esp-elf/xtensa-esp-elf/include/c++/15.2.0]
  collapse include dir [/home/coder/.espressif/tools/xtensa-esp-elf/esp-15.2.0_20251204/xtensa-esp-elf/bin/../lib/gcc/xtensa-esp-elf/15.2.0/../../../../xtensa-esp-elf/include/c++/15.2.0/xtensa-esp-elf/esp32] ==> [/home/coder/.espressif/tools/xtensa-esp-elf/esp-15.2.0_20251204/xtensa-esp-elf/xtensa-esp-elf/include/c++/15.2.0/xtensa-esp-elf/esp32]
  collapse include dir [/home/coder/.espressif/tools/xtensa-esp-elf/esp-15.2.0_20251204/xtensa-esp-elf/bin/../lib/gcc/xtensa-esp-elf/15.2.0/../../../../xtensa-esp-elf/include/c++/15.2.0/backward] ==> [/home/coder/.espressif/tools/xtensa-esp-elf/esp-15.2.0_20251204/xtensa-esp-elf/xtensa-esp-elf/include/c++/15.2.0/backward]
  collapse include dir [/home/coder/.espressif/tools/xtensa-esp-elf/esp-15.2.0_20251204/xtensa-esp-elf/bin/../lib/gcc/xtensa-esp-elf/15.2.0/include] ==> [/home/coder/.espressif/tools/xtensa-esp-elf/esp-15.2.0_20251204/xtensa-esp-elf/lib/gcc/xtensa-esp-elf/15.2.0/include]
  collapse include dir [/home/coder/.espressif/tools/xtensa-esp-elf/esp-15.2.0_20251204/xtensa-esp-elf/bin/../lib/gcc/xtensa-esp-elf/15.2.0/include-fixed] ==> [/home/coder/.espressif/tools/xtensa-esp-elf/esp-15.2.0_20251204/xtensa-esp-elf/lib/gcc/xtensa-esp-elf/15.2.0/include-fixed]
  collapse include dir [/home/coder/.espressif/tools/xtensa-esp-elf/esp-15.2.0_20251204/xtensa-esp-elf/bin/../lib/gcc/xtensa-esp-elf/15.2.0/../../../../xtensa-esp-elf/include] ==> [/home/coder/.espressif/tools/xtensa-esp-elf/esp-15.2.0_20251204/xtensa-esp-elf/xtensa-esp-elf/include]
  implicit include dirs: [/home/coder/.espressif/tools/xtensa-esp-elf/esp-15.2.0_20251204/xtensa-esp-elf/xtensa-esp-elf/include/c++/15.2.0;/home/coder/.espressif/tools/xtensa-esp-elf/esp-15.2.0_20251204/xtensa-esp-elf/xtensa-esp-elf/include/c++/15.2.0/xtensa-esp-elf/esp32;/home/coder/.espressif/tools/xtensa-esp-elf/esp-15.2.0_20251204/xtensa-esp-elf/xtensa-esp-elf/include/c++/15.2.0/backward;/home/coder/.espressif/tools/xtensa-esp-elf/esp-15.2.0_20251204/xtensa-esp-elf/lib/gcc/xtensa-esp-elf/15.2.0/include;/home/coder/.espressif/tools/xtensa-esp-elf/esp-15.2.0_20251204/xtensa-esp-elf/lib/gcc/xtensa-esp-elf/15.2.0/include-fixed;/home/coder/.espressif/tools/xtensa-esp-elf/esp-15.2.0_20251204/xtensa-esp-elf/xtensa-esp-elf/include]


Parsed CXX implicit link information from above output:
  link line regex: [^( *|.*[/\])(xtensa-esp32-elf-ld|CMAKE_LINK_STARTFILE-NOTFOUND|([^/\]+-)?ld|collect2)[^/\]*( |$)]
  ignore line: [Change Dir: /workspace/hello-wroom/build/bootloader/CMakeFiles/CMakeTmp]
  ignore line: []
  ignore line: [Run Build Command(s):/usr/bin/ninja cmTC_d3fa3 && [1/2] Building CXX object CMakeFiles/cmTC_d3fa3.dir/CMakeCXXCompilerABI.cpp.obj]
  ignore line: [Using built-in specs.]
  ignore line: [COLLECT_GCC=/home/coder/.espressif/tools/xtensa-esp-elf/esp-15.2.0_20251204/xtensa-esp-elf/bin/xtensa-esp-elf-g++]
  ignore line: [Target: xtensa-esp-elf]
  ignore line: [Configured with: /builds/idf/crosstool-NG/.build/xtensa-esp-elf/src/gcc/configure --build=x86_64-build_pc-linux-gnu --host=x86_64-build_pc-linux-gnu --target=xtensa-esp-elf --prefix=/builds/idf/crosstool-NG/builds/xtensa-esp-elf --exec_prefix=/builds/idf/crosstool-NG/builds/xtensa-esp-elf --with-local-prefix=/builds/idf/crosstool-NG/builds/xtensa-esp-elf/xtensa-esp-elf --with-sysroot=/builds/idf/crosstool-NG/builds/xtensa-esp-elf/xtensa-esp-elf --with-native-system-header-dir=/include --with-headers=/builds/idf/crosstool-NG/builds/xtensa-esp-elf/xtensa-esp-elf/include --with-newlib --enable-threads=no --disable-shared --with-pkgversion='crosstool-NG esp-15.2.0_20251204' --disable-__cxa_atexit --enable-cxx-flags='-ffunction-sections -fdata-sections' --disable-libgomp --disable-libmudflap --disable-libmpx --disable-libssp --disable-libquadmath --disable-libquadmath-support --disable-libstdcxx-verbose --with-gmp=/builds/idf/crosstool-NG/.build/xtensa-esp-elf/buildtools --with-mpfr=/builds/idf/crosstool-NG/.build/xtensa-esp-elf/buildtools --with-mpc=/builds/idf/crosstool-NG/.build/xtensa-esp-elf/buildtools --with-isl=/builds/idf/crosstool-NG/.build/xtensa-esp-elf/buildtools --enable-lto --enable-target-optspace --without-long-double-128 --enable-plugin --disable-nls --enable-multiarch --enable-languages=c c++ --disable-libstdcxx-verbose --enable-threads=posix --enable-libstdcxx-time=yes --disable-win32-utf8-manifest]
  ignore line: [Thread model: posix]
  ignore line: [Supported LTO compression algorithms: zlib zstd]
  ignore line: [gcc version 15.2.0 (crosstool-NG esp-15.2.0_20251204) ]
  ignore line: [COLLECT_GCC_OPTIONS='-mdynconfig=xtensa_esp32.so' '-v' '-o' 'CMakeFiles/cmTC_d3fa3.dir/CMakeCXXCompilerABI.cpp.obj' '-c' '-dumpdir' 'CMakeFiles/cmTC_d3fa3.dir/']
  ignore line: [ /home/coder/.espressif/tools/xtensa-esp-elf/esp-15.2.0_20251204/xtensa-esp-elf/bin/../libexec/gcc/xtensa-esp-elf/15.2.0/cc1plus -quiet -v -imultilib esp32 -iprefix /home/coder/.espressif/tools/xtensa-esp-elf/esp-15.2.0_20251204/xtensa-esp-elf/bin/../lib/gcc/xtensa-esp-elf/15.2.0/ -isysroot /home/coder/.espressif/tools/xtensa-esp-elf/esp-15.2.0_20251204/xtensa-esp-elf/bin/../xtensa-esp-elf /usr/share/cmake-3.22/Modules/CMakeCXXCompilerABI.cpp -quiet -dumpdir CMakeFiles/cmTC_d3fa3.dir/ -dumpbase CMakeCXXCompilerABI.cpp.cpp -dumpbase-ext .cpp -mdynconfig=xtensa_esp32.so -version -o /tmp/ccbtLg8q.s]
  ignore line: [GNU C++17 (crosstool-NG esp-15.2.0_20251204) version 15.2.0 (xtensa-esp-elf)]
  ignore line: [	compiled by GNU C version 6.3.0  GMP version 6.3.0  MPFR version 4.2.1  MPC version 1.3.1  isl version isl-0.26-GMP]
  ignore line: []
  ignore line: [GGC heuristics: --param ggc-min-expand=100 --param ggc-min-heapsize=131072]
  ignore line: [ignoring duplicate directory "/home/coder/.espressif/tools/xtensa-esp-elf/esp-15.2.0_20251204/xtensa-esp-elf/bin/../lib/gcc/../../lib/gcc/xtensa-esp-elf/15.2.0/../../../../xtensa-esp-elf/include/c++/15.2.0"]
  ignore line: [ignoring duplicate directory "/home/coder/.espressif/tools/xtensa-esp-elf/esp-15.2.0_20251204/xtensa-esp-elf/bin/../lib/gcc/../../lib/gcc/xtensa-esp-elf/15.2.0/../../../../xtensa-esp-elf/include/c++/15.2.0/xtensa-esp-elf/esp32"]
  ignore line: [ignoring duplicate directory "/home/coder/.espressif/tools/xtensa-esp-elf/esp-15.2.0_20251204/xtensa-esp-elf/bin/../lib/gcc/../../lib/gcc/xtensa-esp-elf/15.2.0/../../../../xtensa-esp-elf/include/c++/15.2.0/backward"]
  ignore line: [ignoring duplicate directory "/home/coder/.espressif/tools/xtensa-esp-elf/esp-15.2.0_20251204/xtensa-esp-elf/bin/../lib/gcc/../../lib/gcc/xtensa-esp-elf/15.2.0/include"]
  ignore line: [ignoring nonexistent directory "/home/coder/.espressif/tools/xtensa-esp-elf/esp-15.2.0_20251204/xtensa-esp-elf/bin/../xtensa-esp-elf/builds/idf/crosstool-NG/builds/xtensa-esp-elf/xtensa-esp-elf/include"]
  ignore line: [ignoring duplicate directory "/home/coder/.espressif/tools/xtensa-esp-elf/esp-15.2.0_20251204/xtensa-esp-elf/bin/../lib/gcc/../../lib/gcc/xtensa-esp-elf/15.2.0/include-fixed"]
  ignore line: [ignoring duplicate directory "/home/coder/.espressif/tools/xtensa-esp-elf/esp-15.2.0_20251204/xtensa-esp-elf/bin/../lib/gcc/../../lib/gcc/xtensa-esp-elf/15.2.0/../../../../xtensa-esp-elf/include"]
  ignore line: [ignoring duplicate directory "/home/coder/.espressif/tools/xtensa-esp-elf/esp-15.2.0_20251204/xtensa-esp-elf/bin/../xtensa-esp-elf/include"]
  ignore line: [#include "..." search starts here:]
  ignore line: [#include <...> search starts here:]
  ignore line: [ /home/coder/.espressif/tools/xtensa-esp-elf/esp-15.2.0_20251204/xtensa-esp-elf/bin/../lib/gcc/xtensa-esp-elf/15.2.0/../../../../xtensa-esp-elf/include/c++/15.2.0]
  ignore line: [ /home/coder/.espressif/tools/xtensa-esp-elf/esp-15.2.0_20251204/xtensa-esp-elf/bin/../lib/gcc/xtensa-esp-elf/15.2.0/../../../../xtensa-esp-elf/include/c++/15.2.0/xtensa-esp-elf/esp32]
  ignore line: [ /home/coder/.espressif/tools/xtensa-esp-elf/esp-15.2.0_20251204/xtensa-esp-elf/bin/../lib/gcc/xtensa-esp-elf/15.2.0/../../../../xtensa-esp-elf/include/c++/15.2.0/backward]
  ignore line: [ /home/coder/.espressif/tools/xtensa-esp-elf/esp-15.2.0_20251204/xtensa-esp-elf/bin/../lib/gcc/xtensa-esp-elf/15.2.0/include]
  ignore line: [ /home/coder/.espressif/tools/xtensa-esp-elf/esp-15.2.0_20251204/xtensa-esp-elf/bin/../lib/gcc/xtensa-esp-elf/15.2.0/include-fixed]
  ignore line: [ /home/coder/.espressif/tools/xtensa-esp-elf/esp-15.2.0_20251204/xtensa-esp-elf/bin/../lib/gcc/xtensa-esp-elf/15.2.0/../../../../xtensa-esp-elf/include]
  ignore line: [End of search list.]
  ignore line: [Compiler executable checksum: ddaf5163ec1d262ade9e7a5c85eeee1b]
  ignore line: [COLLECT_GCC_OPTIONS='-mdynconfig=xtensa_esp32.so' '-v' '-o' 'CMakeFiles/cmTC_d3fa3.dir/CMakeCXXCompilerABI.cpp.obj' '-c' '-dumpdir' 'CMakeFiles/cmTC_d3fa3.dir/']
  ignore line: [ /home/coder/.espressif/tools/xtensa-esp-elf/esp-15.2.0_20251204/xtensa-esp-elf/bin/../lib/gcc/xtensa-esp-elf/15.2.0/../../../../xtensa-esp-elf/bin/as --traditional-format --dynconfig=xtensa_esp32.so -o CMakeFiles/cmTC_d3fa3.dir/CMakeCXXCompilerABI.cpp.obj /tmp/ccbtLg8q.s]
  ignore line: [COMPILER_PATH=/home/coder/.espressif/tools/xtensa-esp-elf/esp-15.2.0_20251204/xtensa-esp-elf/bin/../libexec/gcc/xtensa-esp-elf/15.2.0/:/home/coder/.espressif/tools/xtensa-esp-elf/esp-15.2.0_20251204/xtensa-esp-elf/bin/../libexec/gcc/:/home/coder/.espressif/tools/xtensa-esp-elf/esp-15.2.0_20251204/xtensa-esp-elf/bin/../lib/gcc/xtensa-esp-elf/15.2.0/../../../../xtensa-esp-elf/bin/]
  ignore line: [LIBRARY_PATH=/home/coder/.espressif/tools/xtensa-esp-elf/esp-15.2.0_20251204/xtensa-esp-elf/bin/../lib/gcc/xtensa-esp-elf/15.2.0/esp32/:/home/coder/.espressif/tools/xtensa-esp-elf/esp-15.2.0_20251204/xtensa-esp-elf/bin/../lib/gcc/xtensa-esp-elf/15.2.0/../../../../xtensa-esp-elf/lib/esp32/:/home/coder/.espressif/tools/xtensa-esp-elf/esp-15.2.0_20251204/xtensa-esp-elf/bin/../xtensa-esp-elf/lib/esp32/:/home/coder/.espressif/tools/xtensa-esp-elf/esp-15.2.0_20251204/xtensa-esp-elf/bin/../lib/gcc/xtensa-esp-elf/15.2.0/:/home/coder/.espressif/tools/xtensa-esp-elf/esp-15.2.0_20251204/xtensa-esp-elf/bin/../lib/gcc/:/home/coder/.espressif/tools/xtensa-esp-elf/esp-15.2.0_20251204/xtensa-esp-elf/bin/../lib/gcc/xtensa-esp-elf/15.2.0/../../../../xtensa-esp-elf/lib/:/home/coder/.espressif/tools/xtensa-esp-elf/esp-15.2.0_20251204/xtensa-esp-elf/bin/../xtensa-esp-elf/lib/:/home/coder/.espressif/tools/xtensa-esp-elf/esp-15.2.0_20251204/xtensa-esp-elf/bin/../xtensa-esp-elf/usr/lib/]
  ignore line: [COLLECT_GCC_OPTIONS='-mdynconfig=xtensa_esp32.so' '-v' '-o' 'CMakeFiles/cmTC_d3fa3.dir/CMakeCXXCompilerABI.cpp.obj' '-c' '-dumpdir' 'CMakeFiles/cmTC_d3fa3.dir/CMakeCXXCompilerABI.cpp.']
  ignore line: [[2/2] Linking CXX executable cmTC_d3fa3]
  ignore line: [Using built-in specs.]
  ignore line: [COLLECT_GCC=/home/coder/.espressif/tools/xtensa-esp-elf/esp-15.2.0_20251204/xtensa-esp-elf/bin/xtensa-esp-elf-g++]
  ignore line: [COLLECT_LTO_WRAPPER=/home/coder/.espressif/tools/xtensa-esp-elf/esp-15.2.0_20251204/xtensa-esp-elf/bin/../libexec/gcc/xtensa-esp-elf/15.2.0/lto-wrapper]
  ignore line: [Target: xtensa-esp-elf]
  ignore line: [Configured with: /builds/idf/crosstool-NG/.build/xtensa-esp-elf/src/gcc/configure --build=x86_64-build_pc-linux-gnu --host=x86_64-build_pc-linux-gnu --target=xtensa-esp-elf --prefix=/builds/idf/crosstool-NG/builds/xtensa-esp-elf --exec_prefix=/builds/idf/crosstool-NG/builds/xtensa-esp-elf --with-local-prefix=/builds/idf/crosstool-NG/builds/xtensa-esp-elf/xtensa-esp-elf --with-sysroot=/builds/idf/crosstool-NG/builds/xtensa-esp-elf/xtensa-esp-elf --with-native-system-header-dir=/include --with-headers=/builds/idf/crosstool-NG/builds/xtensa-esp-elf/xtensa-esp-elf/include --with-newlib --enable-threads=no --disable-shared --with-pkgversion='crosstool-NG esp-15.2.0_20251204' --disable-__cxa_atexit --enable-cxx-flags='-ffunction-sections -fdata-sections' --disable-libgomp --disable-libmudflap --disable-libmpx --disable-libssp --disable-libquadmath --disable-libquadmath-support --disable-libstdcxx-verbose --with-gmp=/builds/idf/crosstool-NG/.build/xtensa-esp-elf/buildtools --with-mpfr=/builds/idf/crosstool-NG/.build/xtensa-esp-elf/buildtools --with-mpc=/builds/idf/crosstool-NG/.build/xtensa-esp-elf/buildtools --with-isl=/builds/idf/crosstool-NG/.build/xtensa-esp-elf/buildtools --enable-lto --enable-target-optspace --without-long-double-128 --enable-plugin --disable-nls --enable-multiarch --enable-languages=c c++ --disable-libstdcxx-verbose --enable-threads=posix --enable-libstdcxx-time=yes --disable-win32-utf8-manifest]
  ignore line: [Thread model: posix]
  ignore line: [Supported LTO compression algorithms: zlib zstd]
  ignore line: [gcc version 15.2.0 (crosstool-NG esp-15.2.0_20251204) ]
  ignore line: [COMPILER_PATH=/home/coder/.espressif/tools/xtensa-esp-elf/esp-15.2.0_20251204/xtensa-esp-elf/bin/../libexec/gcc/xtensa-esp-elf/15.2.0/:/home/coder/.espressif/tools/xtensa-esp-elf/esp-15.2.0_20251204/xtensa-esp-elf/bin/../libexec/gcc/:/home/coder/.espressif/tools/xtensa-esp-elf/esp-15.2.0_20251204/xtensa-esp-elf/bin/../lib/gcc/xtensa-esp-elf/15.2.0/../../../../xtensa-esp-elf/bin/]
  ignore line: [LIBRARY_PATH=/home/coder/.espressif/tools/xtensa-esp-elf/esp-15.2.0_20251204/xtensa-esp-elf/bin/../lib/gcc/xtensa-esp-elf/15.2.0/esp32/:/home/coder/.espressif/tools/xtensa-esp-elf/esp-15.2.0_20251204/xtensa-esp-elf/bin/../lib/gcc/xtensa-esp-elf/15.2.0/../../../../xtensa-esp-elf/lib/esp32/:/home/coder/.espressif/tools/xtensa-esp-elf/esp-15.2.0_20251204/xtensa-esp-elf/bin/../xtensa-esp-elf/lib/esp32/:/home/coder/.espressif/tools/xtensa-esp-elf/esp-15.2.0_20251204/xtensa-esp-elf/bin/../lib/gcc/xtensa-esp-elf/15.2.0/:/home/coder/.espressif/tools/xtensa-esp-elf/esp-15.2.0_20251204/xtensa-esp-elf/bin/../lib/gcc/:/home/coder/.espressif/tools/xtensa-esp-elf/esp-15.2.0_20251204/xtensa-esp-elf/bin/../lib/gcc/xtensa-esp-elf/15.2.0/../../../../xtensa-esp-elf/lib/:/home/coder/.espressif/tools/xtensa-esp-elf/esp-15.2.0_20251204/xtensa-esp-elf/bin/../xtensa-esp-elf/lib/:/home/coder/.espressif/tools/xtensa-esp-elf/esp-15.2.0_20251204/xtensa-esp-elf/bin/../xtensa-esp-elf/usr/lib/]
  ignore line: [COLLECT_GCC_OPTIONS='-mdynconfig=xtensa_esp32.so' '-v' '-o' 'cmTC_d3fa3' '-dumpdir' 'cmTC_d3fa3.']
  link line: [ /home/coder/.espressif/tools/xtensa-esp-elf/esp-15.2.0_20251204/xtensa-esp-elf/bin/../libexec/gcc/xtensa-esp-elf/15.2.0/collect2 -plugin /home/coder/.espressif/tools/xtensa-esp-elf/esp-15.2.0_20251204/xtensa-esp-elf/bin/../libexec/gcc/xtensa-esp-elf/15.2.0/liblto_plugin.so -plugin-opt=/home/coder/.espressif/tools/xtensa-esp-elf/esp-15.2.0_20251204/xtensa-esp-elf/bin/../libexec/gcc/xtensa-esp-elf/15.2.0/lto-wrapper -plugin-opt=-fresolution=/tmp/ccouxGvI.res -plugin-opt=-pass-through=-lgcc -plugin-opt=-pass-through=-lc -plugin-opt=-pass-through=-lnosys -plugin-opt=-pass-through=-lc -plugin-opt=-pass-through=-lgcc --sysroot=/home/coder/.espressif/tools/xtensa-esp-elf/esp-15.2.0_20251204/xtensa-esp-elf/bin/../xtensa-esp-elf --dynconfig=xtensa_esp32.so -o cmTC_d3fa3 /home/coder/.espressif/tools/xtensa-esp-elf/esp-15.2.0_20251204/xtensa-esp-elf/bin/../lib/gcc/xtensa-esp-elf/15.2.0/../../../../xtensa-esp-elf/lib/esp32/crt0.o /home/coder/.espressif/tools/xtensa-esp-elf/esp-15.2.0_20251204/xtensa-esp-elf/bin/../lib/gcc/xtensa-esp-elf/15.2.0/esp32/crti.o /home/coder/.espressif/tools/xtensa-esp-elf/esp-15.2.0_20251204/xtensa-esp-elf/bin/../lib/gcc/xtensa-esp-elf/15.2.0/esp32/crtbegin.o -L/home/coder/.espressif/tools/xtensa-esp-elf/esp-15.2.0_20251204/xtensa-esp-elf/bin/../lib/gcc/xtensa-esp-elf/15.2.0/esp32 -L/home/coder/.espressif/tools/xtensa-esp-elf/esp-15.2.0_20251204/xtensa-esp-elf/bin/../lib/gcc/xtensa-esp-elf/15.2.0/../../../../xtensa-esp-elf/lib/esp32 -L/home/coder/.espressif/tools/xtensa-esp-elf/esp-15.2.0_20251204/xtensa-esp-elf/bin/../xtensa-esp-elf/lib/esp32 -L/home/coder/.espressif/tools/xtensa-esp-elf/esp-15.2.0_20251204/xtensa-esp-elf/bin/../lib/gcc/xtensa-esp-elf/15.2.0 -L/home/coder/.espressif/tools/xtensa-esp-elf/esp-15.2.0_20251204/xtensa-esp-elf/bin/../lib/gcc -L/home/coder/.espressif/tools/xtensa-esp-elf/esp-15.2.0_20251204/xtensa-esp-elf/bin/../lib/gcc/xtensa-esp-elf/15.2.0/../../../../xtensa-esp-elf/lib -L/home/coder/.espressif/tools/xtensa-esp-elf/esp-15.2.0_20251204/xtensa-esp-elf/bin/../xtensa-esp-elf/lib -L/home/coder/.espressif/tools/xtensa-esp-elf/esp-15.2.0_20251204/xtensa-esp-elf/bin/../xtensa-esp-elf/usr/lib @/tmp/ccv5DmOe -lgcc -lc -lnosys -lc -lgcc /home/coder/.espressif/tools/xtensa-esp-elf/esp-15.2.0_20251204/xtensa-esp-elf/bin/../lib/gcc/xtensa-esp-elf/15.2.0/esp32/crtend.o /home/coder/.espressif/tools/xtensa-esp-elf/esp-15.2.0_20251204/xtensa-esp-elf/bin/../lib/gcc/xtensa-esp-elf/15.2.0/esp32/crtn.o]
    arg [/home/coder/.espressif/tools/xtensa-esp-elf/esp-15.2.0_20251204/xtensa-esp-elf/bin/../libexec/gcc/xtensa-esp-elf/15.2.0/collect2] ==> ignore
    arg [-plugin] ==> ignore
    arg [/home/coder/.espressif/tools/xtensa-esp-elf/esp-15.2.0_20251204/xtensa-esp-elf/bin/../libexec/gcc/xtensa-esp-elf/15.2.0/liblto_plugin.so] ==> ignore
    arg [-plugin-opt=/home/coder/.espressif/tools/xtensa-esp-elf/esp-15.2.0_20251204/xtensa-esp-elf/bin/../libexec/gcc/xtensa-esp-elf/15.2.0/lto-wrapper] ==> ignore
    arg [-plugin-opt=-fresolution=/tmp/ccouxGvI.res] ==> ignore
    arg [-plugin-opt=-pass-through=-lgcc] ==> ignore
    arg [-plugin-opt=-pass-through=-lc] ==> ignore
    arg [-plugin-opt=-pass-through=-lnosys] ==> ignore
    arg [-plugin-opt=-pass-through=-lc] ==> ignore
    arg [-plugin-opt=-pass-through=-lgcc] ==> ignore
    arg [--sysroot=/home/coder/.espressif/tools/xtensa-esp-elf/esp-15.2.0_20251204/xtensa-esp-elf/bin/../xtensa-esp-elf] ==> ignore
    arg [--dynconfig=xtensa_esp32.so] ==> ignore
    arg [-o] ==> ignore
    arg [cmTC_d3fa3] ==> ignore
    arg [/home/coder/.espressif/tools/xtensa-esp-elf/esp-15.2.0_20251204/xtensa-esp-elf/bin/../lib/gcc/xtensa-esp-elf/15.2.0/../../../../xtensa-esp-elf/lib/esp32/crt0.o] ==> obj [/home/coder/.espressif/tools/xtensa-esp-elf/esp-15.2.0_20251204/xtensa-esp-elf/bin/../lib/gcc/xtensa-esp-elf/15.2.0/../../../../xtensa-esp-elf/lib/esp32/crt0.o]
    arg [/home/coder/.espressif/tools/xtensa-esp-elf/esp-15.2.0_20251204/xtensa-esp-elf/bin/../lib/gcc/xtensa-esp-elf/15.2.0/esp32/crti.o] ==> obj [/home/coder/.espressif/tools/xtensa-esp-elf/esp-15.2.0_20251204/xtensa-esp-elf/bin/../lib/gcc/xtensa-esp-elf/15.2.0/esp32/crti.o]
    arg [/home/coder/.espressif/tools/xtensa-esp-elf/esp-15.2.0_20251204/xtensa-esp-elf/bin/../lib/gcc/xtensa-esp-elf/15.2.0/esp32/crtbegin.o] ==> obj [/home/coder/.espressif/tools/xtensa-esp-elf/esp-15.2.0_20251204/xtensa-esp-elf/bin/../lib/gcc/xtensa-esp-elf/15.2.0/esp32/crtbegin.o]
    arg [-L/home/coder/.espressif/tools/xtensa-esp-elf/esp-15.2.0_20251204/xtensa-esp-elf/bin/../lib/gcc/xtensa-esp-elf/15.2.0/esp32] ==> dir [/home/coder/.espressif/tools/xtensa-esp-elf/esp-15.2.0_20251204/xtensa-esp-elf/bin/../lib/gcc/xtensa-esp-elf/15.2.0/esp32]
    arg [-L/home/coder/.espressif/tools/xtensa-esp-elf/esp-15.2.0_20251204/xtensa-esp-elf/bin/../lib/gcc/xtensa-esp-elf/15.2.0/../../../../xtensa-esp-elf/lib/esp32] ==> dir [/home/coder/.espressif/tools/xtensa-esp-elf/esp-15.2.0_20251204/xtensa-esp-elf/bin/../lib/gcc/xtensa-esp-elf/15.2.0/../../../../xtensa-esp-elf/lib/esp32]
    arg [-L/home/coder/.espressif/tools/xtensa-esp-elf/esp-15.2.0_20251204/xtensa-esp-elf/bin/../xtensa-esp-elf/lib/esp32] ==> dir [/home/coder/.espressif/tools/xtensa-esp-elf/esp-15.2.0_20251204/xtensa-esp-elf/bin/../xtensa-esp-elf/lib/esp32]
    arg [-L/home/coder/.espressif/tools/xtensa-esp-elf/esp-15.2.0_20251204/xtensa-esp-elf/bin/../lib/gcc/xtensa-esp-elf/15.2.0] ==> dir [/home/coder/.espressif/tools/xtensa-esp-elf/esp-15.2.0_20251204/xtensa-esp-elf/bin/../lib/gcc/xtensa-esp-elf/15.2.0]
    arg [-L/home/coder/.espressif/tools/xtensa-esp-elf/esp-15.2.0_20251204/xtensa-esp-elf/bin/../lib/gcc] ==> dir [/home/coder/.espressif/tools/xtensa-esp-elf/esp-15.2.0_20251204/xtensa-esp-elf/bin/../lib/gcc]
    arg [-L/home/coder/.espressif/tools/xtensa-esp-elf/esp-15.2.0_20251204/xtensa-esp-elf/bin/../lib/gcc/xtensa-esp-elf/15.2.0/../../../../xtensa-esp-elf/lib] ==> dir [/home/coder/.espressif/tools/xtensa-esp-elf/esp-15.2.0_20251204/xtensa-esp-elf/bin/../lib/gcc/xtensa-esp-elf/15.2.0/../../../../xtensa-esp-elf/lib]
    arg [-L/home/coder/.espressif/tools/xtensa-esp-elf/esp-15.2.0_20251204/xtensa-esp-elf/bin/../xtensa-esp-elf/lib] ==> dir [/home/coder/.espressif/tools/xtensa-esp-elf/esp-15.2.0_20251204/xtensa-esp-elf/bin/../xtensa-esp-elf/lib]
    arg [-L/home/coder/.espressif/tools/xtensa-esp-elf/esp-15.2.0_20251204/xtensa-esp-elf/bin/../xtensa-esp-elf/usr/lib] ==> dir [/home/coder/.espressif/tools/xtensa-esp-elf/esp-15.2.0_20251204/xtensa-esp-elf/bin/../xtensa-esp-elf/usr/lib]
    arg [@/tmp/ccv5DmOe] ==> ignore
    arg [-lgcc] ==> lib [gcc]
    arg [-lc] ==> lib [c]
    arg [-lnosys] ==> lib [nosys]
    arg [-lc] ==> lib [c]
    arg [-lgcc] ==> lib [gcc]
    arg [/home/coder/.espressif/tools/xtensa-esp-elf/esp-15.2.0_20251204/xtensa-esp-elf/bin/../lib/gcc/xtensa-esp-elf/15.2.0/esp32/crtend.o] ==> obj [/home/coder/.espressif/tools/xtensa-esp-elf/esp-15.2.0_20251204/xtensa-esp-elf/bin/../lib/gcc/xtensa-esp-elf/15.2.0/esp32/crtend.o]
    arg [/home/coder/.espressif/tools/xtensa-esp-elf/esp-15.2.0_20251204/xtensa-esp-elf/bin/../lib/gcc/xtensa-esp-elf/15.2.0/esp32/crtn.o] ==> obj [/home/coder/.espressif/tools/xtensa-esp-elf/esp-15.2.0_20251204/xtensa-esp-elf/bin/../lib/gcc/xtensa-esp-elf/15.2.0/esp32/crtn.o]
  collapse obj [/home/coder/.espressif/tools/xtensa-esp-elf/esp-15.2.0_20251204/xtensa-esp-elf/bin/../lib/gcc/xtensa-esp-elf/15.2.0/../../../../xtensa-esp-elf/lib/esp32/crt0.o] ==> [/home/coder/.espressif/tools/xtensa-esp-elf/esp-15.2.0_20251204/xtensa-esp-elf/xtensa-esp-elf/lib/esp32/crt0.o]
  collapse obj [/home/coder/.espressif/tools/xtensa-esp-elf/esp-15.2.0_20251204/xtensa-esp-elf/bin/../lib/gcc/xtensa-esp-elf/15.2.0/esp32/crti.o] ==> [/home/coder/.espressif/tools/xtensa-esp-elf/esp-15.2.0_20251204/xtensa-esp-elf/lib/gcc/xtensa-esp-elf/15.2.0/esp32/crti.o]
  collapse obj [/home/coder/.espressif/tools/xtensa-esp-elf/esp-15.2.0_20251204/xtensa-esp-elf/bin/../lib/gcc/xtensa-esp-elf/15.2.0/esp32/crtbegin.o] ==> [/home/coder/.espressif/tools/xtensa-esp-elf/esp-15.2.0_20251204/xtensa-esp-elf/lib/gcc/xtensa-esp-elf/15.2.0/esp32/crtbegin.o]
  collapse obj [/home/coder/.espressif/tools/xtensa-esp-elf/esp-15.2.0_20251204/xtensa-esp-elf/bin/../lib/gcc/xtensa-esp-elf/15.2.0/esp32/crtend.o] ==> [/home/coder/.espressif/tools/xtensa-esp-elf/esp-15.2.0_20251204/xtensa-esp-elf/lib/gcc/xtensa-esp-elf/15.2.0/esp32/crtend.o]
  collapse obj [/home/coder/.espressif/tools/xtensa-esp-elf/esp-15.2.0_20251204/xtensa-esp-elf/bin/../lib/gcc/xtensa-esp-elf/15.2.0/esp32/crtn.o] ==> [/home/coder/.espressif/tools/xtensa-esp-elf/esp-15.2.0_20251204/xtensa-esp-elf/lib/gcc/xtensa-esp-elf/15.2.0/esp32/crtn.o]
  collapse library dir [/home/coder/.espressif/tools/xtensa-esp-elf/esp-15.2.0_20251204/xtensa-esp-elf/bin/../lib/gcc/xtensa-esp-elf/15.2.0/esp32] ==> [/home/coder/.espressif/tools/xtensa-esp-elf/esp-15.2.0_20251204/xtensa-esp-elf/lib/gcc/xtensa-esp-elf/15.2.0/esp32]
  collapse library dir [/home/coder/.espressif/tools/xtensa-esp-elf/esp-15.2.0_20251204/xtensa-esp-elf/bin/../lib/gcc/xtensa-esp-elf/15.2.0/../../../../xtensa-esp-elf/lib/esp32] ==> [/home/coder/.espressif/tools/xtensa-esp-elf/esp-15.2.0_20251204/xtensa-esp-elf/xtensa-esp-elf/lib/esp32]
  collapse library dir [/home/coder/.espressif/tools/xtensa-esp-elf/esp-15.2.0_20251204/xtensa-esp-elf/bin/../xtensa-esp-elf/lib/esp32] ==> [/home/coder/.espressif/tools/xtensa-esp-elf/esp-15.2.0_20251204/xtensa-esp-elf/xtensa-esp-elf/lib/esp32]
  collapse library dir [/home/coder/.espressif/tools/xtensa-esp-elf/esp-15.2.0_20251204/xtensa-esp-elf/bin/../lib/gcc/xtensa-esp-elf/15.2.0] ==> [/home/coder/.espressif/tools/xtensa-esp-elf/esp-15.2.0_20251204/xtensa-esp-elf/lib/gcc/xtensa-esp-elf/15.2.0]
  collapse library dir [/home/coder/.espressif/tools/xtensa-esp-elf/esp-15.2.0_20251204/xtensa-esp-elf/bin/../lib/gcc] ==> [/home/coder/.espressif/tools/xtensa-esp-elf/esp-15.2.0_20251204/xtensa-esp-elf/lib/gcc]
  collapse library dir [/home/coder/.espressif/tools/xtensa-esp-elf/esp-15.2.0_20251204/xtensa-esp-elf/bin/../lib/gcc/xtensa-esp-elf/15.2.0/../../../../xtensa-esp-elf/lib] ==> [/home/coder/.espressif/tools/xtensa-esp-elf/esp-15.2.0_20251204/xtensa-esp-elf/xtensa-esp-elf/lib]
  collapse library dir [/home/coder/.espressif/tools/xtensa-esp-elf/esp-15.2.0_20251204/xtensa-esp-elf/bin/../xtensa-esp-elf/lib] ==> [/home/coder/.espressif/tools/xtensa-esp-elf/esp-15.2.0_20251204/xtensa-esp-elf/xtensa-esp-elf/lib]
  collapse library dir [/home/coder/.espressif/tools/xtensa-esp-elf/esp-15.2.0_20251204/xtensa-esp-elf/bin/../xtensa-esp-elf/usr/lib] ==> [/home/coder/.espressif/tools/xtensa-esp-elf/esp-15.2.0_20251204/xtensa-esp-elf/xtensa-esp-elf/usr/lib]
  implicit libs: [gcc;c;nosys;c;gcc]
  implicit objs: [/home/coder/.espressif/tools/xtensa-esp-elf/esp-15.2.0_20251204/xtensa-esp-elf/xtensa-esp-elf/lib/esp32/crt0.o;/home/coder/.espressif/tools/xtensa-esp-elf/esp-15.2.0_20251204/xtensa-esp-elf/lib/gcc/xtensa-esp-elf/15.2.0/esp32/crti.o;/home/coder/.espressif/tools/xtensa-esp-elf/esp-15.2.0_20251204/xtensa-esp-elf/lib/gcc/xtensa-esp-elf/15.2.0/esp32/crtbegin.o;/home/coder/.espressif/tools/xtensa-esp-elf/esp-15.2.0_20251204/xtensa-esp-elf/lib/gcc/xtensa-esp-elf/15.2.0/esp32/crtend.o;/home/coder/.espressif/tools/xtensa-esp-elf/esp-15.2.0_20251204/xtensa-esp-elf/lib/gcc/xtensa-esp-elf/15.2.0/esp32/crtn.o]
  implicit dirs: [/home/coder/.espressif/tools/xtensa-esp-elf/esp-15.2.0_20251204/xtensa-esp-elf/lib/gcc/xtensa-esp-elf/15.2.0/esp32;/home/coder/.espressif/tools/xtensa-esp-elf/esp-15.2.0_20251204/xtensa-esp-elf/xtensa-esp-elf/lib/esp32;/home/coder/.espressif/tools/xtensa-esp-elf/esp-15.2.0_20251204/xtensa-esp-elf/lib/gcc/xtensa-esp-elf/15.2.0;/home/coder/.espressif/tools/xtensa-esp-elf/esp-15.2.0_20251204/xtensa-esp-elf/lib/gcc;/home/coder/.espressif/tools/xtensa-esp-elf/esp-15.2.0_20251204/xtensa-esp-elf/xtensa-esp-elf/lib;/home/coder/.espressif/tools/xtensa-esp-elf/esp-15.2.0_20251204/xtensa-esp-elf/xtensa-esp-elf/usr/lib]
  implicit fwks: []


Detecting C compiler ABI info compiled with the following output:
Change Dir: /workspace/hello-wroom/build/bootloader/CMakeFiles/CMakeTmp

Run Build Command(s):/usr/bin/ninja cmTC_fc328 && [1/2] Building C object CMakeFiles/cmTC_fc328.dir/CMakeCCompilerABI.c.obj
Using built-in specs.
Reading specs from /workspace/hello-wroom/build/bootloader/specs/picolibc.specs
rename spec link to picolibc_link
rename spec link_libgcc to picolibc_link_libgcc
rename spec cpp to picolibc_cpp
rename spec cc1 to picolibc_cc1
rename spec cc1plus to picolibc_cc1plus
COLLECT_GCC=/home/coder/.espressif/tools/xtensa-esp-elf/esp-15.2.0_20251204/xtensa-esp-elf/bin/xtensa-esp-elf-gcc
Target: xtensa-esp-elf
Configured with: /builds/idf/crosstool-NG/.build/xtensa-esp-elf/src/gcc/configure --build=x86_64-build_pc-linux-gnu --host=x86_64-build_pc-linux-gnu --target=xtensa-esp-elf --prefix=/builds/idf/crosstool-NG/builds/xtensa-esp-elf --exec_prefix=/builds/idf/crosstool-NG/builds/xtensa-esp-elf --with-local-prefix=/builds/idf/crosstool-NG/builds/xtensa-esp-elf/xtensa-esp-elf --with-sysroot=/builds/idf/crosstool-NG/builds/xtensa-esp-elf/xtensa-esp-elf --with-native-system-header-dir=/include --with-headers=/builds/idf/crosstool-NG/builds/xtensa-esp-elf/xtensa-esp-elf/include --with-newlib --enable-threads=no --disable-shared --with-pkgversion='crosstool-NG esp-15.2.0_20251204' --disable-__cxa_atexit --enable-cxx-flags='-ffunction-sections -fdata-sections' --disable-libgomp --disable-libmudflap --disable-libmpx --disable-libssp --disable-libquadmath --disable-libquadmath-support --disable-libstdcxx-verbose --with-gmp=/builds/idf/crosstool-NG/.build/xtensa-esp-elf/buildtools --with-mpfr=/builds/idf/crosstool-NG/.build/xtensa-esp-elf/buildtools --with-mpc=/builds/idf/crosstool-NG/.build/xtensa-esp-elf/buildtools --with-isl=/builds/idf/crosstool-NG/.build/xtensa-esp-elf/buildtools --enable-lto --enable-target-optspace --without-long-double-128 --enable-plugin --disable-nls --enable-multiarch --enable-languages=c,c++ --disable-libstdcxx-verbose --enable-threads=posix --enable-libstdcxx-time=yes --disable-win32-utf8-manifest
Thread model: posix
Supported LTO compression algorithms: zlib zstd
gcc version 15.2.0 (crosstool-NG esp-15.2.0_20251204) 
COLLECT_GCC_OPTIONS='-mdynconfig=xtensa_esp32.so' '-specs=/workspace/hello-wroom/build/bootloader/specs/picolibc.specs' '-v' '-o' 'CMakeFiles/cmTC_fc328.dir/CMakeCCompilerABI.c.obj' '-c' '-dumpdir' 'CMakeFiles/cmTC_fc328.dir/'
 /home/coder/.espressif/tools/xtensa-esp-elf/esp-15.2.0_20251204/xtensa-esp-elf/bin/../libexec/gcc/xtensa-esp-elf/15.2.0/cc1 -quiet -v -imultilib esp32 -iprefix /home/coder/.espressif/tools/xtensa-esp-elf/esp-15.2.0_20251204/xtensa-esp-elf/bin/../lib/gcc/xtensa-esp-elf/15.2.0/ -isysroot /home/coder/.espressif/tools/xtensa-esp-elf/esp-15.2.0_20251204/xtensa-esp-elf/bin/../xtensa-esp-elf -isystem /home/coder/.espressif/tools/xtensa-esp-elf/esp-15.2.0_20251204/xtensa-esp-elf/bin/../xtensa-esp-elf/../picolibc/include -isystem /home/coder/.espressif/tools/xtensa-esp-elf/esp-15.2.0_20251204/xtensa-esp-elf/bin/../xtensa-esp-elf/../picolibc/include/../xtensa-esp-elf/include/c++/15.2.0/xtensa-esp-elf/esp32 /usr/share/cmake-3.22/Modules/CMakeCCompilerABI.c -ftls-model=local-exec -quiet -dumpdir CMakeFiles/cmTC_fc328.dir/ -dumpbase CMakeCCompilerABI.c.c -dumpbase-ext .c -mdynconfig=xtensa_esp32.so -version -o /tmp/cc6nMfU3.s
GNU C23 (crosstool-NG esp-15.2.0_20251204) version 15.2.0 (xtensa-esp-elf)
	compiled by GNU C version 6.3.0, GMP version 6.3.0, MPFR version 4.2.1, MPC version 1.3.1, isl version isl-0.26-GMP

GGC heuristics: --param ggc-min-expand=100 --param ggc-min-heapsize=131072
ignoring duplicate directory "/home/coder/.espressif/tools/xtensa-esp-elf/esp-15.2.0_20251204/xtensa-esp-elf/bin/../lib/gcc/../../lib/gcc/xtensa-esp-elf/15.2.0/include"
ignoring nonexistent directory "/home/coder/.espressif/tools/xtensa-esp-elf/esp-15.2.0_20251204/xtensa-esp-elf/bin/../xtensa-esp-elf/builds/idf/crosstool-NG/builds/xtensa-esp-elf/xtensa-esp-elf/include"
ignoring duplicate directory "/home/coder/.espressif/tools/xtensa-esp-elf/esp-15.2.0_20251204/xtensa-esp-elf/bin/../lib/gcc/../../lib/gcc/xtensa-esp-elf/15.2.0/include-fixed"
ignoring duplicate directory "/home/coder/.espressif/tools/xtensa-esp-elf/esp-15.2.0_20251204/xtensa-esp-elf/bin/../lib/gcc/../../lib/gcc/xtensa-esp-elf/15.2.0/../../../../xtensa-esp-elf/include"
ignoring duplicate directory "/home/coder/.espressif/tools/xtensa-esp-elf/esp-15.2.0_20251204/xtensa-esp-elf/bin/../xtensa-esp-elf/include"
#include "..." search starts here:
#include <...> search starts here:
 /home/coder/.espressif/tools/xtensa-esp-elf/esp-15.2.0_20251204/xtensa-esp-elf/bin/../xtensa-esp-elf/../picolibc/include
 /home/coder/.espressif/tools/xtensa-esp-elf/esp-15.2.0_20251204/xtensa-esp-elf/bin/../xtensa-esp-elf/../picolibc/include/../xtensa-esp-elf/include/c++/15.2.0/xtensa-esp-elf/esp32
 /home/coder/.espressif/tools/xtensa-esp-elf/esp-15.2.0_20251204/xtensa-esp-elf/bin/../lib/gcc/xtensa-esp-elf/15.2.0/include
 /home/coder/.espressif/tools/xtensa-esp-elf/esp-15.2.0_20251204/xtensa-esp-elf/bin/../lib/gcc/xtensa-esp-elf/15.2.0/include-fixed
 /home/coder/.espressif/tools/xtensa-esp-elf/esp-15.2.0_20251204/xtensa-esp-elf/bin/../lib/gcc/xtensa-esp-elf/15.2.0/../../../../xtensa-esp-elf/include
End of search list.
Compiler executable checksum: 023236c824ceaa5629805e8d1b1d2049
COLLECT_GCC_OPTIONS='-mdynconfig=xtensa_esp32.so' '-specs=/workspace/hello-wroom/build/bootloader/specs/picolibc.specs' '-v' '-o' 'CMakeFiles/cmTC_fc328.dir/CMakeCCompilerABI.c.obj' '-c' '-dumpdir' 'CMakeFiles/cmTC_fc328.dir/'
 /home/coder/.espressif/tools/xtensa-esp-elf/esp-15.2.0_20251204/xtensa-esp-elf/bin/../lib/gcc/xtensa-esp-elf/15.2.0/../../../../xtensa-esp-elf/bin/as --traditional-format --dynconfig=xtensa_esp32.so -o CMakeFiles/cmTC_fc328.dir/CMakeCCompilerABI.c.obj /tmp/cc6nMfU3.s
COMPILER_PATH=/home/coder/.espressif/tools/xtensa-esp-elf/esp-15.2.0_20251204/xtensa-esp-elf/bin/../libexec/gcc/xtensa-esp-elf/15.2.0/:/home/coder/.espressif/tools/xtensa-esp-elf/esp-15.2.0_20251204/xtensa-esp-elf/bin/../libexec/gcc/:/home/coder/.espressif/tools/xtensa-esp-elf/esp-15.2.0_20251204/xtensa-esp-elf/bin/../lib/gcc/xtensa-esp-elf/15.2.0/../../../../xtensa-esp-elf/bin/
LIBRARY_PATH=/home/coder/.espressif/tools/xtensa-esp-elf/esp-15.2.0_20251204/xtensa-esp-elf/bin/../lib/gcc/xtensa-esp-elf/15.2.0/esp32/:/home/coder/.espressif/tools/xtensa-esp-elf/esp-15.2.0_20251204/xtensa-esp-elf/bin/../lib/gcc/xtensa-esp-elf/15.2.0/../../../../xtensa-esp-elf/lib/esp32/:/home/coder/.espressif/tools/xtensa-esp-elf/esp-15.2.0_20251204/xtensa-esp-elf/bin/../xtensa-esp-elf/lib/esp32/:/home/coder/.espressif/tools/xtensa-esp-elf/esp-15.2.0_20251204/xtensa-esp-elf/bin/../lib/gcc/xtensa-esp-elf/15.2.0/:/home/coder/.espressif/tools/xtensa-esp-elf/esp-15.2.0_20251204/xtensa-esp-elf/bin/../lib/gcc/:/home/coder/.espressif/tools/xtensa-esp-elf/esp-15.2.0_20251204/xtensa-esp-elf/bin/../lib/gcc/xtensa-esp-elf/15.2.0/../../../../xtensa-esp-elf/lib/:/home/coder/.espressif/tools/xtensa-esp-elf/esp-15.2.0_20251204/xtensa-esp-elf/bin/../xtensa-esp-elf/lib/:/home/coder/.espressif/tools/xtensa-esp-elf/esp-15.2.0_20251204/xtensa-esp-elf/bin/../xtensa-esp-elf/usr/lib/
COLLECT_GCC_OPTIONS='-mdynconfig=xtensa_esp32.so' '-specs=/workspace/hello-wroom/build/bootloader/specs/picolibc.specs' '-v' '-o' 'CMakeFiles/cmTC_fc328.dir/CMakeCCompilerABI.c.obj' '-c' '-dumpdir' 'CMakeFiles/cmTC_fc328.dir/CMakeCCompilerABI.c.'
[2/2] Linking C executable cmTC_fc328
Using built-in specs.
Reading specs from /workspace/hello-wroom/build/bootloader/specs/picolibc.specs
rename spec link to picolibc_link
rename spec link_libgcc to picolibc_link_libgcc
rename spec cpp to picolibc_cpp
rename spec cc1 to picolibc_cc1
rename spec cc1plus to picolibc_cc1plus
COLLECT_GCC=/home/coder/.espressif/tools/xtensa-esp-elf/esp-15.2.0_20251204/xtensa-esp-elf/bin/xtensa-esp-elf-gcc
COLLECT_LTO_WRAPPER=/home/coder/.espressif/tools/xtensa-esp-elf/esp-15.2.0_20251204/xtensa-esp-elf/bin/../libexec/gcc/xtensa-esp-elf/15.2.0/lto-wrapper
Target: xtensa-esp-elf
Configured with: /builds/idf/crosstool-NG/.build/xtensa-esp-elf/src/gcc/configure --build=x86_64-build_pc-linux-gnu --host=x86_64-build_pc-linux-gnu --target=xtensa-esp-elf --prefix=/builds/idf/crosstool-NG/builds/xtensa-esp-elf --exec_prefix=/builds/idf/crosstool-NG/builds/xtensa-esp-elf --with-local-prefix=/builds/idf/crosstool-NG/builds/xtensa-esp-elf/xtensa-esp-elf --with-sysroot=/builds/idf/crosstool-NG/builds/xtensa-esp-elf/xtensa-esp-elf --with-native-system-header-dir=/include --with-headers=/builds/idf/crosstool-NG/builds/xtensa-esp-elf/xtensa-esp-elf/include --with-newlib --enable-threads=no --disable-shared --with-pkgversion='crosstool-NG esp-15.2.0_20251204' --disable-__cxa_atexit --enable-cxx-flags='-ffunction-sections -fdata-sections' --disable-libgomp --disable-libmudflap --disable-libmpx --disable-libssp --disable-libquadmath --disable-libquadmath-support --disable-libstdcxx-verbose --with-gmp=/builds/idf/crosstool-NG/.build/xtensa-esp-elf/buildtools --with-mpfr=/builds/idf/crosstool-NG/.build/xtensa-esp-elf/buildtools --with-mpc=/builds/idf/crosstool-NG/.build/xtensa-esp-elf/buildtools --with-isl=/builds/idf/crosstool-NG/.build/xtensa-esp-elf/buildtools --enable-lto --enable-target-optspace --without-long-double-128 --enable-plugin --disable-nls --enable-multiarch --enable-languages=c,c++ --disable-libstdcxx-verbose --enable-threads=posix --enable-libstdcxx-time=yes --disable-win32-utf8-manifest
Thread model: posix
Supported LTO compression algorithms: zlib zstd
gcc version 15.2.0 (crosstool-NG esp-15.2.0_20251204) 
COMPILER_PATH=/home/coder/.espressif/tools/xtensa-esp-elf/esp-15.2.0_20251204/xtensa-esp-elf/bin/../libexec/gcc/xtensa-esp-elf/15.2.0/:/home/coder/.espressif/tools/xtensa-esp-elf/esp-15.2.0_20251204/xtensa-esp-elf/bin/../libexec/gcc/:/home/coder/.espressif/tools/xtensa-esp-elf/esp-15.2.0_20251204/xtensa-esp-elf/bin/../lib/gcc/xtensa-esp-elf/15.2.0/../../../../xtensa-esp-elf/bin/
LIBRARY_PATH=/home/coder/.espressif/tools/xtensa-esp-elf/esp-15.2.0_20251204/xtensa-esp-elf/bin/../lib/gcc/xtensa-esp-elf/15.2.0/esp32/:/home/coder/.espressif/tools/xtensa-esp-elf/esp-15.2.0_20251204/xtensa-esp-elf/bin/../lib/gcc/xtensa-esp-elf/15.2.0/../../../../xtensa-esp-elf/lib/esp32/:/home/coder/.espressif/tools/xtensa-esp-elf/esp-15.2.0_20251204/xtensa-esp-elf/bin/../xtensa-esp-elf/lib/esp32/:/home/coder/.espressif/tools/xtensa-esp-elf/esp-15.2.0_20251204/xtensa-esp-elf/bin/../lib/gcc/xtensa-esp-elf/15.2.0/:/home/coder/.espressif/tools/xtensa-esp-elf/esp-15.2.0_20251204/xtensa-esp-elf/bin/../lib/gcc/:/home/coder/.espressif/tools/xtensa-esp-elf/esp-15.2.0_20251204/xtensa-esp-elf/bin/../lib/gcc/xtensa-esp-elf/15.2.0/../../../../xtensa-esp-elf/lib/:/home/coder/.espressif/tools/xtensa-esp-elf/esp-15.2.0_20251204/xtensa-esp-elf/bin/../xtensa-esp-elf/lib/:/home/coder/.espressif/tools/xtensa-esp-elf/esp-15.2.0_20251204/xtensa-esp-elf/bin/../xtensa-esp-elf/usr/lib/
COLLECT_GCC_OPTIONS='-mdynconfig=xtensa_esp32.so' '-specs=/workspace/hello-wroom/build/bootloader/specs/picolibc.specs' '-v' '-o' 'cmTC_fc328' '-dumpdir' 'cmTC_fc328.'
 /home/coder/.espressif/tools/xtensa-esp-elf/esp-15.2.0_20251204/xtensa-esp-elf/bin/../libexec/gcc/xtensa-esp-elf/15.2.0/collect2 -plugin /home/coder/.espressif/tools/xtensa-esp-elf/esp-15.2.0_20251204/xtensa-esp-elf/bin/../libexec/gcc/xtensa-esp-elf/15.2.0/liblto_plugin.so -plugin-opt=/home/coder/.espressif/tools/xtensa-esp-elf/esp-15.2.0_20251204/xtensa-esp-elf/bin/../libexec/gcc/xtensa-esp-elf/15.2.0/lto-wrapper -plugin-opt=-fresolution=/tmp/ccCu3xnp.res -plugin-opt=-pass-through=-lgcc -plugin-opt=-pass-through=-lgcc -plugin-opt=-pass-through=-lc -plugin-opt=-pass-through=-lgcc -L/home/coder/.espressif/tools/xtensa-esp-elf/esp-15.2.0_20251204/xtensa-esp-elf/bin/../xtensa-esp-elf/../picolibc/xtensa-esp-elf/lib/esp32 -L/home/coder/.espressif/tools/xtensa-esp-elf/esp-15.2.0_20251204/xtensa-esp-elf/bin/../xtensa-esp-elf/../picolibc/xtensa-esp-elf/lib -Tpicolibc.ld --sysroot=/home/coder/.espressif/tools/xtensa-esp-elf/esp-15.2.0_20251204/xtensa-esp-elf/bin/../xtensa-esp-elf --dynconfig=xtensa_esp32.so -o cmTC_fc328 /home/coder/.espressif/tools/xtensa-esp-elf/esp-15.2.0_20251204/xtensa-esp-elf/bin/../xtensa-esp-elf/../picolibc/xtensa-esp-elf/lib/esp32/crt0.o -L/home/coder/.espressif/tools/xtensa-esp-elf/esp-15.2.0_20251204/xtensa-esp-elf/bin/../xtensa-esp-elf/../picolibc/lib/gcc/xtensa-esp-elf/15.2.0/esp32 -L/home/coder/.espressif/tools/xtensa-esp-elf/esp-15.2.0_20251204/xtensa-esp-elf/bin/../xtensa-esp-elf/../picolibc/lib/gcc/xtensa-esp-elf/15.2.0 -L/home/coder/.espressif/tools/xtensa-esp-elf/esp-15.2.0_20251204/xtensa-esp-elf/bin/../lib/gcc/xtensa-esp-elf/15.2.0/esp32 -L/home/coder/.espressif/tools/xtensa-esp-elf/esp-15.2.0_20251204/xtensa-esp-elf/bin/../lib/gcc/xtensa-esp-elf/15.2.0/../../../../xtensa-esp-elf/lib/esp32 -L/home/coder/.espressif/tools/xtensa-esp-elf/esp-15.2.0_20251204/xtensa-esp-elf/bin/../xtensa-esp-elf/lib/esp32 -L/home/coder/.espressif/tools/xtensa-esp-elf/esp-15.2.0_20251204/xtensa-esp-elf/bin/../lib/gcc/xtensa-esp-elf/15.2.0 -L/home/coder/.espressif/tools/xtensa-esp-elf/esp-15.2.0_20251204/xtensa-esp-elf/bin/../lib/gcc -L/home/coder/.espressif/tools/xtensa-esp-elf/esp-15.2.0_20251204/xtensa-esp-elf/bin/../lib/gcc/xtensa-esp-elf/15.2.0/../../../../xtensa-esp-elf/lib -L/home/coder/.espressif/tools/xtensa-esp-elf/esp-15.2.0_20251204/xtensa-esp-elf/bin/../xtensa-esp-elf/lib -L/home/coder/.espressif/tools/xtensa-esp-elf/esp-15.2.0_20251204/xtensa-esp-elf/bin/../xtensa-esp-elf/usr/lib @/tmp/ccJzYI3E -lgcc --start-group -lgcc -lc --end-group -lgcc
COLLECT_GCC_OPTIONS='-mdynconfig=xtensa_esp32.so' '-specs=/workspace/hello-wroom/build/bootloader/specs/picolibc.specs' '-v' '-o' 'cmTC_fc328' '-dumpdir' 'cmTC_fc328.'



Parsed C implicit include dir info from above output: rv=done
  found start of include info
  found start of implicit include info
    add: [/home/coder/.espressif/tools/xtensa-esp-elf/esp-15.2.0_20251204/xtensa-esp-elf/bin/../xtensa-esp-elf/../picolibc/include]
    add: [/home/coder/.espressif/tools/xtensa-esp-elf/esp-15.2.0_20251204/xtensa-esp-elf/bin/../xtensa-esp-elf/../picolibc/include/../xtensa-esp-elf/include/c++/15.2.0/xtensa-esp-elf/esp32]
    add: [/home/coder/.espressif/tools/xtensa-esp-elf/esp-15.2.0_20251204/xtensa-esp-elf/bin/../lib/gcc/xtensa-esp-elf/15.2.0/include]
    add: [/home/coder/.espressif/tools/xtensa-esp-elf/esp-15.2.0_20251204/xtensa-esp-elf/bin/../lib/gcc/xtensa-esp-elf/15.2.0/include-fixed]
    add: [/home/coder/.espressif/tools/xtensa-esp-elf/esp-15.2.0_20251204/xtensa-esp-elf/bin/../lib/gcc/xtensa-esp-elf/15.2.0/../../../../xtensa-esp-elf/include]
  end of search list found
  collapse include dir [/home/coder/.espressif/tools/xtensa-esp-elf/esp-15.2.0_20251204/xtensa-esp-elf/bin/../xtensa-esp-elf/../picolibc/include] ==> [/home/coder/.espressif/tools/xtensa-esp-elf/esp-15.2.0_20251204/xtensa-esp-elf/picolibc/include]
  collapse include dir [/home/coder/.espressif/tools/xtensa-esp-elf/esp-15.2.0_20251204/xtensa-esp-elf/bin/../xtensa-esp-elf/../picolibc/include/../xtensa-esp-elf/include/c++/15.2.0/xtensa-esp-elf/esp32] ==> [/home/coder/.espressif/tools/xtensa-esp-elf/esp-15.2.0_20251204/xtensa-esp-elf/picolibc/xtensa-esp-elf/include/c++/15.2.0/xtensa-esp-elf/esp32]
  collapse include dir [/home/coder/.espressif/tools/xtensa-esp-elf/esp-15.2.0_20251204/xtensa-esp-elf/bin/../lib/gcc/xtensa-esp-elf/15.2.0/include] ==> [/home/coder/.espressif/tools/xtensa-esp-elf/esp-15.2.0_20251204/xtensa-esp-elf/lib/gcc/xtensa-esp-elf/15.2.0/include]
  collapse include dir [/home/coder/.espressif/tools/xtensa-esp-elf/esp-15.2.0_20251204/xtensa-esp-elf/bin/../lib/gcc/xtensa-esp-elf/15.2.0/include-fixed] ==> [/home/coder/.espressif/tools/xtensa-esp-elf/esp-15.2.0_20251204/xtensa-esp-elf/lib/gcc/xtensa-esp-elf/15.2.0/include-fixed]
  collapse include dir [/home/coder/.espressif/tools/xtensa-esp-elf/esp-15.2.0_20251204/xtensa-esp-elf/bin/../lib/gcc/xtensa-esp-elf/15.2.0/../../../../xtensa-esp-elf/include] ==> [/home/coder/.espressif/tools/xtensa-esp-elf/esp-15.2.0_20251204/xtensa-esp-elf/xtensa-esp-elf/include]
  implicit include dirs: [/home/coder/.espressif/tools/xtensa-esp-elf/esp-15.2.0_20251204/xtensa-esp-elf/picolibc/include;/home/coder/.espressif/tools/xtensa-esp-elf/esp-15.2.0_20251204/xtensa-esp-elf/picolibc/xtensa-esp-elf/include/c++/15.2.0/xtensa-esp-elf/esp32;/home/coder/.espressif/tools/xtensa-esp-elf/esp-15.2.0_20251204/xtensa-esp-elf/lib/gcc/xtensa-esp-elf/15.2.0/include;/home/coder/.espressif/tools/xtensa-esp-elf/esp-15.2.0_20251204/xtensa-esp-elf/lib/gcc/xtensa-esp-elf/15.2.0/include-fixed;/home/coder/.espressif/tools/xtensa-esp-elf/esp-15.2.0_20251204/xtensa-esp-elf/xtensa-esp-elf/include]


Parsed C implicit link information from above output:
  link line regex: [^( *|.*[/\])(xtensa-esp32-elf-ld|CMAKE_LINK_STARTFILE-NOTFOUND|([^/\]+-)?ld|collect2)[^/\]*( |$)]
  ignore line: [Change Dir: /workspace/hello-wroom/build/bootloader/CMakeFiles/CMakeTmp]
  ignore line: []
  ignore line: [Run Build Command(s):/usr/bin/ninja cmTC_fc328 && [1/2] Building C object CMakeFiles/cmTC_fc328.dir/CMakeCCompilerABI.c.obj]
  ignore line: [Using built-in specs.]
  ignore line: [Reading specs from /workspace/hello-wroom/build/bootloader/specs/picolibc.specs]
  ignore line: [rename spec link to picolibc_link]
  ignore line: [rename spec link_libgcc to picolibc_link_libgcc]
  ignore line: [rename spec cpp to picolibc_cpp]
  ignore line: [rename spec cc1 to picolibc_cc1]
  ignore line: [rename spec cc1plus to picolibc_cc1plus]
  ignore line: [COLLECT_GCC=/home/coder/.espressif/tools/xtensa-esp-elf/esp-15.2.0_20251204/xtensa-esp-elf/bin/xtensa-esp-elf-gcc]
  ignore line: [Target: xtensa-esp-elf]
  ignore line: [Configured with: /builds/idf/crosstool-NG/.build/xtensa-esp-elf/src/gcc/configure --build=x86_64-build_pc-linux-gnu --host=x86_64-build_pc-linux-gnu --target=xtensa-esp-elf --prefix=/builds/idf/crosstool-NG/builds/xtensa-esp-elf --exec_prefix=/builds/idf/crosstool-NG/builds/xtensa-esp-elf --with-local-prefix=/builds/idf/crosstool-NG/builds/xtensa-esp-elf/xtensa-esp-elf --with-sysroot=/builds/idf/crosstool-NG/builds/xtensa-esp-elf/xtensa-esp-elf --with-native-system-header-dir=/include --with-headers=/builds/idf/crosstool-NG/builds/xtensa-esp-elf/xtensa-esp-elf/include --with-newlib --enable-threads=no --disable-shared --with-pkgversion='crosstool-NG esp-15.2.0_20251204' --disable-__cxa_atexit --enable-cxx-flags='-ffunction-sections -fdata-sections' --disable-libgomp --disable-libmudflap --disable-libmpx --disable-libssp --disable-libquadmath --disable-libquadmath-support --disable-libstdcxx-verbose --with-gmp=/builds/idf/crosstool-NG/.build/xtensa-esp-elf/buildtools --with-mpfr=/builds/idf/crosstool-NG/.build/xtensa-esp-elf/buildtools --with-mpc=/builds/idf/crosstool-NG/.build/xtensa-esp-elf/buildtools --with-isl=/builds/idf/crosstool-NG/.build/xtensa-esp-elf/buildtools --enable-lto --enable-target-optspace --without-long-double-128 --enable-plugin --disable-nls --enable-multiarch --enable-languages=c c++ --disable-libstdcxx-verbose --enable-threads=posix --enable-libstdcxx-time=yes --disable-win32-utf8-manifest]
  ignore line: [Thread model: posix]
  ignore line: [Supported LTO compression algorithms: zlib zstd]
  ignore line: [gcc version 15.2.0 (crosstool-NG esp-15.2.0_20251204) ]
  ignore line: [COLLECT_GCC_OPTIONS='-mdynconfig=xtensa_esp32.so' '-specs=/workspace/hello-wroom/build/bootloader/specs/picolibc.specs' '-v' '-o' 'CMakeFiles/cmTC_fc328.dir/CMakeCCompilerABI.c.obj' '-c' '-dumpdir' 'CMakeFiles/cmTC_fc328.dir/']
  ignore line: [ /home/coder/.espressif/tools/xtensa-esp-elf/esp-15.2.0_20251204/xtensa-esp-elf/bin/../libexec/gcc/xtensa-esp-elf/15.2.0/cc1 -quiet -v -imultilib esp32 -iprefix /home/coder/.espressif/tools/xtensa-esp-elf/esp-15.2.0_20251204/xtensa-esp-elf/bin/../lib/gcc/xtensa-esp-elf/15.2.0/ -isysroot /home/coder/.espressif/tools/xtensa-esp-elf/esp-15.2.0_20251204/xtensa-esp-elf/bin/../xtensa-esp-elf -isystem /home/coder/.espressif/tools/xtensa-esp-elf/esp-15.2.0_20251204/xtensa-esp-elf/bin/../xtensa-esp-elf/../picolibc/include -isystem /home/coder/.espressif/tools/xtensa-esp-elf/esp-15.2.0_20251204/xtensa-esp-elf/bin/../xtensa-esp-elf/../picolibc/include/../xtensa-esp-elf/include/c++/15.2.0/xtensa-esp-elf/esp32 /usr/share/cmake-3.22/Modules/CMakeCCompilerABI.c -ftls-model=local-exec -quiet -dumpdir CMakeFiles/cmTC_fc328.dir/ -dumpbase CMakeCCompilerABI.c.c -dumpbase-ext .c -mdynconfig=xtensa_esp32.so -version -o /tmp/cc6nMfU3.s]
  ignore line: [GNU C23 (crosstool-NG esp-15.2.0_20251204) version 15.2.0 (xtensa-esp-elf)]
  ignore line: [	compiled by GNU C version 6.3.0  GMP version 6.3.0  MPFR version 4.2.1  MPC version 1.3.1  isl version isl-0.26-GMP]
  ignore line: []
  ignore line: [GGC heuristics: --param ggc-min-expand=100 --param ggc-min-heapsize=131072]
  ignore line: [ignoring duplicate directory "/home/coder/.espressif/tools/xtensa-esp-elf/esp-15.2.0_20251204/xtensa-esp-elf/bin/../lib/gcc/../../lib/gcc/xtensa-esp-elf/15.2.0/include"]
  ignore line: [ignoring nonexistent directory "/home/coder/.espressif/tools/xtensa-esp-elf/esp-15.2.0_20251204/xtensa-esp-elf/bin/../xtensa-esp-elf/builds/idf/crosstool-NG/builds/xtensa-esp-elf/xtensa-esp-elf/include"]
  ignore line: [ignoring duplicate directory "/home/coder/.espressif/tools/xtensa-esp-elf/esp-15.2.0_20251204/xtensa-esp-elf/bin/../lib/gcc/../../lib/gcc/xtensa-esp-elf/15.2.0/include-fixed"]
  ignore line: [ignoring duplicate directory "/home/coder/.espressif/tools/xtensa-esp-elf/esp-15.2.0_20251204/xtensa-esp-elf/bin/../lib/gcc/../../lib/gcc/xtensa-esp-elf/15.2.0/../../../../xtensa-esp-elf/include"]
  ignore line: [ignoring duplicate directory "/home/coder/.espressif/tools/xtensa-esp-elf/esp-15.2.0_20251204/xtensa-esp-elf/bin/../xtensa-esp-elf/include"]
  ignore line: [#include "..." search starts here:]
  ignore line: [#include <...> search starts here:]
  ignore line: [ /home/coder/.espressif/tools/xtensa-esp-elf/esp-15.2.0_20251204/xtensa-esp-elf/bin/../xtensa-esp-elf/../picolibc/include]
  ignore line: [ /home/coder/.espressif/tools/xtensa-esp-elf/esp-15.2.0_20251204/xtensa-esp-elf/bin/../xtensa-esp-elf/../picolibc/include/../xtensa-esp-elf/include/c++/15.2.0/xtensa-esp-elf/esp32]
  ignore line: [ /home/coder/.espressif/tools/xtensa-esp-elf/esp-15.2.0_20251204/xtensa-esp-elf/bin/../lib/gcc/xtensa-esp-elf/15.2.0/include]
  ignore line: [ /home/coder/.espressif/tools/xtensa-esp-elf/esp-15.2.0_20251204/xtensa-esp-elf/bin/../lib/gcc/xtensa-esp-elf/15.2.0/include-fixed]
  ignore line: [ /home/coder/.espressif/tools/xtensa-esp-elf/esp-15.2.0_20251204/xtensa-esp-elf/bin/../lib/gcc/xtensa-esp-elf/15.2.0/../../../../xtensa-esp-elf/include]
  ignore line: [End of search list.]
  ignore line: [Compiler executable checksum: 023236c824ceaa5629805e8d1b1d2049]
  ignore line: [COLLECT_GCC_OPTIONS='-mdynconfig=xtensa_esp32.so' '-specs=/workspace/hello-wroom/build/bootloader/specs/picolibc.specs' '-v' '-o' 'CMakeFiles/cmTC_fc328.dir/CMakeCCompilerABI.c.obj' '-c' '-dumpdir' 'CMakeFiles/cmTC_fc328.dir/']
  ignore line: [ /home/coder/.espressif/tools/xtensa-esp-elf/esp-15.2.0_20251204/xtensa-esp-elf/bin/../lib/gcc/xtensa-esp-elf/15.2.0/../../../../xtensa-esp-elf/bin/as --traditional-format --dynconfig=xtensa_esp32.so -o CMakeFiles/cmTC_fc328.dir/CMakeCCompilerABI.c.obj /tmp/cc6nMfU3.s]
  ignore line: [COMPILER_PATH=/home/coder/.espressif/tools/xtensa-esp-elf/esp-15.2.0_20251204/xtensa-esp-elf/bin/../libexec/gcc/xtensa-esp-elf/15.2.0/:/home/coder/.espressif/tools/xtensa-esp-elf/esp-15.2.0_20251204/xtensa-esp-elf/bin/../libexec/gcc/:/home/coder/.espressif/tools/xtensa-esp-elf/esp-15.2.0_20251204/xtensa-esp-elf/bin/../lib/gcc/xtensa-esp-elf/15.2.0/../../../../xtensa-esp-elf/bin/]
  ignore line: [LIBRARY_PATH=/home/coder/.espressif/tools/xtensa-esp-elf/esp-15.2.0_20251204/xtensa-esp-elf/bin/../lib/gcc/xtensa-esp-elf/15.2.0/esp32/:/home/coder/.espressif/tools/xtensa-esp-elf/esp-15.2.0_20251204/xtensa-esp-elf/bin/../lib/gcc/xtensa-esp-elf/15.2.0/../../../../xtensa-esp-elf/lib/esp32/:/home/coder/.espressif/tools/xtensa-esp-elf/esp-15.2.0_20251204/xtensa-esp-elf/bin/../xtensa-esp-elf/lib/esp32/:/home/coder/.espressif/tools/xtensa-esp-elf/esp-15.2.0_20251204/xtensa-esp-elf/bin/../lib/gcc/xtensa-esp-elf/15.2.0/:/home/coder/.espressif/tools/xtensa-esp-elf/esp-15.2.0_20251204/xtensa-esp-elf/bin/../lib/gcc/:/home/coder/.espressif/tools/xtensa-esp-elf/esp-15.2.0_20251204/xtensa-esp-elf/bin/../lib/gcc/xtensa-esp-elf/15.2.0/../../../../xtensa-esp-elf/lib/:/home/coder/.espressif/tools/xtensa-esp-elf/esp-15.2.0_20251204/xtensa-esp-elf/bin/../xtensa-esp-elf/lib/:/home/coder/.espressif/tools/xtensa-esp-elf/esp-15.2.0_20251204/xtensa-esp-elf/bin/../xtensa-esp-elf/usr/lib/]
  ignore line: [COLLECT_GCC_OPTIONS='-mdynconfig=xtensa_esp32.so' '-specs=/workspace/hello-wroom/build/bootloader/specs/picolibc.specs' '-v' '-o' 'CMakeFiles/cmTC_fc328.dir/CMakeCCompilerABI.c.obj' '-c' '-dumpdir' 'CMakeFiles/cmTC_fc328.dir/CMakeCCompilerABI.c.']
  ignore line: [[2/2] Linking C executable cmTC_fc328]
  ignore line: [Using built-in specs.]
  ignore line: [Reading specs from /workspace/hello-wroom/build/bootloader/specs/picolibc.specs]
  ignore line: [rename spec link to picolibc_link]
  ignore line: [rename spec link_libgcc to picolibc_link_libgcc]
  ignore line: [rename spec cpp to picolibc_cpp]
  ignore line: [rename spec cc1 to picolibc_cc1]
  ignore line: [rename spec cc1plus to picolibc_cc1plus]
  ignore line: [COLLECT_GCC=/home/coder/.espressif/tools/xtensa-esp-elf/esp-15.2.0_20251204/xtensa-esp-elf/bin/xtensa-esp-elf-gcc]
  ignore line: [COLLECT_LTO_WRAPPER=/home/coder/.espressif/tools/xtensa-esp-elf/esp-15.2.0_20251204/xtensa-esp-elf/bin/../libexec/gcc/xtensa-esp-elf/15.2.0/lto-wrapper]
  ignore line: [Target: xtensa-esp-elf]
  ignore line: [Configured with: /builds/idf/crosstool-NG/.build/xtensa-esp-elf/src/gcc/configure --build=x86_64-build_pc-linux-gnu --host=x86_64-build_pc-linux-gnu --target=xtensa-esp-elf --prefix=/builds/idf/crosstool-NG/builds/xtensa-esp-elf --exec_prefix=/builds/idf/crosstool-NG/builds/xtensa-esp-elf --with-local-prefix=/builds/idf/crosstool-NG/builds/xtensa-esp-elf/xtensa-esp-elf --with-sysroot=/builds/idf/crosstool-NG/builds/xtensa-esp-elf/xtensa-esp-elf --with-native-system-header-dir=/include --with-headers=/builds/idf/crosstool-NG/builds/xtensa-esp-elf/xtensa-esp-elf/include --with-newlib --enable-threads=no --disable-shared --with-pkgversion='crosstool-NG esp-15.2.0_20251204' --disable-__cxa_atexit --enable-cxx-flags='-ffunction-sections -fdata-sections' --disable-libgomp --disable-libmudflap --disable-libmpx --disable-libssp --disable-libquadmath --disable-libquadmath-support --disable-libstdcxx-verbose --with-gmp=/builds/idf/crosstool-NG/.build/xtensa-esp-elf/buildtools --with-mpfr=/builds/idf/crosstool-NG/.build/xtensa-esp-elf/buildtools --with-mpc=/builds/idf/crosstool-NG/.build/xtensa-esp-elf/buildtools --with-isl=/builds/idf/crosstool-NG/.build/xtensa-esp-elf/buildtools --enable-lto --enable-target-optspace --without-long-double-128 --enable-plugin --disable-nls --enable-multiarch --enable-languages=c c++ --disable-libstdcxx-verbose --enable-threads=posix --enable-libstdcxx-time=yes --disable-win32-utf8-manifest]
  ignore line: [Thread model: posix]
  ignore line: [Supported LTO compression algorithms: zlib zstd]
  ignore line: [gcc version 15.2.0 (crosstool-NG esp-15.2.0_20251204) ]
  ignore line: [COMPILER_PATH=/home/coder/.espressif/tools/xtensa-esp-elf/esp-15.2.0_20251204/xtensa-esp-elf/bin/../libexec/gcc/xtensa-esp-elf/15.2.0/:/home/coder/.espressif/tools/xtensa-esp-elf/esp-15.2.0_20251204/xtensa-esp-elf/bin/../libexec/gcc/:/home/coder/.espressif/tools/xtensa-esp-elf/esp-15.2.0_20251204/xtensa-esp-elf/bin/../lib/gcc/xtensa-esp-elf/15.2.0/../../../../xtensa-esp-elf/bin/]
  ignore line: [LIBRARY_PATH=/home/coder/.espressif/tools/xtensa-esp-elf/esp-15.2.0_20251204/xtensa-esp-elf/bin/../lib/gcc/xtensa-esp-elf/15.2.0/esp32/:/home/coder/.espressif/tools/xtensa-esp-elf/esp-15.2.0_20251204/xtensa-esp-elf/bin/../lib/gcc/xtensa-esp-elf/15.2.0/../../../../xtensa-esp-elf/lib/esp32/:/home/coder/.espressif/tools/xtensa-esp-elf/esp-15.2.0_20251204/xtensa-esp-elf/bin/../xtensa-esp-elf/lib/esp32/:/home/coder/.espressif/tools/xtensa-esp-elf/esp-15.2.0_20251204/xtensa-esp-elf/bin/../lib/gcc/xtensa-esp-elf/15.2.0/:/home/coder/.espressif/tools/xtensa-esp-elf/esp-15.2.0_20251204/xtensa-esp-elf/bin/../lib/gcc/:/home/coder/.espressif/tools/xtensa-esp-elf/esp-15.2.0_20251204/xtensa-esp-elf/bin/../lib/gcc/xtensa-esp-elf/15.2.0/../../../../xtensa-esp-elf/lib/:/home/coder/.espressif/tools/xtensa-esp-elf/esp-15.2.0_20251204/xtensa-esp-elf/bin/../xtensa-esp-elf/lib/:/home/coder/.espressif/tools/xtensa-esp-elf/esp-15.2.0_20251204/xtensa-esp-elf/bin/../xtensa-esp-elf/usr/lib/]
  ignore line: [COLLECT_GCC_OPTIONS='-mdynconfig=xtensa_esp32.so' '-specs=/workspace/hello-wroom/build/bootloader/specs/picolibc.specs' '-v' '-o' 'cmTC_fc328' '-dumpdir' 'cmTC_fc328.']
  link line: [ /home/coder/.espressif/tools/xtensa-esp-elf/esp-15.2.0_20251204/xtensa-esp-elf/bin/../libexec/gcc/xtensa-esp-elf/15.2.0/collect2 -plugin /home/coder/.espressif/tools/xtensa-esp-elf/esp-15.2.0_20251204/xtensa-esp-elf/bin/../libexec/gcc/xtensa-esp-elf/15.2.0/liblto_plugin.so -plugin-opt=/home/coder/.espressif/tools/xtensa-esp-elf/esp-15.2.0_20251204/xtensa-esp-elf/bin/../libexec/gcc/xtensa-esp-elf/15.2.0/lto-wrapper -plugin-opt=-fresolution=/tmp/ccCu3xnp.res -plugin-opt=-pass-through=-lgcc -plugin-opt=-pass-through=-lgcc -plugin-opt=-pass-through=-lc -plugin-opt=-pass-through=-lgcc -L/home/coder/.espressif/tools/xtensa-esp-elf/esp-15.2.0_20251204/xtensa-esp-elf/bin/../xtensa-esp-elf/../picolibc/xtensa-esp-elf/lib/esp32 -L/home/coder/.espressif/tools/xtensa-esp-elf/esp-15.2.0_20251204/xtensa-esp-elf/bin/../xtensa-esp-elf/../picolibc/xtensa-esp-elf/lib -Tpicolibc.ld --sysroot=/home/coder/.espressif/tools/xtensa-esp-elf/esp-15.2.0_20251204/xtensa-esp-elf/bin/../xtensa-esp-elf --dynconfig=xtensa_esp32.so -o cmTC_fc328 /home/coder/.espressif/tools/xtensa-esp-elf/esp-15.2.0_20251204/xtensa-esp-elf/bin/../xtensa-esp-elf/../picolibc/xtensa-esp-elf/lib/esp32/crt0.o -L/home/coder/.espressif/tools/xtensa-esp-elf/esp-15.2.0_20251204/xtensa-esp-elf/bin/../xtensa-esp-elf/../picolibc/lib/gcc/xtensa-esp-elf/15.2.0/esp32 -L/home/coder/.espressif/tools/xtensa-esp-elf/esp-15.2.0_20251204/xtensa-esp-elf/bin/../xtensa-esp-elf/../picolibc/lib/gcc/xtensa-esp-elf/15.2.0 -L/home/coder/.espressif/tools/xtensa-esp-elf/esp-15.2.0_20251204/xtensa-esp-elf/bin/../lib/gcc/xtensa-esp-elf/15.2.0/esp32 -L/home/coder/.espressif/tools/xtensa-esp-elf/esp-15.2.0_20251204/xtensa-esp-elf/bin/../lib/gcc/xtensa-esp-elf/15.2.0/../../../../xtensa-esp-elf/lib/esp32 -L/home/coder/.espressif/tools/xtensa-esp-elf/esp-15.2.0_20251204/xtensa-esp-elf/bin/../xtensa-esp-elf/lib/esp32 -L/home/coder/.espressif/tools/xtensa-esp-elf/esp-15.2.0_20251204/xtensa-esp-elf/bin/../lib/gcc/xtensa-esp-elf/15.2.0 -L/home/coder/.espressif/tools/xtensa-esp-elf/esp-15.2.0_20251204/xtensa-esp-elf/bin/../lib/gcc -L/home/coder/.espressif/tools/xtensa-esp-elf/esp-15.2.0_20251204/xtensa-esp-elf/bin/../lib/gcc/xtensa-esp-elf/15.2.0/../../../../xtensa-esp-elf/lib -L/home/coder/.espressif/tools/xtensa-esp-elf/esp-15.2.0_20251204/xtensa-esp-elf/bin/../xtensa-esp-elf/lib -L/home/coder/.espressif/tools/xtensa-esp-elf/esp-15.2.0_20251204/xtensa-esp-elf/bin/../xtensa-esp-elf/usr/lib @/tmp/ccJzYI3E -lgcc --start-group -lgcc -lc --end-group -lgcc]
    arg [/home/coder/.espressif/tools/xtensa-esp-elf/esp-15.2.0_20251204/xtensa-esp-elf/bin/../libexec/gcc/xtensa-esp-elf/15.2.0/collect2] ==> ignore
    arg [-plugin] ==> ignore
    arg [/home/coder/.espressif/tools/xtensa-esp-elf/esp-15.2.0_20251204/xtensa-esp-elf/bin/../libexec/gcc/xtensa-esp-elf/15.2.0/liblto_plugin.so] ==> ignore
    arg [-plugin-opt=/home/coder/.espressif/tools/xtensa-esp-elf/esp-15.2.0_20251204/xtensa-esp-elf/bin/../libexec/gcc/xtensa-esp-elf/15.2.0/lto-wrapper] ==> ignore
    arg [-plugin-opt=-fresolution=/tmp/ccCu3xnp.res] ==> ignore
    arg [-plugin-opt=-pass-through=-lgcc] ==> ignore
    arg [-plugin-opt=-pass-through=-lgcc] ==> ignore
    arg [-plugin-opt=-pass-through=-lc] ==> ignore
    arg [-plugin-opt=-pass-through=-lgcc] ==> ignore
    arg [-L/home/coder/.espressif/tools/xtensa-esp-elf/esp-15.2.0_20251204/xtensa-esp-elf/bin/../xtensa-esp-elf/../picolibc/xtensa-esp-elf/lib/esp32] ==> dir [/home/coder/.espressif/tools/xtensa-esp-elf/esp-15.2.0_20251204/xtensa-esp-elf/bin/../xtensa-esp-elf/../picolibc/xtensa-esp-elf/lib/esp32]
    arg [-L/home/coder/.espressif/tools/xtensa-esp-elf/esp-15.2.0_20251204/xtensa-esp-elf/bin/../xtensa-esp-elf/../picolibc/xtensa-esp-elf/lib] ==> dir [/home/coder/.espressif/tools/xtensa-esp-elf/esp-15.2.0_20251204/xtensa-esp-elf/bin/../xtensa-esp-elf/../picolibc/xtensa-esp-elf/lib]
    arg [-Tpicolibc.ld] ==> ignore
    arg [--sysroot=/home/coder/.espressif/tools/xtensa-esp-elf/esp-15.2.0_20251204/xtensa-esp-elf/bin/../xtensa-esp-elf] ==> ignore
    arg [--dynconfig=xtensa_esp32.so] ==> ignore
    arg [-o] ==> ignore
    arg [cmTC_fc328] ==> ignore
    arg [/home/coder/.espressif/tools/xtensa-esp-elf/esp-15.2.0_20251204/xtensa-esp-elf/bin/../xtensa-esp-elf/../picolibc/xtensa-esp-elf/lib/esp32/crt0.o] ==> obj [/home/coder/.espressif/tools/xtensa-esp-elf/esp-15.2.0_20251204/xtensa-esp-elf/bin/../xtensa-esp-elf/../picolibc/xtensa-esp-elf/lib/esp32/crt0.o]
    arg [-L/home/coder/.espressif/tools/xtensa-esp-elf/esp-15.2.0_20251204/xtensa-esp-elf/bin/../xtensa-esp-elf/../picolibc/lib/gcc/xtensa-esp-elf/15.2.0/esp32] ==> dir [/home/coder/.espressif/tools/xtensa-esp-elf/esp-15.2.0_20251204/xtensa-esp-elf/bin/../xtensa-esp-elf/../picolibc/lib/gcc/xtensa-esp-elf/15.2.0/esp32]
    arg [-L/home/coder/.espressif/tools/xtensa-esp-elf/esp-15.2.0_20251204/xtensa-esp-elf/bin/../xtensa-esp-elf/../picolibc/lib/gcc/xtensa-esp-elf/15.2.0] ==> dir [/home/coder/.espressif/tools/xtensa-esp-elf/esp-15.2.0_20251204/xtensa-esp-elf/bin/../xtensa-esp-elf/../picolibc/lib/gcc/xtensa-esp-elf/15.2.0]
    arg [-L/home/coder/.espressif/tools/xtensa-esp-elf/esp-15.2.0_20251204/xtensa-esp-elf/bin/../lib/gcc/xtensa-esp-elf/15.2.0/esp32] ==> dir [/home/coder/.espressif/tools/xtensa-esp-elf/esp-15.2.0_20251204/xtensa-esp-elf/bin/../lib/gcc/xtensa-esp-elf/15.2.0/esp32]
    arg [-L/home/coder/.espressif/tools/xtensa-esp-elf/esp-15.2.0_20251204/xtensa-esp-elf/bin/../lib/gcc/xtensa-esp-elf/15.2.0/../../../../xtensa-esp-elf/lib/esp32] ==> dir [/home/coder/.espressif/tools/xtensa-esp-elf/esp-15.2.0_20251204/xtensa-esp-elf/bin/../lib/gcc/xtensa-esp-elf/15.2.0/../../../../xtensa-esp-elf/lib/esp32]
    arg [-L/home/coder/.espressif/tools/xtensa-esp-elf/esp-15.2.0_20251204/xtensa-esp-elf/bin/../xtensa-esp-elf/lib/esp32] ==> dir [/home/coder/.espressif/tools/xtensa-esp-elf/esp-15.2.0_20251204/xtensa-esp-elf/bin/../xtensa-esp-elf/lib/esp32]
    arg [-L/home/coder/.espressif/tools/xtensa-esp-elf/esp-15.2.0_20251204/xtensa-esp-elf/bin/../lib/gcc/xtensa-esp-elf/15.2.0] ==> dir [/home/coder/.espressif/tools/xtensa-esp-elf/esp-15.2.0_20251204/xtensa-esp-elf/bin/../lib/gcc/xtensa-esp-elf/15.2.0]
    arg [-L/home/coder/.espressif/tools/xtensa-esp-elf/esp-15.2.0_20251204/xtensa-esp-elf/bin/../lib/gcc] ==> dir [/home/coder/.espressif/tools/xtensa-esp-elf/esp-15.2.0_20251204/xtensa-esp-elf/bin/../lib/gcc]
    arg [-L/home/coder/.espressif/tools/xtensa-esp-elf/esp-15.2.0_20251204/xtensa-esp-elf/bin/../lib/gcc/xtensa-esp-elf/15.2.0/../../../../xtensa-esp-elf/lib] ==> dir [/home/coder/.espressif/tools/xtensa-esp-elf/esp-15.2.0_20251204/xtensa-esp-elf/bin/../lib/gcc/xtensa-esp-elf/15.2.0/../../../../xtensa-esp-elf/lib]
    arg [-L/home/coder/.espressif/tools/xtensa-esp-elf/esp-15.2.0_20251204/xtensa-esp-elf/bin/../xtensa-esp-elf/lib] ==> dir [/home/coder/.espressif/tools/xtensa-esp-elf/esp-15.2.0_20251204/xtensa-esp-elf/bin/../xtensa-esp-elf/lib]
    arg [-L/home/coder/.espressif/tools/xtensa-esp-elf/esp-15.2.0_20251204/xtensa-esp-elf/bin/../xtensa-esp-elf/usr/lib] ==> dir [/home/coder/.espressif/tools/xtensa-esp-elf/esp-15.2.0_20251204/xtensa-esp-elf/bin/../xtensa-esp-elf/usr/lib]
    arg [@/tmp/ccJzYI3E] ==> ignore
    arg [-lgcc] ==> lib [gcc]
    arg [--start-group] ==> ignore
    arg [-lgcc] ==> lib [gcc]
    arg [-lc] ==> lib [c]
    arg [--end-group] ==> ignore
    arg [-lgcc] ==> lib [gcc]
  collapse obj [/home/coder/.espressif/tools/xtensa-esp-elf/esp-15.2.0_20251204/xtensa-esp-elf/bin/../xtensa-esp-elf/../picolibc/xtensa-esp-elf/lib/esp32/crt0.o] ==> [/home/coder/.espressif/tools/xtensa-esp-elf/esp-15.2.0_20251204/xtensa-esp-elf/picolibc/xtensa-esp-elf/lib/esp32/crt0.o]
  collapse library dir [/home/coder/.espressif/tools/xtensa-esp-elf/esp-15.2.0_20251204/xtensa-esp-elf/bin/../xtensa-esp-elf/../picolibc/xtensa-esp-elf/lib/esp32] ==> [/home/coder/.espressif/tools/xtensa-esp-elf/esp-15.2.0_20251204/xtensa-esp-elf/picolibc/xtensa-esp-elf/lib/esp32]
  collapse library dir [/home/coder/.espressif/tools/xtensa-esp-elf/esp-15.2.0_20251204/xtensa-esp-elf/bin/../xtensa-esp-elf/../picolibc/xtensa-esp-elf/lib] ==> [/home/coder/.espressif/tools/xtensa-esp-elf/esp-15.2.0_20251204/xtensa-esp-elf/picolibc/xtensa-esp-elf/lib]
  collapse library dir [/home/coder/.espressif/tools/xtensa-esp-elf/esp-15.2.0_20251204/xtensa-esp-elf/bin/../xtensa-esp-elf/../picolibc/lib/gcc/xtensa-esp-elf/15.2.0/esp32] ==> [/home/coder/.espressif/tools/xtensa-esp-elf/esp-15.2.0_20251204/xtensa-esp-elf/picolibc/lib/gcc/xtensa-esp-elf/15.2.0/esp32]
  collapse library dir [/home/coder/.espressif/tools/xtensa-esp-elf/esp-15.2.0_20251204/xtensa-esp-elf/bin/../xtensa-esp-elf/../picolibc/lib/gcc/xtensa-esp-elf/15.2.0] ==> [/home/coder/.espressif/tools/xtensa-esp-elf/esp-15.2.0_20251204/xtensa-esp-elf/picolibc/lib/gcc/xtensa-esp-elf/15.2.0]
  collapse library dir [/home/coder/.espressif/tools/xtensa-esp-elf/esp-15.2.0_20251204/xtensa-esp-elf/bin/../lib/gcc/xtensa-esp-elf/15.2.0/esp32] ==> [/home/coder/.espressif/tools/xtensa-esp-elf/esp-15.2.0_20251204/xtensa-esp-elf/lib/gcc/xtensa-esp-elf/15.2.0/esp32]
  collapse library dir [/home/coder/.espressif/tools/xtensa-esp-elf/esp-15.2.0_20251204/xtensa-esp-elf/bin/../lib/gcc/xtensa-esp-elf/15.2.0/../../../../xtensa-esp-elf/lib/esp32] ==> [/home/coder/.espressif/tools/xtensa-esp-elf/esp-15.2.0_20251204/xtensa-esp-elf/xtensa-esp-elf/lib/esp32]
  collapse library dir [/home/coder/.espressif/tools/xtensa-esp-elf/esp-15.2.0_20251204/xtensa-esp-elf/bin/../xtensa-esp-elf/lib/esp32] ==> [/home/coder/.espressif/tools/xtensa-esp-elf/esp-15.2.0_20251204/xtensa-esp-elf/xtensa-esp-elf/lib/esp32]
  collapse library dir [/home/coder/.espressif/tools/xtensa-esp-elf/esp-15.2.0_20251204/xtensa-esp-elf/bin/../lib/gcc/xtensa-esp-elf/15.2.0] ==> [/home/coder/.espressif/tools/xtensa-esp-elf/esp-15.2.0_20251204/xtensa-esp-elf/lib/gcc/xtensa-esp-elf/15.2.0]
  collapse library dir [/home/coder/.espressif/tools/xtensa-esp-elf/esp-15.2.0_20251204/xtensa-esp-elf/bin/../lib/gcc] ==> [/home/coder/.espressif/tools/xtensa-esp-elf/esp-15.2.0_20251204/xtensa-esp-elf/lib/gcc]
  collapse library dir [/home/coder/.espressif/tools/xtensa-esp-elf/esp-15.2.0_20251204/xtensa-esp-elf/bin/../lib/gcc/xtensa-esp-elf/15.2.0/../../../../xtensa-esp-elf/lib] ==> [/home/coder/.espressif/tools/xtensa-esp-elf/esp-15.2.0_20251204/xtensa-esp-elf/xtensa-esp-elf/lib]
  collapse library dir [/home/coder/.espressif/tools/xtensa-esp-elf/esp-15.2.0_20251204/xtensa-esp-elf/bin/../xtensa-esp-elf/lib] ==> [/home/coder/.espressif/tools/xtensa-esp-elf/esp-15.2.0_20251204/xtensa-esp-elf/xtensa-esp-elf/lib]
  collapse library dir [/home/coder/.espressif/tools/xtensa-esp-elf/esp-15.2.0_20251204/xtensa-esp-elf/bin/../xtensa-esp-elf/usr/lib] ==> [/home/coder/.espressif/tools/xtensa-esp-elf/esp-15.2.0_20251204/xtensa-esp-elf/xtensa-esp-elf/usr/lib]
  implicit libs: [gcc;gcc;c;gcc]
  implicit objs: [/home/coder/.espressif/tools/xtensa-esp-elf/esp-15.2.0_20251204/xtensa-esp-elf/picolibc/xtensa-esp-elf/lib/esp32/crt0.o]
  implicit dirs: [/home/coder/.espressif/tools/xtensa-esp-elf/esp-15.2.0_20251204/xtensa-esp-elf/picolibc/xtensa-esp-elf/lib/esp32;/home/coder/.espressif/tools/xtensa-esp-elf/esp-15.2.0_20251204/xtensa-esp-elf/picolibc/xtensa-esp-elf/lib;/home/coder/.espressif/tools/xtensa-esp-elf/esp-15.2.0_20251204/xtensa-esp-elf/picolibc/lib/gcc/xtensa-esp-elf/15.2.0/esp32;/home/coder/.espressif/tools/xtensa-esp-elf/esp-15.2.0_20251204/xtensa-esp-elf/picolibc/lib/gcc/xtensa-esp-elf/15.2.0;/home/coder/.espressif/tools/xtensa-esp-elf/esp-15.2.0_20251204/xtensa-esp-elf/lib/gcc/xtensa-esp-elf/15.2.0/esp32;/home/coder/.espressif/tools/xtensa-esp-elf/esp-15.2.0_20251204/xtensa-esp-elf/xtensa-esp-elf/lib/esp32;/home/coder/.espressif/tools/xtensa-esp-elf/esp-15.2.0_20251204/xtensa-esp-elf/lib/gcc/xtensa-esp-elf/15.2.0;/home/coder/.espressif/tools/xtensa-esp-elf/esp-15.2.0_20251204/xtensa-esp-elf/lib/gcc;/home/coder/.espressif/tools/xtensa-esp-elf/esp-15.2.0_20251204/xtensa-esp-elf/xtensa-esp-elf/lib;/home/coder/.espressif/tools/xtensa-esp-elf/esp-15.2.0_20251204/xtensa-esp-elf/xtensa-esp-elf/usr/lib]
  implicit fwks: []


Detecting CXX compiler ABI info compiled with the following output:
Change Dir: /workspace/hello-wroom/build/bootloader/CMakeFiles/CMakeTmp

Run Build Command(s):/usr/bin/ninja cmTC_09cf8 && [1/2] Building CXX object CMakeFiles/cmTC_09cf8.dir/CMakeCXXCompilerABI.cpp.obj
Using built-in specs.
Reading specs from /workspace/hello-wroom/build/bootloader/specs/picolibc.specs
rename spec link to picolibc_link
rename spec link_libgcc to picolibc_link_libgcc
rename spec cpp to picolibc_cpp
rename spec cc1 to picolibc_cc1
rename spec cc1plus to picolibc_cc1plus
COLLECT_GCC=/home/coder/.espressif/tools/xtensa-esp-elf/esp-15.2.0_20251204/xtensa-esp-elf/bin/xtensa-esp-elf-g++
Target: xtensa-esp-elf
Configured with: /builds/idf/crosstool-NG/.build/xtensa-esp-elf/src/gcc/configure --build=x86_64-build_pc-linux-gnu --host=x86_64-build_pc-linux-gnu --target=xtensa-esp-elf --prefix=/builds/idf/crosstool-NG/builds/xtensa-esp-elf --exec_prefix=/builds/idf/crosstool-NG/builds/xtensa-esp-elf --with-local-prefix=/builds/idf/crosstool-NG/builds/xtensa-esp-elf/xtensa-esp-elf --with-sysroot=/builds/idf/crosstool-NG/builds/xtensa-esp-elf/xtensa-esp-elf --with-native-system-header-dir=/include --with-headers=/builds/idf/crosstool-NG/builds/xtensa-esp-elf/xtensa-esp-elf/include --with-newlib --enable-threads=no --disable-shared --with-pkgversion='crosstool-NG esp-15.2.0_20251204' --disable-__cxa_atexit --enable-cxx-flags='-ffunction-sections -fdata-sections' --disable-libgomp --disable-libmudflap --disable-libmpx --disable-libssp --disable-libquadmath --disable-libquadmath-support --disable-libstdcxx-verbose --with-gmp=/builds/idf/crosstool-NG/.build/xtensa-esp-elf/buildtools --with-mpfr=/builds/idf/crosstool-NG/.build/xtensa-esp-elf/buildtools --with-mpc=/builds/idf/crosstool-NG/.build/xtensa-esp-elf/buildtools --with-isl=/builds/idf/crosstool-NG/.build/xtensa-esp-elf/buildtools --enable-lto --enable-target-optspace --without-long-double-128 --enable-plugin --disable-nls --enable-multiarch --enable-languages=c,c++ --disable-libstdcxx-verbose --enable-threads=posix --enable-libstdcxx-time=yes --disable-win32-utf8-manifest
Thread model: posix
Supported LTO compression algorithms: zlib zstd
gcc version 15.2.0 (crosstool-NG esp-15.2.0_20251204) 
COLLECT_GCC_OPTIONS='-mdynconfig=xtensa_esp32.so' '-specs=/workspace/hello-wroom/build/bootloader/specs/picolibc.specs' '-v' '-o' 'CMakeFiles/cmTC_09cf8.dir/CMakeCXXCompilerABI.cpp.obj' '-c' '-dumpdir' 'CMakeFiles/cmTC_09cf8.dir/'
 /home/coder/.espressif/tools/xtensa-esp-elf/esp-15.2.0_20251204/xtensa-esp-elf/bin/../libexec/gcc/xtensa-esp-elf/15.2.0/cc1plus -quiet -v -imultilib esp32 -iprefix /home/coder/.espressif/tools/xtensa-esp-elf/esp-15.2.0_20251204/xtensa-esp-elf/bin/../lib/gcc/xtensa-esp-elf/15.2.0/ -isysroot /home/coder/.espressif/tools/xtensa-esp-elf/esp-15.2.0_20251204/xtensa-esp-elf/bin/../xtensa-esp-elf /usr/share/cmake-3.22/Modules/CMakeCXXCompilerABI.cpp -ftls-model=local-exec -quiet -dumpdir CMakeFiles/cmTC_09cf8.dir/ -dumpbase CMakeCXXCompilerABI.cpp.cpp -dumpbase-ext .cpp -mdynconfig=xtensa_esp32.so -version -isystem /home/coder/.espressif/tools/xtensa-esp-elf/esp-15.2.0_20251204/xtensa-esp-elf/bin/../xtensa-esp-elf/../picolibc/include -isystem /home/coder/.espressif/tools/xtensa-esp-elf/esp-15.2.0_20251204/xtensa-esp-elf/bin/../xtensa-esp-elf/../picolibc/include/../xtensa-esp-elf/include/c++/15.2.0/xtensa-esp-elf/esp32 -ftls-model=local-exec -o /tmp/ccAAx2T1.s
GNU C++17 (crosstool-NG esp-15.2.0_20251204) version 15.2.0 (xtensa-esp-elf)
	compiled by GNU C version 6.3.0, GMP version 6.3.0, MPFR version 4.2.1, MPC version 1.3.1, isl version isl-0.26-GMP

GGC heuristics: --param ggc-min-expand=100 --param ggc-min-heapsize=131072
ignoring duplicate directory "/home/coder/.espressif/tools/xtensa-esp-elf/esp-15.2.0_20251204/xtensa-esp-elf/bin/../lib/gcc/../../lib/gcc/xtensa-esp-elf/15.2.0/../../../../xtensa-esp-elf/include/c++/15.2.0"
ignoring duplicate directory "/home/coder/.espressif/tools/xtensa-esp-elf/esp-15.2.0_20251204/xtensa-esp-elf/bin/../lib/gcc/../../lib/gcc/xtensa-esp-elf/15.2.0/../../../../xtensa-esp-elf/include/c++/15.2.0/xtensa-esp-elf/esp32"
ignoring duplicate directory "/home/coder/.espressif/tools/xtensa-esp-elf/esp-15.2.0_20251204/xtensa-esp-elf/bin/../lib/gcc/../../lib/gcc/xtensa-esp-elf/15.2.0/../../../../xtensa-esp-elf/include/c++/15.2.0/backward"
ignoring duplicate directory "/home/coder/.espressif/tools/xtensa-esp-elf/esp-15.2.0_20251204/xtensa-esp-elf/bin/../lib/gcc/../../lib/gcc/xtensa-esp-elf/15.2.0/include"
ignoring nonexistent directory "/home/coder/.espressif/tools/xtensa-esp-elf/esp-15.2.0_20251204/xtensa-esp-elf/bin/../xtensa-esp-elf/builds/idf/crosstool-NG/builds/xtensa-esp-elf/xtensa-esp-elf/include"
ignoring duplicate directory "/home/coder/.espressif/tools/xtensa-esp-elf/esp-15.2.0_20251204/xtensa-esp-elf/bin/../lib/gcc/../../lib/gcc/xtensa-esp-elf/15.2.0/include-fixed"
ignoring duplicate directory "/home/coder/.espressif/tools/xtensa-esp-elf/esp-15.2.0_20251204/xtensa-esp-elf/bin/../lib/gcc/../../lib/gcc/xtensa-esp-elf/15.2.0/../../../../xtensa-esp-elf/include"
ignoring duplicate directory "/home/coder/.espressif/tools/xtensa-esp-elf/esp-15.2.0_20251204/xtensa-esp-elf/bin/../xtensa-esp-elf/include"
#include "..." search starts here:
#include <...> search starts here:
 /home/coder/.espressif/tools/xtensa-esp-elf/esp-15.2.0_20251204/xtensa-esp-elf/bin/../xtensa-esp-elf/../picolibc/include
 /home/coder/.espressif/tools/xtensa-esp-elf/esp-15.2.0_20251204/xtensa-esp-elf/bin/../xtensa-esp-elf/../picolibc/include/../xtensa-esp-elf/include/c++/15.2.0/xtensa-esp-elf/esp32
 /home/coder/.espressif/tools/xtensa-esp-elf/esp-15.2.0_20251204/xtensa-esp-elf/bin/../lib/gcc/xtensa-esp-elf/15.2.0/../../../../xtensa-esp-elf/include/c++/15.2.0
 /home/coder/.espressif/tools/xtensa-esp-elf/esp-15.2.0_20251204/xtensa-esp-elf/bin/../lib/gcc/xtensa-esp-elf/15.2.0/../../../../xtensa-esp-elf/include/c++/15.2.0/xtensa-esp-elf/esp32
 /home/coder/.espressif/tools/xtensa-esp-elf/esp-15.2.0_20251204/xtensa-esp-elf/bin/../lib/gcc/xtensa-esp-elf/15.2.0/../../../../xtensa-esp-elf/include/c++/15.2.0/backward
 /home/coder/.espressif/tools/xtensa-esp-elf/esp-15.2.0_20251204/xtensa-esp-elf/bin/../lib/gcc/xtensa-esp-elf/15.2.0/include
 /home/coder/.espressif/tools/xtensa-esp-elf/esp-15.2.0_20251204/xtensa-esp-elf/bin/../lib/gcc/xtensa-esp-elf/15.2.0/include-fixed
 /home/coder/.espressif/tools/xtensa-esp-elf/esp-15.2.0_20251204/xtensa-esp-elf/bin/../lib/gcc/xtensa-esp-elf/15.2.0/../../../../xtensa-esp-elf/include
End of search list.
Compiler executable checksum: ddaf5163ec1d262ade9e7a5c85eeee1b
COLLECT_GCC_OPTIONS='-mdynconfig=xtensa_esp32.so' '-specs=/workspace/hello-wroom/build/bootloader/specs/picolibc.specs' '-v' '-o' 'CMakeFiles/cmTC_09cf8.dir/CMakeCXXCompilerABI.cpp.obj' '-c' '-dumpdir' 'CMakeFiles/cmTC_09cf8.dir/'
 /home/coder/.espressif/tools/xtensa-esp-elf/esp-15.2.0_20251204/xtensa-esp-elf/bin/../lib/gcc/xtensa-esp-elf/15.2.0/../../../../xtensa-esp-elf/bin/as --traditional-format --dynconfig=xtensa_esp32.so -o CMakeFiles/cmTC_09cf8.dir/CMakeCXXCompilerABI.cpp.obj /tmp/ccAAx2T1.s
COMPILER_PATH=/home/coder/.espressif/tools/xtensa-esp-elf/esp-15.2.0_20251204/xtensa-esp-elf/bin/../libexec/gcc/xtensa-esp-elf/15.2.0/:/home/coder/.espressif/tools/xtensa-esp-elf/esp-15.2.0_20251204/xtensa-esp-elf/bin/../libexec/gcc/:/home/coder/.espressif/tools/xtensa-esp-elf/esp-15.2.0_20251204/xtensa-esp-elf/bin/../lib/gcc/xtensa-esp-elf/15.2.0/../../../../xtensa-esp-elf/bin/
LIBRARY_PATH=/home/coder/.espressif/tools/xtensa-esp-elf/esp-15.2.0_20251204/xtensa-esp-elf/bin/../lib/gcc/xtensa-esp-elf/15.2.0/esp32/:/home/coder/.espressif/tools/xtensa-esp-elf/esp-15.2.0_20251204/xtensa-esp-elf/bin/../lib/gcc/xtensa-esp-elf/15.2.0/../../../../xtensa-esp-elf/lib/esp32/:/home/coder/.espressif/tools/xtensa-esp-elf/esp-15.2.0_20251204/xtensa-esp-elf/bin/../xtensa-esp-elf/lib/esp32/:/home/coder/.espressif/tools/xtensa-esp-elf/esp-15.2.0_20251204/xtensa-esp-elf/bin/../lib/gcc/xtensa-esp-elf/15.2.0/:/home/coder/.espressif/tools/xtensa-esp-elf/esp-15.2.0_20251204/xtensa-esp-elf/bin/../lib/gcc/:/home/coder/.espressif/tools/xtensa-esp-elf/esp-15.2.0_20251204/xtensa-esp-elf/bin/../lib/gcc/xtensa-esp-elf/15.2.0/../../../../xtensa-esp-elf/lib/:/home/coder/.espressif/tools/xtensa-esp-elf/esp-15.2.0_20251204/xtensa-esp-elf/bin/../xtensa-esp-elf/lib/:/home/coder/.espressif/tools/xtensa-esp-elf/esp-15.2.0_20251204/xtensa-esp-elf/bin/../xtensa-esp-elf/usr/lib/
COLLECT_GCC_OPTIONS='-mdynconfig=xtensa_esp32.so' '-specs=/workspace/hello-wroom/build/bootloader/specs/picolibc.specs' '-v' '-o' 'CMakeFiles/cmTC_09cf8.dir/CMakeCXXCompilerABI.cpp.obj' '-c' '-dumpdir' 'CMakeFiles/cmTC_09cf8.dir/CMakeCXXCompilerABI.cpp.'
[2/2] Linking CXX executable cmTC_09cf8
Using built-in specs.
Reading specs from /workspace/hello-wroom/build/bootloader/specs/picolibc.specs
rename spec link to picolibc_link
rename spec link_libgcc to picolibc_link_libgcc
rename spec cpp to picolibc_cpp
rename spec cc1 to picolibc_cc1
rename spec cc1plus to picolibc_cc1plus
COLLECT_GCC=/home/coder/.espressif/tools/xtensa-esp-elf/esp-15.2.0_20251204/xtensa-esp-elf/bin/xtensa-esp-elf-g++
COLLECT_LTO_WRAPPER=/home/coder/.espressif/tools/xtensa-esp-elf/esp-15.2.0_20251204/xtensa-esp-elf/bin/../libexec/gcc/xtensa-esp-elf/15.2.0/lto-wrapper
Target: xtensa-esp-elf
Configured with: /builds/idf/crosstool-NG/.build/xtensa-esp-elf/src/gcc/configure --build=x86_64-build_pc-linux-gnu --host=x86_64-build_pc-linux-gnu --target=xtensa-esp-elf --prefix=/builds/idf/crosstool-NG/builds/xtensa-esp-elf --exec_prefix=/builds/idf/crosstool-NG/builds/xtensa-esp-elf --with-local-prefix=/builds/idf/crosstool-NG/builds/xtensa-esp-elf/xtensa-esp-elf --with-sysroot=/builds/idf/crosstool-NG/builds/xtensa-esp-elf/xtensa-esp-elf --with-native-system-header-dir=/include --with-headers=/builds/idf/crosstool-NG/builds/xtensa-esp-elf/xtensa-esp-elf/include --with-newlib --enable-threads=no --disable-shared --with-pkgversion='crosstool-NG esp-15.2.0_20251204' --disable-__cxa_atexit --enable-cxx-flags='-ffunction-sections -fdata-sections' --disable-libgomp --disable-libmudflap --disable-libmpx --disable-libssp --disable-libquadmath --disable-libquadmath-support --disable-libstdcxx-verbose --with-gmp=/builds/idf/crosstool-NG/.build/xtensa-esp-elf/buildtools --with-mpfr=/builds/idf/crosstool-NG/.build/xtensa-esp-elf/buildtools --with-mpc=/builds/idf/crosstool-NG/.build/xtensa-esp-elf/buildtools --with-isl=/builds/idf/crosstool-NG/.build/xtensa-esp-elf/buildtools --enable-lto --enable-target-optspace --without-long-double-128 --enable-plugin --disable-nls --enable-multiarch --enable-languages=c,c++ --disable-libstdcxx-verbose --enable-threads=posix --enable-libstdcxx-time=yes --disable-win32-utf8-manifest
Thread model: posix
Supported LTO compression algorithms: zlib zstd
gcc version 15.2.0 (crosstool-NG esp-15.2.0_20251204) 
COMPILER_PATH=/home/coder/.espressif/tools/xtensa-esp-elf/esp-15.2.0_20251204/xtensa-esp-elf/bin/../libexec/gcc/xtensa-esp-elf/15.2.0/:/home/coder/.espressif/tools/xtensa-esp-elf/esp-15.2.0_20251204/xtensa-esp-elf/bin/../libexec/gcc/:/home/coder/.espressif/tools/xtensa-esp-elf/esp-15.2.0_20251204/xtensa-esp-elf/bin/../lib/gcc/xtensa-esp-elf/15.2.0/../../../../xtensa-esp-elf/bin/
LIBRARY_PATH=/home/coder/.espressif/tools/xtensa-esp-elf/esp-15.2.0_20251204/xtensa-esp-elf/bin/../lib/gcc/xtensa-esp-elf/15.2.0/esp32/:/home/coder/.espressif/tools/xtensa-esp-elf/esp-15.2.0_20251204/xtensa-esp-elf/bin/../lib/gcc/xtensa-esp-elf/15.2.0/../../../../xtensa-esp-elf/lib/esp32/:/home/coder/.espressif/tools/xtensa-esp-elf/esp-15.2.0_20251204/xtensa-esp-elf/bin/../xtensa-esp-elf/lib/esp32/:/home/coder/.espressif/tools/xtensa-esp-elf/esp-15.2.0_20251204/xtensa-esp-elf/bin/../lib/gcc/xtensa-esp-elf/15.2.0/:/home/coder/.espressif/tools/xtensa-esp-elf/esp-15.2.0_20251204/xtensa-esp-elf/bin/../lib/gcc/:/home/coder/.espressif/tools/xtensa-esp-elf/esp-15.2.0_20251204/xtensa-esp-elf/bin/../lib/gcc/xtensa-esp-elf/15.2.0/../../../../xtensa-esp-elf/lib/:/home/coder/.espressif/tools/xtensa-esp-elf/esp-15.2.0_20251204/xtensa-esp-elf/bin/../xtensa-esp-elf/lib/:/home/coder/.espressif/tools/xtensa-esp-elf/esp-15.2.0_20251204/xtensa-esp-elf/bin/../xtensa-esp-elf/usr/lib/
COLLECT_GCC_OPTIONS='-mdynconfig=xtensa_esp32.so' '-specs=/workspace/hello-wroom/build/bootloader/specs/picolibc.specs' '-v' '-o' 'cmTC_09cf8' '-dumpdir' 'cmTC_09cf8.'
 /home/coder/.espressif/tools/xtensa-esp-elf/esp-15.2.0_20251204/xtensa-esp-elf/bin/../libexec/gcc/xtensa-esp-elf/15.2.0/collect2 -plugin /home/coder/.espressif/tools/xtensa-esp-elf/esp-15.2.0_20251204/xtensa-esp-elf/bin/../libexec/gcc/xtensa-esp-elf/15.2.0/liblto_plugin.so -plugin-opt=/home/coder/.espressif/tools/xtensa-esp-elf/esp-15.2.0_20251204/xtensa-esp-elf/bin/../libexec/gcc/xtensa-esp-elf/15.2.0/lto-wrapper -plugin-opt=-fresolution=/tmp/ccHdU9YE.res -plugin-opt=-pass-through=-lgcc -plugin-opt=-pass-through=-lgcc -plugin-opt=-pass-through=-lc -plugin-opt=-pass-through=-lgcc -L/home/coder/.espressif/tools/xtensa-esp-elf/esp-15.2.0_20251204/xtensa-esp-elf/bin/../xtensa-esp-elf/../picolibc/xtensa-esp-elf/lib/esp32 -L/home/coder/.espressif/tools/xtensa-esp-elf/esp-15.2.0_20251204/xtensa-esp-elf/bin/../xtensa-esp-elf/../picolibc/xtensa-esp-elf/lib -Tpicolibc.ld --sysroot=/home/coder/.espressif/tools/xtensa-esp-elf/esp-15.2.0_20251204/xtensa-esp-elf/bin/../xtensa-esp-elf --dynconfig=xtensa_esp32.so -o cmTC_09cf8 /home/coder/.espressif/tools/xtensa-esp-elf/esp-15.2.0_20251204/xtensa-esp-elf/bin/../xtensa-esp-elf/../picolibc/xtensa-esp-elf/lib/esp32/crt0.o -L/home/coder/.espressif/tools/xtensa-esp-elf/esp-15.2.0_20251204/xtensa-esp-elf/bin/../xtensa-esp-elf/../picolibc/lib/gcc/xtensa-esp-elf/15.2.0/esp32 -L/home/coder/.espressif/tools/xtensa-esp-elf/esp-15.2.0_20251204/xtensa-esp-elf/bin/../xtensa-esp-elf/../picolibc/lib/gcc/xtensa-esp-elf/15.2.0 -L/home/coder/.espressif/tools/xtensa-esp-elf/esp-15.2.0_20251204/xtensa-esp-elf/bin/../lib/gcc/xtensa-esp-elf/15.2.0/esp32 -L/home/coder/.espressif/tools/xtensa-esp-elf/esp-15.2.0_20251204/xtensa-esp-elf/bin/../lib/gcc/xtensa-esp-elf/15.2.0/../../../../xtensa-esp-elf/lib/esp32 -L/home/coder/.espressif/tools/xtensa-esp-elf/esp-15.2.0_20251204/xtensa-esp-elf/bin/../xtensa-esp-elf/lib/esp32 -L/home/coder/.espressif/tools/xtensa-esp-elf/esp-15.2.0_20251204/xtensa-esp-elf/bin/../lib/gcc/xtensa-esp-elf/15.2.0 -L/home/coder/.espressif/tools/xtensa-esp-elf/esp-15.2.0_20251204/xtensa-esp-elf/bin/../lib/gcc -L/home/coder/.espressif/tools/xtensa-esp-elf/esp-15.2.0_20251204/xtensa-esp-elf/bin/../lib/gcc/xtensa-esp-elf/15.2.0/../../../../xtensa-esp-elf/lib -L/home/coder/.espressif/tools/xtensa-esp-elf/esp-15.2.0_20251204/xtensa-esp-elf/bin/../xtensa-esp-elf/lib -L/home/coder/.espressif/tools/xtensa-esp-elf/esp-15.2.0_20251204/xtensa-esp-elf/bin/../xtensa-esp-elf/usr/lib @/tmp/ccehLyv8 -lgcc --start-group -lgcc -lc --end-group -lgcc
COLLECT_GCC_OPTIONS='-mdynconfig=xtensa_esp32.so' '-specs=/workspace/hello-wroom/build/bootloader/specs/picolibc.specs' '-v' '-o' 'cmTC_09cf8' '-dumpdir' 'cmTC_09cf8.'



Parsed CXX implicit include dir info from above output: rv=done
  found start of include info
  found start of implicit include info
    add: [/home/coder/.espressif/tools/xtensa-esp-elf/esp-15.2.0_20251204/xtensa-esp-elf/bin/../xtensa-esp-elf/../picolibc/include]
    add: [/home/coder/.espressif/tools/xtensa-esp-elf/esp-15.2.0_20251204/xtensa-esp-elf/bin/../xtensa-esp-elf/../picolibc/include/../xtensa-esp-elf/include/c++/15.2.0/xtensa-esp-elf/esp32]
    add: [/home/coder/.espressif/tools/xtensa-esp-elf/esp-15.2.0_20251204/xtensa-esp-elf/bin/../lib/gcc/xtensa-esp-elf/15.2.0/../../../../xtensa-esp-elf/include/c++/15.2.0]
    add: [/home/coder/.espressif/tools/xtensa-esp-elf/esp-15.2.0_20251204/xtensa-esp-elf/bin/../lib/gcc/xtensa-esp-elf/15.2.0/../../../../xtensa-esp-elf/include/c++/15.2.0/xtensa-esp-elf/esp32]
    add: [/home/coder/.espressif/tools/xtensa-esp-elf/esp-15.2.0_20251204/xtensa-esp-elf/bin/../lib/gcc/xtensa-esp-elf/15.2.0/../../../../xtensa-esp-elf/include/c++/15.2.0/backward]
    add: [/home/coder/.espressif/tools/xtensa-esp-elf/esp-15.2.0_20251204/xtensa-esp-elf/bin/../lib/gcc/xtensa-esp-elf/15.2.0/include]
    add: [/home/coder/.espressif/tools/xtensa-esp-elf/esp-15.2.0_20251204/xtensa-esp-elf/bin/../lib/gcc/xtensa-esp-elf/15.2.0/include-fixed]
    add: [/home/coder/.espressif/tools/xtensa-esp-elf/esp-15.2.0_20251204/xtensa-esp-elf/bin/../lib/gcc/xtensa-esp-elf/15.2.0/../../../../xtensa-esp-elf/include]
  end of search list found
  collapse include dir [/home/coder/.espressif/tools/xtensa-esp-elf/esp-15.2.0_20251204/xtensa-esp-elf/bin/../xtensa-esp-elf/../picolibc/include] ==> [/home/coder/.espressif/tools/xtensa-esp-elf/esp-15.2.0_20251204/xtensa-esp-elf/picolibc/include]
  collapse include dir [/home/coder/.espressif/tools/xtensa-esp-elf/esp-15.2.0_20251204/xtensa-esp-elf/bin/../xtensa-esp-elf/../picolibc/include/../xtensa-esp-elf/include/c++/15.2.0/xtensa-esp-elf/esp32] ==> [/home/coder/.espressif/tools/xtensa-esp-elf/esp-15.2.0_20251204/xtensa-esp-elf/picolibc/xtensa-esp-elf/include/c++/15.2.0/xtensa-esp-elf/esp32]
  collapse include dir [/home/coder/.espressif/tools/xtensa-esp-elf/esp-15.2.0_20251204/xtensa-esp-elf/bin/../lib/gcc/xtensa-esp-elf/15.2.0/../../../../xtensa-esp-elf/include/c++/15.2.0] ==> [/home/coder/.espressif/tools/xtensa-esp-elf/esp-15.2.0_20251204/xtensa-esp-elf/xtensa-esp-elf/include/c++/15.2.0]
  collapse include dir [/home/coder/.espressif/tools/xtensa-esp-elf/esp-15.2.0_20251204/xtensa-esp-elf/bin/../lib/gcc/xtensa-esp-elf/15.2.0/../../../../xtensa-esp-elf/include/c++/15.2.0/xtensa-esp-elf/esp32] ==> [/home/coder/.espressif/tools/xtensa-esp-elf/esp-15.2.0_20251204/xtensa-esp-elf/xtensa-esp-elf/include/c++/15.2.0/xtensa-esp-elf/esp32]
  collapse include dir [/home/coder/.espressif/tools/xtensa-esp-elf/esp-15.2.0_20251204/xtensa-esp-elf/bin/../lib/gcc/xtensa-esp-elf/15.2.0/../../../../xtensa-esp-elf/include/c++/15.2.0/backward] ==> [/home/coder/.espressif/tools/xtensa-esp-elf/esp-15.2.0_20251204/xtensa-esp-elf/xtensa-esp-elf/include/c++/15.2.0/backward]
  collapse include dir [/home/coder/.espressif/tools/xtensa-esp-elf/esp-15.2.0_20251204/xtensa-esp-elf/bin/../lib/gcc/xtensa-esp-elf/15.2.0/include] ==> [/home/coder/.espressif/tools/xtensa-esp-elf/esp-15.2.0_20251204/xtensa-esp-elf/lib/gcc/xtensa-esp-elf/15.2.0/include]
  collapse include dir [/home/coder/.espressif/tools/xtensa-esp-elf/esp-15.2.0_20251204/xtensa-esp-elf/bin/../lib/gcc/xtensa-esp-elf/15.2.0/include-fixed] ==> [/home/coder/.espressif/tools/xtensa-esp-elf/esp-15.2.0_20251204/xtensa-esp-elf/lib/gcc/xtensa-esp-elf/15.2.0/include-fixed]
  collapse include dir [/home/coder/.espressif/tools/xtensa-esp-elf/esp-15.2.0_20251204/xtensa-esp-elf/bin/../lib/gcc/xtensa-esp-elf/15.2.0/../../../../xtensa-esp-elf/include] ==> [/home/coder/.espressif/tools/xtensa-esp-elf/esp-15.2.0_20251204/xtensa-esp-elf/xtensa-esp-elf/include]
  implicit include dirs: [/home/coder/.espressif/tools/xtensa-esp-elf/esp-15.2.0_20251204/xtensa-esp-elf/picolibc/include;/home/coder/.espressif/tools/xtensa-esp-elf/esp-15.2.0_20251204/xtensa-esp-elf/picolibc/xtensa-esp-elf/include/c++/15.2.0/xtensa-esp-elf/esp32;/home/coder/.espressif/tools/xtensa-esp-elf/esp-15.2.0_20251204/xtensa-esp-elf/xtensa-esp-elf/include/c++/15.2.0;/home/coder/.espressif/tools/xtensa-esp-elf/esp-15.2.0_20251204/xtensa-esp-elf/xtensa-esp-elf/include/c++/15.2.0/xtensa-esp-elf/esp32;/home/coder/.espressif/tools/xtensa-esp-elf/esp-15.2.0_20251204/xtensa-esp-elf/xtensa-esp-elf/include/c++/15.2.0/backward;/home/coder/.espressif/tools/xtensa-esp-elf/esp-15.2.0_20251204/xtensa-esp-elf/lib/gcc/xtensa-esp-elf/15.2.0/include;/home/coder/.espressif/tools/xtensa-esp-elf/esp-15.2.0_20251204/xtensa-esp-elf/lib/gcc/xtensa-esp-elf/15.2.0/include-fixed;/home/coder/.espressif/tools/xtensa-esp-elf/esp-15.2.0_20251204/xtensa-esp-elf/xtensa-esp-elf/include]


Parsed CXX implicit link information from above output:
  link line regex: [^( *|.*[/\])(xtensa-esp32-elf-ld|CMAKE_LINK_STARTFILE-NOTFOUND|([^/\]+-)?ld|collect2)[^/\]*( |$)]
  ignore line: [Change Dir: /workspace/hello-wroom/build/bootloader/CMakeFiles/CMakeTmp]
  ignore line: []
  ignore line: [Run Build Command(s):/usr/bin/ninja cmTC_09cf8 && [1/2] Building CXX object CMakeFiles/cmTC_09cf8.dir/CMakeCXXCompilerABI.cpp.obj]
  ignore line: [Using built-in specs.]
  ignore line: [Reading specs from /workspace/hello-wroom/build/bootloader/specs/picolibc.specs]
  ignore line: [rename spec link to picolibc_link]
  ignore line: [rename spec link_libgcc to picolibc_link_libgcc]
  ignore line: [rename spec cpp to picolibc_cpp]
  ignore line: [rename spec cc1 to picolibc_cc1]
  ignore line: [rename spec cc1plus to picolibc_cc1plus]
  ignore line: [COLLECT_GCC=/home/coder/.espressif/tools/xtensa-esp-elf/esp-15.2.0_20251204/xtensa-esp-elf/bin/xtensa-esp-elf-g++]
  ignore line: [Target: xtensa-esp-elf]
  ignore line: [Configured with: /builds/idf/crosstool-NG/.build/xtensa-esp-elf/src/gcc/configure --build=x86_64-build_pc-linux-gnu --host=x86_64-build_pc-linux-gnu --target=xtensa-esp-elf --prefix=/builds/idf/crosstool-NG/builds/xtensa-esp-elf --exec_prefix=/builds/idf/crosstool-NG/builds/xtensa-esp-elf --with-local-prefix=/builds/idf/crosstool-NG/builds/xtensa-esp-elf/xtensa-esp-elf --with-sysroot=/builds/idf/crosstool-NG/builds/xtensa-esp-elf/xtensa-esp-elf --with-native-system-header-dir=/include --with-headers=/builds/idf/crosstool-NG/builds/xtensa-esp-elf/xtensa-esp-elf/include --with-newlib --enable-threads=no --disable-shared --with-pkgversion='crosstool-NG esp-15.2.0_20251204' --disable-__cxa_atexit --enable-cxx-flags='-ffunction-sections -fdata-sections' --disable-libgomp --disable-libmudflap --disable-libmpx --disable-libssp --disable-libquadmath --disable-libquadmath-support --disable-libstdcxx-verbose --with-gmp=/builds/idf/crosstool-NG/.build/xtensa-esp-elf/buildtools --with-mpfr=/builds/idf/crosstool-NG/.build/xtensa-esp-elf/buildtools --with-mpc=/builds/idf/crosstool-NG/.build/xtensa-esp-elf/buildtools --with-isl=/builds/idf/crosstool-NG/.build/xtensa-esp-elf/buildtools --enable-lto --enable-target-optspace --without-long-double-128 --enable-plugin --disable-nls --enable-multiarch --enable-languages=c c++ --disable-libstdcxx-verbose --enable-threads=posix --enable-libstdcxx-time=yes --disable-win32-utf8-manifest]
  ignore line: [Thread model: posix]
  ignore line: [Supported LTO compression algorithms: zlib zstd]
  ignore line: [gcc version 15.2.0 (crosstool-NG esp-15.2.0_20251204) ]
  ignore line: [COLLECT_GCC_OPTIONS='-mdynconfig=xtensa_esp32.so' '-specs=/workspace/hello-wroom/build/bootloader/specs/picolibc.specs' '-v' '-o' 'CMakeFiles/cmTC_09cf8.dir/CMakeCXXCompilerABI.cpp.obj' '-c' '-dumpdir' 'CMakeFiles/cmTC_09cf8.dir/']
  ignore line: [ /home/coder/.espressif/tools/xtensa-esp-elf/esp-15.2.0_20251204/xtensa-esp-elf/bin/../libexec/gcc/xtensa-esp-elf/15.2.0/cc1plus -quiet -v -imultilib esp32 -iprefix /home/coder/.espressif/tools/xtensa-esp-elf/esp-15.2.0_20251204/xtensa-esp-elf/bin/../lib/gcc/xtensa-esp-elf/15.2.0/ -isysroot /home/coder/.espressif/tools/xtensa-esp-elf/esp-15.2.0_20251204/xtensa-esp-elf/bin/../xtensa-esp-elf /usr/share/cmake-3.22/Modules/CMakeCXXCompilerABI.cpp -ftls-model=local-exec -quiet -dumpdir CMakeFiles/cmTC_09cf8.dir/ -dumpbase CMakeCXXCompilerABI.cpp.cpp -dumpbase-ext .cpp -mdynconfig=xtensa_esp32.so -version -isystem /home/coder/.espressif/tools/xtensa-esp-elf/esp-15.2.0_20251204/xtensa-esp-elf/bin/../xtensa-esp-elf/../picolibc/include -isystem /home/coder/.espressif/tools/xtensa-esp-elf/esp-15.2.0_20251204/xtensa-esp-elf/bin/../xtensa-esp-elf/../picolibc/include/../xtensa-esp-elf/include/c++/15.2.0/xtensa-esp-elf/esp32 -ftls-model=local-exec -o /tmp/ccAAx2T1.s]
  ignore line: [GNU C++17 (crosstool-NG esp-15.2.0_20251204) version 15.2.0 (xtensa-esp-elf)]
  ignore line: [	compiled by GNU C version 6.3.0  GMP version 6.3.0  MPFR version 4.2.1  MPC version 1.3.1  isl version isl-0.26-GMP]
  ignore line: []
  ignore line: [GGC heuristics: --param ggc-min-expand=100 --param ggc-min-heapsize=131072]
  ignore line: [ignoring duplicate directory "/home/coder/.espressif/tools/xtensa-esp-elf/esp-15.2.0_20251204/xtensa-esp-elf/bin/../lib/gcc/../../lib/gcc/xtensa-esp-elf/15.2.0/../../../../xtensa-esp-elf/include/c++/15.2.0"]
  ignore line: [ignoring duplicate directory "/home/coder/.espressif/tools/xtensa-esp-elf/esp-15.2.0_20251204/xtensa-esp-elf/bin/../lib/gcc/../../lib/gcc/xtensa-esp-elf/15.2.0/../../../../xtensa-esp-elf/include/c++/15.2.0/xtensa-esp-elf/esp32"]
  ignore line: [ignoring duplicate directory "/home/coder/.espressif/tools/xtensa-esp-elf/esp-15.2.0_20251204/xtensa-esp-elf/bin/../lib/gcc/../../lib/gcc/xtensa-esp-elf/15.2.0/../../../../xtensa-esp-elf/include/c++/15.2.0/backward"]
  ignore line: [ignoring duplicate directory "/home/coder/.espressif/tools/xtensa-esp-elf/esp-15.2.0_20251204/xtensa-esp-elf/bin/../lib/gcc/../../lib/gcc/xtensa-esp-elf/15.2.0/include"]
  ignore line: [ignoring nonexistent directory "/home/coder/.espressif/tools/xtensa-esp-elf/esp-15.2.0_20251204/xtensa-esp-elf/bin/../xtensa-esp-elf/builds/idf/crosstool-NG/builds/xtensa-esp-elf/xtensa-esp-elf/include"]
  ignore line: [ignoring duplicate directory "/home/coder/.espressif/tools/xtensa-esp-elf/esp-15.2.0_20251204/xtensa-esp-elf/bin/../lib/gcc/../../lib/gcc/xtensa-esp-elf/15.2.0/include-fixed"]
  ignore line: [ignoring duplicate directory "/home/coder/.espressif/tools/xtensa-esp-elf/esp-15.2.0_20251204/xtensa-esp-elf/bin/../lib/gcc/../../lib/gcc/xtensa-esp-elf/15.2.0/../../../../xtensa-esp-elf/include"]
  ignore line: [ignoring duplicate directory "/home/coder/.espressif/tools/xtensa-esp-elf/esp-15.2.0_20251204/xtensa-esp-elf/bin/../xtensa-esp-elf/include"]
  ignore line: [#include "..." search starts here:]
  ignore line: [#include <...> search starts here:]
  ignore line: [ /home/coder/.espressif/tools/xtensa-esp-elf/esp-15.2.0_20251204/xtensa-esp-elf/bin/../xtensa-esp-elf/../picolibc/include]
  ignore line: [ /home/coder/.espressif/tools/xtensa-esp-elf/esp-15.2.0_20251204/xtensa-esp-elf/bin/../xtensa-esp-elf/../picolibc/include/../xtensa-esp-elf/include/c++/15.2.0/xtensa-esp-elf/esp32]
  ignore line: [ /home/coder/.espressif/tools/xtensa-esp-elf/esp-15.2.0_20251204/xtensa-esp-elf/bin/../lib/gcc/xtensa-esp-elf/15.2.0/../../../../xtensa-esp-elf/include/c++/15.2.0]
  ignore line: [ /home/coder/.espressif/tools/xtensa-esp-elf/esp-15.2.0_20251204/xtensa-esp-elf/bin/../lib/gcc/xtensa-esp-elf/15.2.0/../../../../xtensa-esp-elf/include/c++/15.2.0/xtensa-esp-elf/esp32]
  ignore line: [ /home/coder/.espressif/tools/xtensa-esp-elf/esp-15.2.0_20251204/xtensa-esp-elf/bin/../lib/gcc/xtensa-esp-elf/15.2.0/../../../../xtensa-esp-elf/include/c++/15.2.0/backward]
  ignore line: [ /home/coder/.espressif/tools/xtensa-esp-elf/esp-15.2.0_20251204/xtensa-esp-elf/bin/../lib/gcc/xtensa-esp-elf/15.2.0/include]
  ignore line: [ /home/coder/.espressif/tools/xtensa-esp-elf/esp-15.2.0_20251204/xtensa-esp-elf/bin/../lib/gcc/xtensa-esp-elf/15.2.0/include-fixed]
  ignore line: [ /home/coder/.espressif/tools/xtensa-esp-elf/esp-15.2.0_20251204/xtensa-esp-elf/bin/../lib/gcc/xtensa-esp-elf/15.2.0/../../../../xtensa-esp-elf/include]
  ignore line: [End of search list.]
  ignore line: [Compiler executable checksum: ddaf5163ec1d262ade9e7a5c85eeee1b]
  ignore line: [COLLECT_GCC_OPTIONS='-mdynconfig=xtensa_esp32.so' '-specs=/workspace/hello-wroom/build/bootloader/specs/picolibc.specs' '-v' '-o' 'CMakeFiles/cmTC_09cf8.dir/CMakeCXXCompilerABI.cpp.obj' '-c' '-dumpdir' 'CMakeFiles/cmTC_09cf8.dir/']
  ignore line: [ /home/coder/.espressif/tools/xtensa-esp-elf/esp-15.2.0_20251204/xtensa-esp-elf/bin/../lib/gcc/xtensa-esp-elf/15.2.0/../../../../xtensa-esp-elf/bin/as --traditional-format --dynconfig=xtensa_esp32.so -o CMakeFiles/cmTC_09cf8.dir/CMakeCXXCompilerABI.cpp.obj /tmp/ccAAx2T1.s]
  ignore line: [COMPILER_PATH=/home/coder/.espressif/tools/xtensa-esp-elf/esp-15.2.0_20251204/xtensa-esp-elf/bin/../libexec/gcc/xtensa-esp-elf/15.2.0/:/home/coder/.espressif/tools/xtensa-esp-elf/esp-15.2.0_20251204/xtensa-esp-elf/bin/../libexec/gcc/:/home/coder/.espressif/tools/xtensa-esp-elf/esp-15.2.0_20251204/xtensa-esp-elf/bin/../lib/gcc/xtensa-esp-elf/15.2.0/../../../../xtensa-esp-elf/bin/]
  ignore line: [LIBRARY_PATH=/home/coder/.espressif/tools/xtensa-esp-elf/esp-15.2.0_20251204/xtensa-esp-elf/bin/../lib/gcc/xtensa-esp-elf/15.2.0/esp32/:/home/coder/.espressif/tools/xtensa-esp-elf/esp-15.2.0_20251204/xtensa-esp-elf/bin/../lib/gcc/xtensa-esp-elf/15.2.0/../../../../xtensa-esp-elf/lib/esp32/:/home/coder/.espressif/tools/xtensa-esp-elf/esp-15.2.0_20251204/xtensa-esp-elf/bin/../xtensa-esp-elf/lib/esp32/:/home/coder/.espressif/tools/xtensa-esp-elf/esp-15.2.0_20251204/xtensa-esp-elf/bin/../lib/gcc/xtensa-esp-elf/15.2.0/:/home/coder/.espressif/tools/xtensa-esp-elf/esp-15.2.0_20251204/xtensa-esp-elf/bin/../lib/gcc/:/home/coder/.espressif/tools/xtensa-esp-elf/esp-15.2.0_20251204/xtensa-esp-elf/bin/../lib/gcc/xtensa-esp-elf/15.2.0/../../../../xtensa-esp-elf/lib/:/home/coder/.espressif/tools/xtensa-esp-elf/esp-15.2.0_20251204/xtensa-esp-elf/bin/../xtensa-esp-elf/lib/:/home/coder/.espressif/tools/xtensa-esp-elf/esp-15.2.0_20251204/xtensa-esp-elf/bin/../xtensa-esp-elf/usr/lib/]
  ignore line: [COLLECT_GCC_OPTIONS='-mdynconfig=xtensa_esp32.so' '-specs=/workspace/hello-wroom/build/bootloader/specs/picolibc.specs' '-v' '-o' 'CMakeFiles/cmTC_09cf8.dir/CMakeCXXCompilerABI.cpp.obj' '-c' '-dumpdir' 'CMakeFiles/cmTC_09cf8.dir/CMakeCXXCompilerABI.cpp.']
  ignore line: [[2/2] Linking CXX executable cmTC_09cf8]
  ignore line: [Using built-in specs.]
  ignore line: [Reading specs from /workspace/hello-wroom/build/bootloader/specs/picolibc.specs]
  ignore line: [rename spec link to picolibc_link]
  ignore line: [rename spec link_libgcc to picolibc_link_libgcc]
  ignore line: [rename spec cpp to picolibc_cpp]
  ignore line: [rename spec cc1 to picolibc_cc1]
  ignore line: [rename spec cc1plus to picolibc_cc1plus]
  ignore line: [COLLECT_GCC=/home/coder/.espressif/tools/xtensa-esp-elf/esp-15.2.0_20251204/xtensa-esp-elf/bin/xtensa-esp-elf-g++]
  ignore line: [COLLECT_LTO_WRAPPER=/home/coder/.espressif/tools/xtensa-esp-elf/esp-15.2.0_20251204/xtensa-esp-elf/bin/../libexec/gcc/xtensa-esp-elf/15.2.0/lto-wrapper]
  ignore line: [Target: xtensa-esp-elf]
  ignore line: [Configured with: /builds/idf/crosstool-NG/.build/xtensa-esp-elf/src/gcc/configure --build=x86_64-build_pc-linux-gnu --host=x86_64-build_pc-linux-gnu --target=xtensa-esp-elf --prefix=/builds/idf/crosstool-NG/builds/xtensa-esp-elf --exec_prefix=/builds/idf/crosstool-NG/builds/xtensa-esp-elf --with-local-prefix=/builds/idf/crosstool-NG/builds/xtensa-esp-elf/xtensa-esp-elf --with-sysroot=/builds/idf/crosstool-NG/builds/xtensa-esp-elf/xtensa-esp-elf --with-native-system-header-dir=/include --with-headers=/builds/idf/crosstool-NG/builds/xtensa-esp-elf/xtensa-esp-elf/include --with-newlib --enable-threads=no --disable-shared --with-pkgversion='crosstool-NG esp-15.2.0_20251204' --disable-__cxa_atexit --enable-cxx-flags='-ffunction-sections -fdata-sections' --disable-libgomp --disable-libmudflap --disable-libmpx --disable-libssp --disable-libquadmath --disable-libquadmath-support --disable-libstdcxx-verbose --with-gmp=/builds/idf/crosstool-NG/.build/xtensa-esp-elf/buildtools --with-mpfr=/builds/idf/crosstool-NG/.build/xtensa-esp-elf/buildtools --with-mpc=/builds/idf/crosstool-NG/.build/xtensa-esp-elf/buildtools --with-isl=/builds/idf/crosstool-NG/.build/xtensa-esp-elf/buildtools --enable-lto --enable-target-optspace --without-long-double-128 --enable-plugin --disable-nls --enable-multiarch --enable-languages=c c++ --disable-libstdcxx-verbose --enable-threads=posix --enable-libstdcxx-time=yes --disable-win32-utf8-manifest]
  ignore line: [Thread model: posix]
  ignore line: [Supported LTO compression algorithms: zlib zstd]
  ignore line: [gcc version 15.2.0 (crosstool-NG esp-15.2.0_20251204) ]
  ignore line: [COMPILER_PATH=/home/coder/.espressif/tools/xtensa-esp-elf/esp-15.2.0_20251204/xtensa-esp-elf/bin/../libexec/gcc/xtensa-esp-elf/15.2.0/:/home/coder/.espressif/tools/xtensa-esp-elf/esp-15.2.0_20251204/xtensa-esp-elf/bin/../libexec/gcc/:/home/coder/.espressif/tools/xtensa-esp-elf/esp-15.2.0_20251204/xtensa-esp-elf/bin/../lib/gcc/xtensa-esp-elf/15.2.0/../../../../xtensa-esp-elf/bin/]
  ignore line: [LIBRARY_PATH=/home/coder/.espressif/tools/xtensa-esp-elf/esp-15.2.0_20251204/xtensa-esp-elf/bin/../lib/gcc/xtensa-esp-elf/15.2.0/esp32/:/home/coder/.espressif/tools/xtensa-esp-elf/esp-15.2.0_20251204/xtensa-esp-elf/bin/../lib/gcc/xtensa-esp-elf/15.2.0/../../../../xtensa-esp-elf/lib/esp32/:/home/coder/.espressif/tools/xtensa-esp-elf/esp-15.2.0_20251204/xtensa-esp-elf/bin/../xtensa-esp-elf/lib/esp32/:/home/coder/.espressif/tools/xtensa-esp-elf/esp-15.2.0_20251204/xtensa-esp-elf/bin/../lib/gcc/xtensa-esp-elf/15.2.0/:/home/coder/.espressif/tools/xtensa-esp-elf/esp-15.2.0_20251204/xtensa-esp-elf/bin/../lib/gcc/:/home/coder/.espressif/tools/xtensa-esp-elf/esp-15.2.0_20251204/xtensa-esp-elf/bin/../lib/gcc/xtensa-esp-elf/15.2.0/../../../../xtensa-esp-elf/lib/:/home/coder/.espressif/tools/xtensa-esp-elf/esp-15.2.0_20251204/xtensa-esp-elf/bin/../xtensa-esp-elf/lib/:/home/coder/.espressif/tools/xtensa-esp-elf/esp-15.2.0_20251204/xtensa-esp-elf/bin/../xtensa-esp-elf/usr/lib/]
  ignore line: [COLLECT_GCC_OPTIONS='-mdynconfig=xtensa_esp32.so' '-specs=/workspace/hello-wroom/build/bootloader/specs/picolibc.specs' '-v' '-o' 'cmTC_09cf8' '-dumpdir' 'cmTC_09cf8.']
  link line: [ /home/coder/.espressif/tools/xtensa-esp-elf/esp-15.2.0_20251204/xtensa-esp-elf/bin/../libexec/gcc/xtensa-esp-elf/15.2.0/collect2 -plugin /home/coder/.espressif/tools/xtensa-esp-elf/esp-15.2.0_20251204/xtensa-esp-elf/bin/../libexec/gcc/xtensa-esp-elf/15.2.0/liblto_plugin.so -plugin-opt=/home/coder/.espressif/tools/xtensa-esp-elf/esp-15.2.0_20251204/xtensa-esp-elf/bin/../libexec/gcc/xtensa-esp-elf/15.2.0/lto-wrapper -plugin-opt=-fresolution=/tmp/ccHdU9YE.res -plugin-opt=-pass-through=-lgcc -plugin-opt=-pass-through=-lgcc -plugin-opt=-pass-through=-lc -plugin-opt=-pass-through=-lgcc -L/home/coder/.espressif/tools/xtensa-esp-elf/esp-15.2.0_20251204/xtensa-esp-elf/bin/../xtensa-esp-elf/../picolibc/xtensa-esp-elf/lib/esp32 -L/home/coder/.espressif/tools/xtensa-esp-elf/esp-15.2.0_20251204/xtensa-esp-elf/bin/../xtensa-esp-elf/../picolibc/xtensa-esp-elf/lib -Tpicolibc.ld --sysroot=/home/coder/.espressif/tools/xtensa-esp-elf/esp-15.2.0_20251204/xtensa-esp-elf/bin/../xtensa-esp-elf --dynconfig=xtensa_esp32.so -o cmTC_09cf8 /home/coder/.espressif/tools/xtensa-esp-elf/esp-15.2.0_20251204/xtensa-esp-elf/bin/../xtensa-esp-elf/../picolibc/xtensa-esp-elf/lib/esp32/crt0.o -L/home/coder/.espressif/tools/xtensa-esp-elf/esp-15.2.0_20251204/xtensa-esp-elf/bin/../xtensa-esp-elf/../picolibc/lib/gcc/xtensa-esp-elf/15.2.0/esp32 -L/home/coder/.espressif/tools/xtensa-esp-elf/esp-15.2.0_20251204/xtensa-esp-elf/bin/../xtensa-esp-elf/../picolibc/lib/gcc/xtensa-esp-elf/15.2.0 -L/home/coder/.espressif/tools/xtensa-esp-elf/esp-15.2.0_20251204/xtensa-esp-elf/bin/../lib/gcc/xtensa-esp-elf/15.2.0/esp32 -L/home/coder/.espressif/tools/xtensa-esp-elf/esp-15.2.0_20251204/xtensa-esp-elf/bin/../lib/gcc/xtensa-esp-elf/15.2.0/../../../../xtensa-esp-elf/lib/esp32 -L/home/coder/.espressif/tools/xtensa-esp-elf/esp-15.2.0_20251204/xtensa-esp-elf/bin/../xtensa-esp-elf/lib/esp32 -L/home/coder/.espressif/tools/xtensa-esp-elf/esp-15.2.0_20251204/xtensa-esp-elf/bin/../lib/gcc/xtensa-esp-elf/15.2.0 -L/home/coder/.espressif/tools/xtensa-esp-elf/esp-15.2.0_20251204/xtensa-esp-elf/bin/../lib/gcc -L/home/coder/.espressif/tools/xtensa-esp-elf/esp-15.2.0_20251204/xtensa-esp-elf/bin/../lib/gcc/xtensa-esp-elf/15.2.0/../../../../xtensa-esp-elf/lib -L/home/coder/.espressif/tools/xtensa-esp-elf/esp-15.2.0_20251204/xtensa-esp-elf/bin/../xtensa-esp-elf/lib -L/home/coder/.espressif/tools/xtensa-esp-elf/esp-15.2.0_20251204/xtensa-esp-elf/bin/../xtensa-esp-elf/usr/lib @/tmp/ccehLyv8 -lgcc --start-group -lgcc -lc --end-group -lgcc]
    arg [/home/coder/.espressif/tools/xtensa-esp-elf/esp-15.2.0_20251204/xtensa-esp-elf/bin/../libexec/gcc/xtensa-esp-elf/15.2.0/collect2] ==> ignore
    arg [-plugin] ==> ignore
    arg [/home/coder/.espressif/tools/xtensa-esp-elf/esp-15.2.0_20251204/xtensa-esp-elf/bin/../libexec/gcc/xtensa-esp-elf/15.2.0/liblto_plugin.so] ==> ignore
    arg [-plugin-opt=/home/coder/.espressif/tools/xtensa-esp-elf/esp-15.2.0_20251204/xtensa-esp-elf/bin/../libexec/gcc/xtensa-esp-elf/15.2.0/lto-wrapper] ==> ignore
    arg [-plugin-opt=-fresolution=/tmp/ccHdU9YE.res] ==> ignore
    arg [-plugin-opt=-pass-through=-lgcc] ==> ignore
    arg [-plugin-opt=-pass-through=-lgcc] ==> ignore
    arg [-plugin-opt=-pass-through=-lc] ==> ignore
    arg [-plugin-opt=-pass-through=-lgcc] ==> ignore
    arg [-L/home/coder/.espressif/tools/xtensa-esp-elf/esp-15.2.0_20251204/xtensa-esp-elf/bin/../xtensa-esp-elf/../picolibc/xtensa-esp-elf/lib/esp32] ==> dir [/home/coder/.espressif/tools/xtensa-esp-elf/esp-15.2.0_20251204/xtensa-esp-elf/bin/../xtensa-esp-elf/../picolibc/xtensa-esp-elf/lib/esp32]
    arg [-L/home/coder/.espressif/tools/xtensa-esp-elf/esp-15.2.0_20251204/xtensa-esp-elf/bin/../xtensa-esp-elf/../picolibc/xtensa-esp-elf/lib] ==> dir [/home/coder/.espressif/tools/xtensa-esp-elf/esp-15.2.0_20251204/xtensa-esp-elf/bin/../xtensa-esp-elf/../picolibc/xtensa-esp-elf/lib]
    arg [-Tpicolibc.ld] ==> ignore
    arg [--sysroot=/home/coder/.espressif/tools/xtensa-esp-elf/esp-15.2.0_20251204/xtensa-esp-elf/bin/../xtensa-esp-elf] ==> ignore
    arg [--dynconfig=xtensa_esp32.so] ==> ignore
    arg [-o] ==> ignore
    arg [cmTC_09cf8] ==> ignore
    arg [/home/coder/.espressif/tools/xtensa-esp-elf/esp-15.2.0_20251204/xtensa-esp-elf/bin/../xtensa-esp-elf/../picolibc/xtensa-esp-elf/lib/esp32/crt0.o] ==> obj [/home/coder/.espressif/tools/xtensa-esp-elf/esp-15.2.0_20251204/xtensa-esp-elf/bin/../xtensa-esp-elf/../picolibc/xtensa-esp-elf/lib/esp32/crt0.o]
    arg [-L/home/coder/.espressif/tools/xtensa-esp-elf/esp-15.2.0_20251204/xtensa-esp-elf/bin/../xtensa-esp-elf/../picolibc/lib/gcc/xtensa-esp-elf/15.2.0/esp32] ==> dir [/home/coder/.espressif/tools/xtensa-esp-elf/esp-15.2.0_20251204/xtensa-esp-elf/bin/../xtensa-esp-elf/../picolibc/lib/gcc/xtensa-esp-elf/15.2.0/esp32]
    arg [-L/home/coder/.espressif/tools/xtensa-esp-elf/esp-15.2.0_20251204/xtensa-esp-elf/bin/../xtensa-esp-elf/../picolibc/lib/gcc/xtensa-esp-elf/15.2.0] ==> dir [/home/coder/.espressif/tools/xtensa-esp-elf/esp-15.2.0_20251204/xtensa-esp-elf/bin/../xtensa-esp-elf/../picolibc/lib/gcc/xtensa-esp-elf/15.2.0]
    arg [-L/home/coder/.espressif/tools/xtensa-esp-elf/esp-15.2.0_20251204/xtensa-esp-elf/bin/../lib/gcc/xtensa-esp-elf/15.2.0/esp32] ==> dir [/home/coder/.espressif/tools/xtensa-esp-elf/esp-15.2.0_20251204/xtensa-esp-elf/bin/../lib/gcc/xtensa-esp-elf/15.2.0/esp32]
    arg [-L/home/coder/.espressif/tools/xtensa-esp-elf/esp-15.2.0_20251204/xtensa-esp-elf/bin/../lib/gcc/xtensa-esp-elf/15.2.0/../../../../xtensa-esp-elf/lib/esp32] ==> dir [/home/coder/.espressif/tools/xtensa-esp-elf/esp-15.2.0_20251204/xtensa-esp-elf/bin/../lib/gcc/xtensa-esp-elf/15.2.0/../../../../xtensa-esp-elf/lib/esp32]
    arg [-L/home/coder/.espressif/tools/xtensa-esp-elf/esp-15.2.0_20251204/xtensa-esp-elf/bin/../xtensa-esp-elf/lib/esp32] ==> dir [/home/coder/.espressif/tools/xtensa-esp-elf/esp-15.2.0_20251204/xtensa-esp-elf/bin/../xtensa-esp-elf/lib/esp32]
    arg [-L/home/coder/.espressif/tools/xtensa-esp-elf/esp-15.2.0_20251204/xtensa-esp-elf/bin/../lib/gcc/xtensa-esp-elf/15.2.0] ==> dir [/home/coder/.espressif/tools/xtensa-esp-elf/esp-15.2.0_20251204/xtensa-esp-elf/bin/../lib/gcc/xtensa-esp-elf/15.2.0]
    arg [-L/home/coder/.espressif/tools/xtensa-esp-elf/esp-15.2.0_20251204/xtensa-esp-elf/bin/../lib/gcc] ==> dir [/home/coder/.espressif/tools/xtensa-esp-elf/esp-15.2.0_20251204/xtensa-esp-elf/bin/../lib/gcc]
    arg [-L/home/coder/.espressif/tools/xtensa-esp-elf/esp-15.2.0_20251204/xtensa-esp-elf/bin/../lib/gcc/xtensa-esp-elf/15.2.0/../../../../xtensa-esp-elf/lib] ==> dir [/home/coder/.espressif/tools/xtensa-esp-elf/esp-15.2.0_20251204/xtensa-esp-elf/bin/../lib/gcc/xtensa-esp-elf/15.2.0/../../../../xtensa-esp-elf/lib]
    arg [-L/home/coder/.espressif/tools/xtensa-esp-elf/esp-15.2.0_20251204/xtensa-esp-elf/bin/../xtensa-esp-elf/lib] ==> dir [/home/coder/.espressif/tools/xtensa-esp-elf/esp-15.2.0_20251204/xtensa-esp-elf/bin/../xtensa-esp-elf/lib]
    arg [-L/home/coder/.espressif/tools/xtensa-esp-elf/esp-15.2.0_20251204/xtensa-esp-elf/bin/../xtensa-esp-elf/usr/lib] ==> dir [/home/coder/.espressif/tools/xtensa-esp-elf/esp-15.2.0_20251204/xtensa-esp-elf/bin/../xtensa-esp-elf/usr/lib]
    arg [@/tmp/ccehLyv8] ==> ignore
    arg [-lgcc] ==> lib [gcc]
    arg [--start-group] ==> ignore
    arg [-lgcc] ==> lib [gcc]
    arg [-lc] ==> lib [c]
    arg [--end-group] ==> ignore
    arg [-lgcc] ==> lib [gcc]
  collapse obj [/home/coder/.espressif/tools/xtensa-esp-elf/esp-15.2.0_20251204/xtensa-esp-elf/bin/../xtensa-esp-elf/../picolibc/xtensa-esp-elf/lib/esp32/crt0.o] ==> [/home/coder/.espressif/tools/xtensa-esp-elf/esp-15.2.0_20251204/xtensa-esp-elf/picolibc/xtensa-esp-elf/lib/esp32/crt0.o]
  collapse library dir [/home/coder/.espressif/tools/xtensa-esp-elf/esp-15.2.0_20251204/xtensa-esp-elf/bin/../xtensa-esp-elf/../picolibc/xtensa-esp-elf/lib/esp32] ==> [/home/coder/.espressif/tools/xtensa-esp-elf/esp-15.2.0_20251204/xtensa-esp-elf/picolibc/xtensa-esp-elf/lib/esp32]
  collapse library dir [/home/coder/.espressif/tools/xtensa-esp-elf/esp-15.2.0_20251204/xtensa-esp-elf/bin/../xtensa-esp-elf/../picolibc/xtensa-esp-elf/lib] ==> [/home/coder/.espressif/tools/xtensa-esp-elf/esp-15.2.0_20251204/xtensa-esp-elf/picolibc/xtensa-esp-elf/lib]
  collapse library dir [/home/coder/.espressif/tools/xtensa-esp-elf/esp-15.2.0_20251204/xtensa-esp-elf/bin/../xtensa-esp-elf/../picolibc/lib/gcc/xtensa-esp-elf/15.2.0/esp32] ==> [/home/coder/.espressif/tools/xtensa-esp-elf/esp-15.2.0_20251204/xtensa-esp-elf/picolibc/lib/gcc/xtensa-esp-elf/15.2.0/esp32]
  collapse library dir [/home/coder/.espressif/tools/xtensa-esp-elf/esp-15.2.0_20251204/xtensa-esp-elf/bin/../xtensa-esp-elf/../picolibc/lib/gcc/xtensa-esp-elf/15.2.0] ==> [/home/coder/.espressif/tools/xtensa-esp-elf/esp-15.2.0_20251204/xtensa-esp-elf/picolibc/lib/gcc/xtensa-esp-elf/15.2.0]
  collapse library dir [/home/coder/.espressif/tools/xtensa-esp-elf/esp-15.2.0_20251204/xtensa-esp-elf/bin/../lib/gcc/xtensa-esp-elf/15.2.0/esp32] ==> [/home/coder/.espressif/tools/xtensa-esp-elf/esp-15.2.0_20251204/xtensa-esp-elf/lib/gcc/xtensa-esp-elf/15.2.0/esp32]
  collapse library dir [/home/coder/.espressif/tools/xtensa-esp-elf/esp-15.2.0_20251204/xtensa-esp-elf/bin/../lib/gcc/xtensa-esp-elf/15.2.0/../../../../xtensa-esp-elf/lib/esp32] ==> [/home/coder/.espressif/tools/xtensa-esp-elf/esp-15.2.0_20251204/xtensa-esp-elf/xtensa-esp-elf/lib/esp32]
  collapse library dir [/home/coder/.espressif/tools/xtensa-esp-elf/esp-15.2.0_20251204/xtensa-esp-elf/bin/../xtensa-esp-elf/lib/esp32] ==> [/home/coder/.espressif/tools/xtensa-esp-elf/esp-15.2.0_20251204/xtensa-esp-elf/xtensa-esp-elf/lib/esp32]
  collapse library dir [/home/coder/.espressif/tools/xtensa-esp-elf/esp-15.2.0_20251204/xtensa-esp-elf/bin/../lib/gcc/xtensa-esp-elf/15.2.0] ==> [/home/coder/.espressif/tools/xtensa-esp-elf/esp-15.2.0_20251204/xtensa-esp-elf/lib/gcc/xtensa-esp-elf/15.2.0]
  collapse library dir [/home/coder/.espressif/tools/xtensa-esp-elf/esp-15.2.0_20251204/xtensa-esp-elf/bin/../lib/gcc] ==> [/home/coder/.espressif/tools/xtensa-esp-elf/esp-15.2.0_20251204/xtensa-esp-elf/lib/gcc]
  collapse library dir [/home/coder/.espressif/tools/xtensa-esp-elf/esp-15.2.0_20251204/xtensa-esp-elf/bin/../lib/gcc/xtensa-esp-elf/15.2.0/../../../../xtensa-esp-elf/lib] ==> [/home/coder/.espressif/tools/xtensa-esp-elf/esp-15.2.0_20251204/xtensa-esp-elf/xtensa-esp-elf/lib]
  collapse library dir [/home/coder/.espressif/tools/xtensa-esp-elf/esp-15.2.0_20251204/xtensa-esp-elf/bin/../xtensa-esp-elf/lib] ==> [/home/coder/.espressif/tools/xtensa-esp-elf/esp-15.2.0_20251204/xtensa-esp-elf/xtensa-esp-elf/lib]
  collapse library dir [/home/coder/.espressif/tools/xtensa-esp-elf/esp-15.2.0_20251204/xtensa-esp-elf/bin/../xtensa-esp-elf/usr/lib] ==> [/home/coder/.espressif/tools/xtensa-esp-elf/esp-15.2.0_20251204/xtensa-esp-elf/xtensa-esp-elf/usr/lib]
  implicit libs: [gcc;gcc;c;gcc]
  implicit objs: [/home/coder/.espressif/tools/xtensa-esp-elf/esp-15.2.0_20251204/xtensa-esp-elf/picolibc/xtensa-esp-elf/lib/esp32/crt0.o]
  implicit dirs: [/home/coder/.espressif/tools/xtensa-esp-elf/esp-15.2.0_20251204/xtensa-esp-elf/picolibc/xtensa-esp-elf/lib/esp32;/home/coder/.espressif/tools/xtensa-esp-elf/esp-15.2.0_20251204/xtensa-esp-elf/picolibc/xtensa-esp-elf/lib;/home/coder/.espressif/tools/xtensa-esp-elf/esp-15.2.0_20251204/xtensa-esp-elf/picolibc/lib/gcc/xtensa-esp-elf/15.2.0/esp32;/home/coder/.espressif/tools/xtensa-esp-elf/esp-15.2.0_20251204/xtensa-esp-elf/picolibc/lib/gcc/xtensa-esp-elf/15.2.0;/home/coder/.espressif/tools/xtensa-esp-elf/esp-15.2.0_20251204/xtensa-esp-elf/lib/gcc/xtensa-esp-elf/15.2.0/esp32;/home/coder/.espressif/tools/xtensa-esp-elf/esp-15.2.0_20251204/xtensa-esp-elf/xtensa-esp-elf/lib/esp32;/home/coder/.espressif/tools/xtensa-esp-elf/esp-15.2.0_20251204/xtensa-esp-elf/lib/gcc/xtensa-esp-elf/15.2.0;/home/coder/.espressif/tools/xtensa-esp-elf/esp-15.2.0_20251204/xtensa-esp-elf/lib/gcc;/home/coder/.espressif/tools/xtensa-esp-elf/esp-15.2.0_20251204/xtensa-esp-elf/xtensa-esp-elf/lib;/home/coder/.espressif/tools/xtensa-esp-elf/esp-15.2.0_20251204/xtensa-esp-elf/xtensa-esp-elf/usr/lib]
  implicit fwks: []


Detecting C compiler ABI info compiled with the following output:
Change Dir: /workspace/hello-wroom/build/bootloader/CMakeFiles/CMakeTmp

Run Build Command(s):/usr/bin/ninja cmTC_837b3 && [1/2] Building C object CMakeFiles/cmTC_837b3.dir/CMakeCCompilerABI.c.obj
Using built-in specs.
Reading specs from /workspace/hello-wroom/build/bootloader/specs/picolibc.specs
rename spec link to picolibc_link
rename spec link_libgcc to picolibc_link_libgcc
rename spec cpp to picolibc_cpp
rename spec cc1 to picolibc_cc1
rename spec cc1plus to picolibc_cc1plus
COLLECT_GCC=/home/coder/.espressif/tools/xtensa-esp-elf/esp-15.2.0_20251204/xtensa-esp-elf/bin/xtensa-esp-elf-gcc
Target: xtensa-esp-elf
Configured with: /builds/idf/crosstool-NG/.build/xtensa-esp-elf/src/gcc/configure --build=x86_64-build_pc-linux-gnu --host=x86_64-build_pc-linux-gnu --target=xtensa-esp-elf --prefix=/builds/idf/crosstool-NG/builds/xtensa-esp-elf --exec_prefix=/builds/idf/crosstool-NG/builds/xtensa-esp-elf --with-local-prefix=/builds/idf/crosstool-NG/builds/xtensa-esp-elf/xtensa-esp-elf --with-sysroot=/builds/idf/crosstool-NG/builds/xtensa-esp-elf/xtensa-esp-elf --with-native-system-header-dir=/include --with-headers=/builds/idf/crosstool-NG/builds/xtensa-esp-elf/xtensa-esp-elf/include --with-newlib --enable-threads=no --disable-shared --with-pkgversion='crosstool-NG esp-15.2.0_20251204' --disable-__cxa_atexit --enable-cxx-flags='-ffunction-sections -fdata-sections' --disable-libgomp --disable-libmudflap --disable-libmpx --disable-libssp --disable-libquadmath --disable-libquadmath-support --disable-libstdcxx-verbose --with-gmp=/builds/idf/crosstool-NG/.build/xtensa-esp-elf/buildtools --with-mpfr=/builds/idf/crosstool-NG/.build/xtensa-esp-elf/buildtools --with-mpc=/builds/idf/crosstool-NG/.build/xtensa-esp-elf/buildtools --with-isl=/builds/idf/crosstool-NG/.build/xtensa-esp-elf/buildtools --enable-lto --enable-target-optspace --without-long-double-128 --enable-plugin --disable-nls --enable-multiarch --enable-languages=c,c++ --disable-libstdcxx-verbose --enable-threads=posix --enable-libstdcxx-time=yes --disable-win32-utf8-manifest
Thread model: posix
Supported LTO compression algorithms: zlib zstd
gcc version 15.2.0 (crosstool-NG esp-15.2.0_20251204) 
COLLECT_GCC_OPTIONS='-mdynconfig=xtensa_esp32.so' '-specs=/workspace/hello-wroom/build/bootloader/specs/picolibc.specs' '-Wno-frame-address' '-mlongcalls' '-fno-builtin-memcpy' '-fno-builtin-memset' '-fno-builtin-bzero' '-v' '-o' 'CMakeFiles/cmTC_837b3.dir/CMakeCCompilerABI.c.obj' '-c' '-dumpdir' 'CMakeFiles/cmTC_837b3.dir/'
 /home/coder/.espressif/tools/xtensa-esp-elf/esp-15.2.0_20251204/xtensa-esp-elf/bin/../libexec/gcc/xtensa-esp-elf/15.2.0/cc1 -quiet -v -imultilib esp32 -iprefix /home/coder/.espressif/tools/xtensa-esp-elf/esp-15.2.0_20251204/xtensa-esp-elf/bin/../lib/gcc/xtensa-esp-elf/15.2.0/ -isysroot /home/coder/.espressif/tools/xtensa-esp-elf/esp-15.2.0_20251204/xtensa-esp-elf/bin/../xtensa-esp-elf -isystem /home/coder/.espressif/tools/xtensa-esp-elf/esp-15.2.0_20251204/xtensa-esp-elf/bin/../xtensa-esp-elf/../picolibc/include -isystem /home/coder/.espressif/tools/xtensa-esp-elf/esp-15.2.0_20251204/xtensa-esp-elf/bin/../xtensa-esp-elf/../picolibc/include/../xtensa-esp-elf/include/c++/15.2.0/xtensa-esp-elf/esp32 /usr/share/cmake-3.22/Modules/CMakeCCompilerABI.c -ftls-model=local-exec -quiet -dumpdir CMakeFiles/cmTC_837b3.dir/ -dumpbase CMakeCCompilerABI.c.c -dumpbase-ext .c -mdynconfig=xtensa_esp32.so -mlongcalls -Wno-frame-address -version -fno-builtin-memcpy -fno-builtin-memset -fno-builtin-bzero -o /tmp/ccPgE9Yv.s
GNU C23 (crosstool-NG esp-15.2.0_20251204) version 15.2.0 (xtensa-esp-elf)
	compiled by GNU C version 6.3.0, GMP version 6.3.0, MPFR version 4.2.1, MPC version 1.3.1, isl version isl-0.26-GMP

GGC heuristics: --param ggc-min-expand=100 --param ggc-min-heapsize=131072
ignoring duplicate directory "/home/coder/.espressif/tools/xtensa-esp-elf/esp-15.2.0_20251204/xtensa-esp-elf/bin/../lib/gcc/../../lib/gcc/xtensa-esp-elf/15.2.0/include"
ignoring nonexistent directory "/home/coder/.espressif/tools/xtensa-esp-elf/esp-15.2.0_20251204/xtensa-esp-elf/bin/../xtensa-esp-elf/builds/idf/crosstool-NG/builds/xtensa-esp-elf/xtensa-esp-elf/include"
ignoring duplicate directory "/home/coder/.espressif/tools/xtensa-esp-elf/esp-15.2.0_20251204/xtensa-esp-elf/bin/../lib/gcc/../../lib/gcc/xtensa-esp-elf/15.2.0/include-fixed"
ignoring duplicate directory "/home/coder/.espressif/tools/xtensa-esp-elf/esp-15.2.0_20251204/xtensa-esp-elf/bin/../lib/gcc/../../lib/gcc/xtensa-esp-elf/15.2.0/../../../../xtensa-esp-elf/include"
ignoring duplicate directory "/home/coder/.espressif/tools/xtensa-esp-elf/esp-15.2.0_20251204/xtensa-esp-elf/bin/../xtensa-esp-elf/include"
#include "..." search starts here:
#include <...> search starts here:
 /home/coder/.espressif/tools/xtensa-esp-elf/esp-15.2.0_20251204/xtensa-esp-elf/bin/../xtensa-esp-elf/../picolibc/include
 /home/coder/.espressif/tools/xtensa-esp-elf/esp-15.2.0_20251204/xtensa-esp-elf/bin/../xtensa-esp-elf/../picolibc/include/../xtensa-esp-elf/include/c++/15.2.0/xtensa-esp-elf/esp32
 /home/coder/.espressif/tools/xtensa-esp-elf/esp-15.2.0_20251204/xtensa-esp-elf/bin/../lib/gcc/xtensa-esp-elf/15.2.0/include
 /home/coder/.espressif/tools/xtensa-esp-elf/esp-15.2.0_20251204/xtensa-esp-elf/bin/../lib/gcc/xtensa-esp-elf/15.2.0/include-fixed
 /home/coder/.espressif/tools/xtensa-esp-elf/esp-15.2.0_20251204/xtensa-esp-elf/bin/../lib/gcc/xtensa-esp-elf/15.2.0/../../../../xtensa-esp-elf/include
End of search list.
Compiler executable checksum: 023236c824ceaa5629805e8d1b1d2049
COLLECT_GCC_OPTIONS='-mdynconfig=xtensa_esp32.so' '-specs=/workspace/hello-wroom/build/bootloader/specs/picolibc.specs' '-Wno-frame-address' '-mlongcalls' '-fno-builtin-memcpy' '-fno-builtin-memset' '-fno-builtin-bzero' '-v' '-o' 'CMakeFiles/cmTC_837b3.dir/CMakeCCompilerABI.c.obj' '-c' '-dumpdir' 'CMakeFiles/cmTC_837b3.dir/'
 /home/coder/.espressif/tools/xtensa-esp-elf/esp-15.2.0_20251204/xtensa-esp-elf/bin/../lib/gcc/xtensa-esp-elf/15.2.0/../../../../xtensa-esp-elf/bin/as --traditional-format --longcalls --dynconfig=xtensa_esp32.so -o CMakeFiles/cmTC_837b3.dir/CMakeCCompilerABI.c.obj /tmp/ccPgE9Yv.s
COMPILER_PATH=/home/coder/.espressif/tools/xtensa-esp-elf/esp-15.2.0_20251204/xtensa-esp-elf/bin/../libexec/gcc/xtensa-esp-elf/15.2.0/:/home/coder/.espressif/tools/xtensa-esp-elf/esp-15.2.0_20251204/xtensa-esp-elf/bin/../libexec/gcc/:/home/coder/.espressif/tools/xtensa-esp-elf/esp-15.2.0_20251204/xtensa-esp-elf/bin/../lib/gcc/xtensa-esp-elf/15.2.0/../../../../xtensa-esp-elf/bin/
LIBRARY_PATH=/home/coder/.espressif/tools/xtensa-esp-elf/esp-15.2.0_20251204/xtensa-esp-elf/bin/../lib/gcc/xtensa-esp-elf/15.2.0/esp32/:/home/coder/.espressif/tools/xtensa-esp-elf/esp-15.2.0_20251204/xtensa-esp-elf/bin/../lib/gcc/xtensa-esp-elf/15.2.0/../../../../xtensa-esp-elf/lib/esp32/:/home/coder/.espressif/tools/xtensa-esp-elf/esp-15.2.0_20251204/xtensa-esp-elf/bin/../xtensa-esp-elf/lib/esp32/:/home/coder/.espressif/tools/xtensa-esp-elf/esp-15.2.0_20251204/xtensa-esp-elf/bin/../lib/gcc/xtensa-esp-elf/15.2.0/:/home/coder/.espressif/tools/xtensa-esp-elf/esp-15.2.0_20251204/xtensa-esp-elf/bin/../lib/gcc/:/home/coder/.espressif/tools/xtensa-esp-elf/esp-15.2.0_20251204/xtensa-esp-elf/bin/../lib/gcc/xtensa-esp-elf/15.2.0/../../../../xtensa-esp-elf/lib/:/home/coder/.espressif/tools/xtensa-esp-elf/esp-15.2.0_20251204/xtensa-esp-elf/bin/../xtensa-esp-elf/lib/:/home/coder/.espressif/tools/xtensa-esp-elf/esp-15.2.0_20251204/xtensa-esp-elf/bin/../xtensa-esp-elf/usr/lib/
COLLECT_GCC_OPTIONS='-mdynconfig=xtensa_esp32.so' '-specs=/workspace/hello-wroom/build/bootloader/specs/picolibc.specs' '-Wno-frame-address' '-mlongcalls' '-fno-builtin-memcpy' '-fno-builtin-memset' '-fno-builtin-bzero' '-v' '-o' 'CMakeFiles/cmTC_837b3.dir/CMakeCCompilerABI.c.obj' '-c' '-dumpdir' 'CMakeFiles/cmTC_837b3.dir/CMakeCCompilerABI.c.'
[2/2] Linking C executable cmTC_837b3
Using built-in specs.
Reading specs from /workspace/hello-wroom/build/bootloader/specs/picolibc.specs
rename spec link to picolibc_link
rename spec link_libgcc to picolibc_link_libgcc
rename spec cpp to picolibc_cpp
rename spec cc1 to picolibc_cc1
rename spec cc1plus to picolibc_cc1plus
COLLECT_GCC=/home/coder/.espressif/tools/xtensa-esp-elf/esp-15.2.0_20251204/xtensa-esp-elf/bin/xtensa-esp-elf-gcc
COLLECT_LTO_WRAPPER=/home/coder/.espressif/tools/xtensa-esp-elf/esp-15.2.0_20251204/xtensa-esp-elf/bin/../libexec/gcc/xtensa-esp-elf/15.2.0/lto-wrapper
Target: xtensa-esp-elf
Configured with: /builds/idf/crosstool-NG/.build/xtensa-esp-elf/src/gcc/configure --build=x86_64-build_pc-linux-gnu --host=x86_64-build_pc-linux-gnu --target=xtensa-esp-elf --prefix=/builds/idf/crosstool-NG/builds/xtensa-esp-elf --exec_prefix=/builds/idf/crosstool-NG/builds/xtensa-esp-elf --with-local-prefix=/builds/idf/crosstool-NG/builds/xtensa-esp-elf/xtensa-esp-elf --with-sysroot=/builds/idf/crosstool-NG/builds/xtensa-esp-elf/xtensa-esp-elf --with-native-system-header-dir=/include --with-headers=/builds/idf/crosstool-NG/builds/xtensa-esp-elf/xtensa-esp-elf/include --with-newlib --enable-threads=no --disable-shared --with-pkgversion='crosstool-NG esp-15.2.0_20251204' --disable-__cxa_atexit --enable-cxx-flags='-ffunction-sections -fdata-sections' --disable-libgomp --disable-libmudflap --disable-libmpx --disable-libssp --disable-libquadmath --disable-libquadmath-support --disable-libstdcxx-verbose --with-gmp=/builds/idf/crosstool-NG/.build/xtensa-esp-elf/buildtools --with-mpfr=/builds/idf/crosstool-NG/.build/xtensa-esp-elf/buildtools --with-mpc=/builds/idf/crosstool-NG/.build/xtensa-esp-elf/buildtools --with-isl=/builds/idf/crosstool-NG/.build/xtensa-esp-elf/buildtools --enable-lto --enable-target-optspace --without-long-double-128 --enable-plugin --disable-nls --enable-multiarch --enable-languages=c,c++ --disable-libstdcxx-verbose --enable-threads=posix --enable-libstdcxx-time=yes --disable-win32-utf8-manifest
Thread model: posix
Supported LTO compression algorithms: zlib zstd
gcc version 15.2.0 (crosstool-NG esp-15.2.0_20251204) 
COMPILER_PATH=/home/coder/.espressif/tools/xtensa-esp-elf/esp-15.2.0_20251204/xtensa-esp-elf/bin/../libexec/gcc/xtensa-esp-elf/15.2.0/:/home/coder/.espressif/tools/xtensa-esp-elf/esp-15.2.0_20251204/xtensa-esp-elf/bin/../libexec/gcc/:/home/coder/.espressif/tools/xtensa-esp-elf/esp-15.2.0_20251204/xtensa-esp-elf/bin/../lib/gcc/xtensa-esp-elf/15.2.0/../../../../xtensa-esp-elf/bin/
LIBRARY_PATH=/home/coder/.espressif/tools/xtensa-esp-elf/esp-15.2.0_20251204/xtensa-esp-elf/bin/../lib/gcc/xtensa-esp-elf/15.2.0/esp32/no-rtti/:/home/coder/.espressif/tools/xtensa-esp-elf/esp-15.2.0_20251204/xtensa-esp-elf/bin/../lib/gcc/xtensa-esp-elf/15.2.0/../../../../xtensa-esp-elf/lib/esp32/no-rtti/:/home/coder/.espressif/tools/xtensa-esp-elf/esp-15.2.0_20251204/xtensa-esp-elf/bin/../xtensa-esp-elf/lib/esp32/no-rtti/:/home/coder/.espressif/tools/xtensa-esp-elf/esp-15.2.0_20251204/xtensa-esp-elf/bin/../lib/gcc/xtensa-esp-elf/15.2.0/:/home/coder/.espressif/tools/xtensa-esp-elf/esp-15.2.0_20251204/xtensa-esp-elf/bin/../lib/gcc/:/home/coder/.espressif/tools/xtensa-esp-elf/esp-15.2.0_20251204/xtensa-esp-elf/bin/../lib/gcc/xtensa-esp-elf/15.2.0/../../../../xtensa-esp-elf/lib/:/home/coder/.espressif/tools/xtensa-esp-elf/esp-15.2.0_20251204/xtensa-esp-elf/bin/../xtensa-esp-elf/lib/:/home/coder/.espressif/tools/xtensa-esp-elf/esp-15.2.0_20251204/xtensa-esp-elf/bin/../xtensa-esp-elf/usr/lib/
COLLECT_GCC_OPTIONS='-mdynconfig=xtensa_esp32.so' '-specs=/workspace/hello-wroom/build/bootloader/specs/picolibc.specs' '-Wno-frame-address' '-mlongcalls' '-fno-builtin-memcpy' '-fno-builtin-memset' '-fno-builtin-bzero' '-nostartfiles' '-fno-rtti' '-v' '-o' 'cmTC_837b3' '-dumpdir' 'cmTC_837b3.'
 /home/coder/.espressif/tools/xtensa-esp-elf/esp-15.2.0_20251204/xtensa-esp-elf/bin/../libexec/gcc/xtensa-esp-elf/15.2.0/collect2 -plugin /home/coder/.espressif/tools/xtensa-esp-elf/esp-15.2.0_20251204/xtensa-esp-elf/bin/../libexec/gcc/xtensa-esp-elf/15.2.0/liblto_plugin.so -plugin-opt=/home/coder/.espressif/tools/xtensa-esp-elf/esp-15.2.0_20251204/xtensa-esp-elf/bin/../libexec/gcc/xtensa-esp-elf/15.2.0/lto-wrapper -plugin-opt=-fresolution=/tmp/ccI5Saol.res -plugin-opt=-pass-through=-lgcc -plugin-opt=-pass-through=-lgcc -plugin-opt=-pass-through=-lc -plugin-opt=-pass-through=-lgcc -L/home/coder/.espressif/tools/xtensa-esp-elf/esp-15.2.0_20251204/xtensa-esp-elf/bin/../xtensa-esp-elf/../picolibc/xtensa-esp-elf/lib/esp32/no-rtti -L/home/coder/.espressif/tools/xtensa-esp-elf/esp-15.2.0_20251204/xtensa-esp-elf/bin/../xtensa-esp-elf/../picolibc/xtensa-esp-elf/lib -Tpicolibc.ld --sysroot=/home/coder/.espressif/tools/xtensa-esp-elf/esp-15.2.0_20251204/xtensa-esp-elf/bin/../xtensa-esp-elf --dynconfig=xtensa_esp32.so -o cmTC_837b3 -L/home/coder/.espressif/tools/xtensa-esp-elf/esp-15.2.0_20251204/xtensa-esp-elf/bin/../xtensa-esp-elf/../picolibc/lib/gcc/xtensa-esp-elf/15.2.0/esp32/no-rtti -L/home/coder/.espressif/tools/xtensa-esp-elf/esp-15.2.0_20251204/xtensa-esp-elf/bin/../xtensa-esp-elf/../picolibc/lib/gcc/xtensa-esp-elf/15.2.0 -L/home/coder/.espressif/tools/xtensa-esp-elf/esp-15.2.0_20251204/xtensa-esp-elf/bin/../lib/gcc/xtensa-esp-elf/15.2.0/esp32/no-rtti -L/home/coder/.espressif/tools/xtensa-esp-elf/esp-15.2.0_20251204/xtensa-esp-elf/bin/../lib/gcc/xtensa-esp-elf/15.2.0/../../../../xtensa-esp-elf/lib/esp32/no-rtti -L/home/coder/.espressif/tools/xtensa-esp-elf/esp-15.2.0_20251204/xtensa-esp-elf/bin/../xtensa-esp-elf/lib/esp32/no-rtti -L/home/coder/.espressif/tools/xtensa-esp-elf/esp-15.2.0_20251204/xtensa-esp-elf/bin/../lib/gcc/xtensa-esp-elf/15.2.0 -L/home/coder/.espressif/tools/xtensa-esp-elf/esp-15.2.0_20251204/xtensa-esp-elf/bin/../lib/gcc -L/home/coder/.espressif/tools/xtensa-esp-elf/esp-15.2.0_20251204/xtensa-esp-elf/bin/../lib/gcc/xtensa-esp-elf/15.2.0/../../../../xtensa-esp-elf/lib -L/home/coder/.espressif/tools/xtensa-esp-elf/esp-15.2.0_20251204/xtensa-esp-elf/bin/../xtensa-esp-elf/lib -L/home/coder/.espressif/tools/xtensa-esp-elf/esp-15.2.0_20251204/xtensa-esp-elf/bin/../xtensa-esp-elf/usr/lib @/tmp/cc1gg8Ka -lgcc --start-group -lgcc -lc --end-group -lgcc
/home/coder/.espressif/tools/xtensa-esp-elf/esp-15.2.0_20251204/xtensa-esp-elf/bin/../lib/gcc/xtensa-esp-elf/15.2.0/../../../../xtensa-esp-elf/bin/ld: warning: cannot find entry symbol _start; defaulting to 10000000
COLLECT_GCC_OPTIONS='-mdynconfig=xtensa_esp32.so' '-specs=/workspace/hello-wroom/build/bootloader/specs/picolibc.specs' '-Wno-frame-address' '-mlongcalls' '-fno-builtin-memcpy' '-fno-builtin-memset' '-fno-builtin-bzero' '-nostartfiles' '-fno-rtti' '-v' '-o' 'cmTC_837b3' '-dumpdir' 'cmTC_837b3.'



Parsed C implicit include dir info from above output: rv=done
  found start of include info
  found start of implicit include info
    add: [/home/coder/.espressif/tools/xtensa-esp-elf/esp-15.2.0_20251204/xtensa-esp-elf/bin/../xtensa-esp-elf/../picolibc/include]
    add: [/home/coder/.espressif/tools/xtensa-esp-elf/esp-15.2.0_20251204/xtensa-esp-elf/bin/../xtensa-esp-elf/../picolibc/include/../xtensa-esp-elf/include/c++/15.2.0/xtensa-esp-elf/esp32]
    add: [/home/coder/.espressif/tools/xtensa-esp-elf/esp-15.2.0_20251204/xtensa-esp-elf/bin/../lib/gcc/xtensa-esp-elf/15.2.0/include]
    add: [/home/coder/.espressif/tools/xtensa-esp-elf/esp-15.2.0_20251204/xtensa-esp-elf/bin/../lib/gcc/xtensa-esp-elf/15.2.0/include-fixed]
    add: [/home/coder/.espressif/tools/xtensa-esp-elf/esp-15.2.0_20251204/xtensa-esp-elf/bin/../lib/gcc/xtensa-esp-elf/15.2.0/../../../../xtensa-esp-elf/include]
  end of search list found
  collapse include dir [/home/coder/.espressif/tools/xtensa-esp-elf/esp-15.2.0_20251204/xtensa-esp-elf/bin/../xtensa-esp-elf/../picolibc/include] ==> [/home/coder/.espressif/tools/xtensa-esp-elf/esp-15.2.0_20251204/xtensa-esp-elf/picolibc/include]
  collapse include dir [/home/coder/.espressif/tools/xtensa-esp-elf/esp-15.2.0_20251204/xtensa-esp-elf/bin/../xtensa-esp-elf/../picolibc/include/../xtensa-esp-elf/include/c++/15.2.0/xtensa-esp-elf/esp32] ==> [/home/coder/.espressif/tools/xtensa-esp-elf/esp-15.2.0_20251204/xtensa-esp-elf/picolibc/xtensa-esp-elf/include/c++/15.2.0/xtensa-esp-elf/esp32]
  collapse include dir [/home/coder/.espressif/tools/xtensa-esp-elf/esp-15.2.0_20251204/xtensa-esp-elf/bin/../lib/gcc/xtensa-esp-elf/15.2.0/include] ==> [/home/coder/.espressif/tools/xtensa-esp-elf/esp-15.2.0_20251204/xtensa-esp-elf/lib/gcc/xtensa-esp-elf/15.2.0/include]
  collapse include dir [/home/coder/.espressif/tools/xtensa-esp-elf/esp-15.2.0_20251204/xtensa-esp-elf/bin/../lib/gcc/xtensa-esp-elf/15.2.0/include-fixed] ==> [/home/coder/.espressif/tools/xtensa-esp-elf/esp-15.2.0_20251204/xtensa-esp-elf/lib/gcc/xtensa-esp-elf/15.2.0/include-fixed]
  collapse include dir [/home/coder/.espressif/tools/xtensa-esp-elf/esp-15.2.0_20251204/xtensa-esp-elf/bin/../lib/gcc/xtensa-esp-elf/15.2.0/../../../../xtensa-esp-elf/include] ==> [/home/coder/.espressif/tools/xtensa-esp-elf/esp-15.2.0_20251204/xtensa-esp-elf/xtensa-esp-elf/include]
  implicit include dirs: [/home/coder/.espressif/tools/xtensa-esp-elf/esp-15.2.0_20251204/xtensa-esp-elf/picolibc/include;/home/coder/.espressif/tools/xtensa-esp-elf/esp-15.2.0_20251204/xtensa-esp-elf/picolibc/xtensa-esp-elf/include/c++/15.2.0/xtensa-esp-elf/esp32;/home/coder/.espressif/tools/xtensa-esp-elf/esp-15.2.0_20251204/xtensa-esp-elf/lib/gcc/xtensa-esp-elf/15.2.0/include;/home/coder/.espressif/tools/xtensa-esp-elf/esp-15.2.0_20251204/xtensa-esp-elf/lib/gcc/xtensa-esp-elf/15.2.0/include-fixed;/home/coder/.espressif/tools/xtensa-esp-elf/esp-15.2.0_20251204/xtensa-esp-elf/xtensa-esp-elf/include]


Parsed C implicit link information from above output:
  link line regex: [^( *|.*[/\])(xtensa-esp32-elf-ld|CMAKE_LINK_STARTFILE-NOTFOUND|([^/\]+-)?ld|collect2)[^/\]*( |$)]
  ignore line: [Change Dir: /workspace/hello-wroom/build/bootloader/CMakeFiles/CMakeTmp]
  ignore line: []
  ignore line: [Run Build Command(s):/usr/bin/ninja cmTC_837b3 && [1/2] Building C object CMakeFiles/cmTC_837b3.dir/CMakeCCompilerABI.c.obj]
  ignore line: [Using built-in specs.]
  ignore line: [Reading specs from /workspace/hello-wroom/build/bootloader/specs/picolibc.specs]
  ignore line: [rename spec link to picolibc_link]
  ignore line: [rename spec link_libgcc to picolibc_link_libgcc]
  ignore line: [rename spec cpp to picolibc_cpp]
  ignore line: [rename spec cc1 to picolibc_cc1]
  ignore line: [rename spec cc1plus to picolibc_cc1plus]
  ignore line: [COLLECT_GCC=/home/coder/.espressif/tools/xtensa-esp-elf/esp-15.2.0_20251204/xtensa-esp-elf/bin/xtensa-esp-elf-gcc]
  ignore line: [Target: xtensa-esp-elf]
  ignore line: [Configured with: /builds/idf/crosstool-NG/.build/xtensa-esp-elf/src/gcc/configure --build=x86_64-build_pc-linux-gnu --host=x86_64-build_pc-linux-gnu --target=xtensa-esp-elf --prefix=/builds/idf/crosstool-NG/builds/xtensa-esp-elf --exec_prefix=/builds/idf/crosstool-NG/builds/xtensa-esp-elf --with-local-prefix=/builds/idf/crosstool-NG/builds/xtensa-esp-elf/xtensa-esp-elf --with-sysroot=/builds/idf/crosstool-NG/builds/xtensa-esp-elf/xtensa-esp-elf --with-native-system-header-dir=/include --with-headers=/builds/idf/crosstool-NG/builds/xtensa-esp-elf/xtensa-esp-elf/include --with-newlib --enable-threads=no --disable-shared --with-pkgversion='crosstool-NG esp-15.2.0_20251204' --disable-__cxa_atexit --enable-cxx-flags='-ffunction-sections -fdata-sections' --disable-libgomp --disable-libmudflap --disable-libmpx --disable-libssp --disable-libquadmath --disable-libquadmath-support --disable-libstdcxx-verbose --with-gmp=/builds/idf/crosstool-NG/.build/xtensa-esp-elf/buildtools --with-mpfr=/builds/idf/crosstool-NG/.build/xtensa-esp-elf/buildtools --with-mpc=/builds/idf/crosstool-NG/.build/xtensa-esp-elf/buildtools --with-isl=/builds/idf/crosstool-NG/.build/xtensa-esp-elf/buildtools --enable-lto --enable-target-optspace --without-long-double-128 --enable-plugin --disable-nls --enable-multiarch --enable-languages=c c++ --disable-libstdcxx-verbose --enable-threads=posix --enable-libstdcxx-time=yes --disable-win32-utf8-manifest]
  ignore line: [Thread model: posix]
  ignore line: [Supported LTO compression algorithms: zlib zstd]
  ignore line: [gcc version 15.2.0 (crosstool-NG esp-15.2.0_20251204) ]
  ignore line: [COLLECT_GCC_OPTIONS='-mdynconfig=xtensa_esp32.so' '-specs=/workspace/hello-wroom/build/bootloader/specs/picolibc.specs' '-Wno-frame-address' '-mlongcalls' '-fno-builtin-memcpy' '-fno-builtin-memset' '-fno-builtin-bzero' '-v' '-o' 'CMakeFiles/cmTC_837b3.dir/CMakeCCompilerABI.c.obj' '-c' '-dumpdir' 'CMakeFiles/cmTC_837b3.dir/']
  ignore line: [ /home/coder/.espressif/tools/xtensa-esp-elf/esp-15.2.0_20251204/xtensa-esp-elf/bin/../libexec/gcc/xtensa-esp-elf/15.2.0/cc1 -quiet -v -imultilib esp32 -iprefix /home/coder/.espressif/tools/xtensa-esp-elf/esp-15.2.0_20251204/xtensa-esp-elf/bin/../lib/gcc/xtensa-esp-elf/15.2.0/ -isysroot /home/coder/.espressif/tools/xtensa-esp-elf/esp-15.2.0_20251204/xtensa-esp-elf/bin/../xtensa-esp-elf -isystem /home/coder/.espressif/tools/xtensa-esp-elf/esp-15.2.0_20251204/xtensa-esp-elf/bin/../xtensa-esp-elf/../picolibc/include -isystem /home/coder/.espressif/tools/xtensa-esp-elf/esp-15.2.0_20251204/xtensa-esp-elf/bin/../xtensa-esp-elf/../picolibc/include/../xtensa-esp-elf/include/c++/15.2.0/xtensa-esp-elf/esp32 /usr/share/cmake-3.22/Modules/CMakeCCompilerABI.c -ftls-model=local-exec -quiet -dumpdir CMakeFiles/cmTC_837b3.dir/ -dumpbase CMakeCCompilerABI.c.c -dumpbase-ext .c -mdynconfig=xtensa_esp32.so -mlongcalls -Wno-frame-address -version -fno-builtin-memcpy -fno-builtin-memset -fno-builtin-bzero -o /tmp/ccPgE9Yv.s]
  ignore line: [GNU C23 (crosstool-NG esp-15.2.0_20251204) version 15.2.0 (xtensa-esp-elf)]
  ignore line: [	compiled by GNU C version 6.3.0  GMP version 6.3.0  MPFR version 4.2.1  MPC version 1.3.1  isl version isl-0.26-GMP]
  ignore line: []
  ignore line: [GGC heuristics: --param ggc-min-expand=100 --param ggc-min-heapsize=131072]
  ignore line: [ignoring duplicate directory "/home/coder/.espressif/tools/xtensa-esp-elf/esp-15.2.0_20251204/xtensa-esp-elf/bin/../lib/gcc/../../lib/gcc/xtensa-esp-elf/15.2.0/include"]
  ignore line: [ignoring nonexistent directory "/home/coder/.espressif/tools/xtensa-esp-elf/esp-15.2.0_20251204/xtensa-esp-elf/bin/../xtensa-esp-elf/builds/idf/crosstool-NG/builds/xtensa-esp-elf/xtensa-esp-elf/include"]
  ignore line: [ignoring duplicate directory "/home/coder/.espressif/tools/xtensa-esp-elf/esp-15.2.0_20251204/xtensa-esp-elf/bin/../lib/gcc/../../lib/gcc/xtensa-esp-elf/15.2.0/include-fixed"]
  ignore line: [ignoring duplicate directory "/home/coder/.espressif/tools/xtensa-esp-elf/esp-15.2.0_20251204/xtensa-esp-elf/bin/../lib/gcc/../../lib/gcc/xtensa-esp-elf/15.2.0/../../../../xtensa-esp-elf/include"]
  ignore line: [ignoring duplicate directory "/home/coder/.espressif/tools/xtensa-esp-elf/esp-15.2.0_20251204/xtensa-esp-elf/bin/../xtensa-esp-elf/include"]
  ignore line: [#include "..." search starts here:]
  ignore line: [#include <...> search starts here:]
  ignore line: [ /home/coder/.espressif/tools/xtensa-esp-elf/esp-15.2.0_20251204/xtensa-esp-elf/bin/../xtensa-esp-elf/../picolibc/include]
  ignore line: [ /home/coder/.espressif/tools/xtensa-esp-elf/esp-15.2.0_20251204/xtensa-esp-elf/bin/../xtensa-esp-elf/../picolibc/include/../xtensa-esp-elf/include/c++/15.2.0/xtensa-esp-elf/esp32]
  ignore line: [ /home/coder/.espressif/tools/xtensa-esp-elf/esp-15.2.0_20251204/xtensa-esp-elf/bin/../lib/gcc/xtensa-esp-elf/15.2.0/include]
  ignore line: [ /home/coder/.espressif/tools/xtensa-esp-elf/esp-15.2.0_20251204/xtensa-esp-elf/bin/../lib/gcc/xtensa-esp-elf/15.2.0/include-fixed]
  ignore line: [ /home/coder/.espressif/tools/xtensa-esp-elf/esp-15.2.0_20251204/xtensa-esp-elf/bin/../lib/gcc/xtensa-esp-elf/15.2.0/../../../../xtensa-esp-elf/include]
  ignore line: [End of search list.]
  ignore line: [Compiler executable checksum: 023236c824ceaa5629805e8d1b1d2049]
  ignore line: [COLLECT_GCC_OPTIONS='-mdynconfig=xtensa_esp32.so' '-specs=/workspace/hello-wroom/build/bootloader/specs/picolibc.specs' '-Wno-frame-address' '-mlongcalls' '-fno-builtin-memcpy' '-fno-builtin-memset' '-fno-builtin-bzero' '-v' '-o' 'CMakeFiles/cmTC_837b3.dir/CMakeCCompilerABI.c.obj' '-c' '-dumpdir' 'CMakeFiles/cmTC_837b3.dir/']
  ignore line: [ /home/coder/.espressif/tools/xtensa-esp-elf/esp-15.2.0_20251204/xtensa-esp-elf/bin/../lib/gcc/xtensa-esp-elf/15.2.0/../../../../xtensa-esp-elf/bin/as --traditional-format --longcalls --dynconfig=xtensa_esp32.so -o CMakeFiles/cmTC_837b3.dir/CMakeCCompilerABI.c.obj /tmp/ccPgE9Yv.s]
  ignore line: [COMPILER_PATH=/home/coder/.espressif/tools/xtensa-esp-elf/esp-15.2.0_20251204/xtensa-esp-elf/bin/../libexec/gcc/xtensa-esp-elf/15.2.0/:/home/coder/.espressif/tools/xtensa-esp-elf/esp-15.2.0_20251204/xtensa-esp-elf/bin/../libexec/gcc/:/home/coder/.espressif/tools/xtensa-esp-elf/esp-15.2.0_20251204/xtensa-esp-elf/bin/../lib/gcc/xtensa-esp-elf/15.2.0/../../../../xtensa-esp-elf/bin/]
  ignore line: [LIBRARY_PATH=/home/coder/.espressif/tools/xtensa-esp-elf/esp-15.2.0_20251204/xtensa-esp-elf/bin/../lib/gcc/xtensa-esp-elf/15.2.0/esp32/:/home/coder/.espressif/tools/xtensa-esp-elf/esp-15.2.0_20251204/xtensa-esp-elf/bin/../lib/gcc/xtensa-esp-elf/15.2.0/../../../../xtensa-esp-elf/lib/esp32/:/home/coder/.espressif/tools/xtensa-esp-elf/esp-15.2.0_20251204/xtensa-esp-elf/bin/../xtensa-esp-elf/lib/esp32/:/home/coder/.espressif/tools/xtensa-esp-elf/esp-15.2.0_20251204/xtensa-esp-elf/bin/../lib/gcc/xtensa-esp-elf/15.2.0/:/home/coder/.espressif/tools/xtensa-esp-elf/esp-15.2.0_20251204/xtensa-esp-elf/bin/../lib/gcc/:/home/coder/.espressif/tools/xtensa-esp-elf/esp-15.2.0_20251204/xtensa-esp-elf/bin/../lib/gcc/xtensa-esp-elf/15.2.0/../../../../xtensa-esp-elf/lib/:/home/coder/.espressif/tools/xtensa-esp-elf/esp-15.2.0_20251204/xtensa-esp-elf/bin/../xtensa-esp-elf/lib/:/home/coder/.espressif/tools/xtensa-esp-elf/esp-15.2.0_20251204/xtensa-esp-elf/bin/../xtensa-esp-elf/usr/lib/]
  ignore line: [COLLECT_GCC_OPTIONS='-mdynconfig=xtensa_esp32.so' '-specs=/workspace/hello-wroom/build/bootloader/specs/picolibc.specs' '-Wno-frame-address' '-mlongcalls' '-fno-builtin-memcpy' '-fno-builtin-memset' '-fno-builtin-bzero' '-v' '-o' 'CMakeFiles/cmTC_837b3.dir/CMakeCCompilerABI.c.obj' '-c' '-dumpdir' 'CMakeFiles/cmTC_837b3.dir/CMakeCCompilerABI.c.']
  ignore line: [[2/2] Linking C executable cmTC_837b3]
  ignore line: [Using built-in specs.]
  ignore line: [Reading specs from /workspace/hello-wroom/build/bootloader/specs/picolibc.specs]
  ignore line: [rename spec link to picolibc_link]
  ignore line: [rename spec link_libgcc to picolibc_link_libgcc]
  ignore line: [rename spec cpp to picolibc_cpp]
  ignore line: [rename spec cc1 to picolibc_cc1]
  ignore line: [rename spec cc1plus to picolibc_cc1plus]
  ignore line: [COLLECT_GCC=/home/coder/.espressif/tools/xtensa-esp-elf/esp-15.2.0_20251204/xtensa-esp-elf/bin/xtensa-esp-elf-gcc]
  ignore line: [COLLECT_LTO_WRAPPER=/home/coder/.espressif/tools/xtensa-esp-elf/esp-15.2.0_20251204/xtensa-esp-elf/bin/../libexec/gcc/xtensa-esp-elf/15.2.0/lto-wrapper]
  ignore line: [Target: xtensa-esp-elf]
  ignore line: [Configured with: /builds/idf/crosstool-NG/.build/xtensa-esp-elf/src/gcc/configure --build=x86_64-build_pc-linux-gnu --host=x86_64-build_pc-linux-gnu --target=xtensa-esp-elf --prefix=/builds/idf/crosstool-NG/builds/xtensa-esp-elf --exec_prefix=/builds/idf/crosstool-NG/builds/xtensa-esp-elf --with-local-prefix=/builds/idf/crosstool-NG/builds/xtensa-esp-elf/xtensa-esp-elf --with-sysroot=/builds/idf/crosstool-NG/builds/xtensa-esp-elf/xtensa-esp-elf --with-native-system-header-dir=/include --with-headers=/builds/idf/crosstool-NG/builds/xtensa-esp-elf/xtensa-esp-elf/include --with-newlib --enable-threads=no --disable-shared --with-pkgversion='crosstool-NG esp-15.2.0_20251204' --disable-__cxa_atexit --enable-cxx-flags='-ffunction-sections -fdata-sections' --disable-libgomp --disable-libmudflap --disable-libmpx --disable-libssp --disable-libquadmath --disable-libquadmath-support --disable-libstdcxx-verbose --with-gmp=/builds/idf/crosstool-NG/.build/xtensa-esp-elf/buildtools --with-mpfr=/builds/idf/crosstool-NG/.build/xtensa-esp-elf/buildtools --with-mpc=/builds/idf/crosstool-NG/.build/xtensa-esp-elf/buildtools --with-isl=/builds/idf/crosstool-NG/.build/xtensa-esp-elf/buildtools --enable-lto --enable-target-optspace --without-long-double-128 --enable-plugin --disable-nls --enable-multiarch --enable-languages=c c++ --disable-libstdcxx-verbose --enable-threads=posix --enable-libstdcxx-time=yes --disable-win32-utf8-manifest]
  ignore line: [Thread model: posix]
  ignore line: [Supported LTO compression algorithms: zlib zstd]
  ignore line: [gcc version 15.2.0 (crosstool-NG esp-15.2.0_20251204) ]
  ignore line: [COMPILER_PATH=/home/coder/.espressif/tools/xtensa-esp-elf/esp-15.2.0_20251204/xtensa-esp-elf/bin/../libexec/gcc/xtensa-esp-elf/15.2.0/:/home/coder/.espressif/tools/xtensa-esp-elf/esp-15.2.0_20251204/xtensa-esp-elf/bin/../libexec/gcc/:/home/coder/.espressif/tools/xtensa-esp-elf/esp-15.2.0_20251204/xtensa-esp-elf/bin/../lib/gcc/xtensa-esp-elf/15.2.0/../../../../xtensa-esp-elf/bin/]
  ignore line: [LIBRARY_PATH=/home/coder/.espressif/tools/xtensa-esp-elf/esp-15.2.0_20251204/xtensa-esp-elf/bin/../lib/gcc/xtensa-esp-elf/15.2.0/esp32/no-rtti/:/home/coder/.espressif/tools/xtensa-esp-elf/esp-15.2.0_20251204/xtensa-esp-elf/bin/../lib/gcc/xtensa-esp-elf/15.2.0/../../../../xtensa-esp-elf/lib/esp32/no-rtti/:/home/coder/.espressif/tools/xtensa-esp-elf/esp-15.2.0_20251204/xtensa-esp-elf/bin/../xtensa-esp-elf/lib/esp32/no-rtti/:/home/coder/.espressif/tools/xtensa-esp-elf/esp-15.2.0_20251204/xtensa-esp-elf/bin/../lib/gcc/xtensa-esp-elf/15.2.0/:/home/coder/.espressif/tools/xtensa-esp-elf/esp-15.2.0_20251204/xtensa-esp-elf/bin/../lib/gcc/:/home/coder/.espressif/tools/xtensa-esp-elf/esp-15.2.0_20251204/xtensa-esp-elf/bin/../lib/gcc/xtensa-esp-elf/15.2.0/../../../../xtensa-esp-elf/lib/:/home/coder/.espressif/tools/xtensa-esp-elf/esp-15.2.0_20251204/xtensa-esp-elf/bin/../xtensa-esp-elf/lib/:/home/coder/.espressif/tools/xtensa-esp-elf/esp-15.2.0_20251204/xtensa-esp-elf/bin/../xtensa-esp-elf/usr/lib/]
  ignore line: [COLLECT_GCC_OPTIONS='-mdynconfig=xtensa_esp32.so' '-specs=/workspace/hello-wroom/build/bootloader/specs/picolibc.specs' '-Wno-frame-address' '-mlongcalls' '-fno-builtin-memcpy' '-fno-builtin-memset' '-fno-builtin-bzero' '-nostartfiles' '-fno-rtti' '-v' '-o' 'cmTC_837b3' '-dumpdir' 'cmTC_837b3.']
  link line: [ /home/coder/.espressif/tools/xtensa-esp-elf/esp-15.2.0_20251204/xtensa-esp-elf/bin/../libexec/gcc/xtensa-esp-elf/15.2.0/collect2 -plugin /home/coder/.espressif/tools/xtensa-esp-elf/esp-15.2.0_20251204/xtensa-esp-elf/bin/../libexec/gcc/xtensa-esp-elf/15.2.0/liblto_plugin.so -plugin-opt=/home/coder/.espressif/tools/xtensa-esp-elf/esp-15.2.0_20251204/xtensa-esp-elf/bin/../libexec/gcc/xtensa-esp-elf/15.2.0/lto-wrapper -plugin-opt=-fresolution=/tmp/ccI5Saol.res -plugin-opt=-pass-through=-lgcc -plugin-opt=-pass-through=-lgcc -plugin-opt=-pass-through=-lc -plugin-opt=-pass-through=-lgcc -L/home/coder/.espressif/tools/xtensa-esp-elf/esp-15.2.0_20251204/xtensa-esp-elf/bin/../xtensa-esp-elf/../picolibc/xtensa-esp-elf/lib/esp32/no-rtti -L/home/coder/.espressif/tools/xtensa-esp-elf/esp-15.2.0_20251204/xtensa-esp-elf/bin/../xtensa-esp-elf/../picolibc/xtensa-esp-elf/lib -Tpicolibc.ld --sysroot=/home/coder/.espressif/tools/xtensa-esp-elf/esp-15.2.0_20251204/xtensa-esp-elf/bin/../xtensa-esp-elf --dynconfig=xtensa_esp32.so -o cmTC_837b3 -L/home/coder/.espressif/tools/xtensa-esp-elf/esp-15.2.0_20251204/xtensa-esp-elf/bin/../xtensa-esp-elf/../picolibc/lib/gcc/xtensa-esp-elf/15.2.0/esp32/no-rtti -L/home/coder/.espressif/tools/xtensa-esp-elf/esp-15.2.0_20251204/xtensa-esp-elf/bin/../xtensa-esp-elf/../picolibc/lib/gcc/xtensa-esp-elf/15.2.0 -L/home/coder/.espressif/tools/xtensa-esp-elf/esp-15.2.0_20251204/xtensa-esp-elf/bin/../lib/gcc/xtensa-esp-elf/15.2.0/esp32/no-rtti -L/home/coder/.espressif/tools/xtensa-esp-elf/esp-15.2.0_20251204/xtensa-esp-elf/bin/../lib/gcc/xtensa-esp-elf/15.2.0/../../../../xtensa-esp-elf/lib/esp32/no-rtti -L/home/coder/.espressif/tools/xtensa-esp-elf/esp-15.2.0_20251204/xtensa-esp-elf/bin/../xtensa-esp-elf/lib/esp32/no-rtti -L/home/coder/.espressif/tools/xtensa-esp-elf/esp-15.2.0_20251204/xtensa-esp-elf/bin/../lib/gcc/xtensa-esp-elf/15.2.0 -L/home/coder/.espressif/tools/xtensa-esp-elf/esp-15.2.0_20251204/xtensa-esp-elf/bin/../lib/gcc -L/home/coder/.espressif/tools/xtensa-esp-elf/esp-15.2.0_20251204/xtensa-esp-elf/bin/../lib/gcc/xtensa-esp-elf/15.2.0/../../../../xtensa-esp-elf/lib -L/home/coder/.espressif/tools/xtensa-esp-elf/esp-15.2.0_20251204/xtensa-esp-elf/bin/../xtensa-esp-elf/lib -L/home/coder/.espressif/tools/xtensa-esp-elf/esp-15.2.0_20251204/xtensa-esp-elf/bin/../xtensa-esp-elf/usr/lib @/tmp/cc1gg8Ka -lgcc --start-group -lgcc -lc --end-group -lgcc]
    arg [/home/coder/.espressif/tools/xtensa-esp-elf/esp-15.2.0_20251204/xtensa-esp-elf/bin/../libexec/gcc/xtensa-esp-elf/15.2.0/collect2] ==> ignore
    arg [-plugin] ==> ignore
    arg [/home/coder/.espressif/tools/xtensa-esp-elf/esp-15.2.0_20251204/xtensa-esp-elf/bin/../libexec/gcc/xtensa-esp-elf/15.2.0/liblto_plugin.so] ==> ignore
    arg [-plugin-opt=/home/coder/.espressif/tools/xtensa-esp-elf/esp-15.2.0_20251204/xtensa-esp-elf/bin/../libexec/gcc/xtensa-esp-elf/15.2.0/lto-wrapper] ==> ignore
    arg [-plugin-opt=-fresolution=/tmp/ccI5Saol.res] ==> ignore
    arg [-plugin-opt=-pass-through=-lgcc] ==> ignore
    arg [-plugin-opt=-pass-through=-lgcc] ==> ignore
    arg [-plugin-opt=-pass-through=-lc] ==> ignore
    arg [-plugin-opt=-pass-through=-lgcc] ==> ignore
    arg [-L/home/coder/.espressif/tools/xtensa-esp-elf/esp-15.2.0_20251204/xtensa-esp-elf/bin/../xtensa-esp-elf/../picolibc/xtensa-esp-elf/lib/esp32/no-rtti] ==> dir [/home/coder/.espressif/tools/xtensa-esp-elf/esp-15.2.0_20251204/xtensa-esp-elf/bin/../xtensa-esp-elf/../picolibc/xtensa-esp-elf/lib/esp32/no-rtti]
    arg [-L/home/coder/.espressif/tools/xtensa-esp-elf/esp-15.2.0_20251204/xtensa-esp-elf/bin/../xtensa-esp-elf/../picolibc/xtensa-esp-elf/lib] ==> dir [/home/coder/.espressif/tools/xtensa-esp-elf/esp-15.2.0_20251204/xtensa-esp-elf/bin/../xtensa-esp-elf/../picolibc/xtensa-esp-elf/lib]
    arg [-Tpicolibc.ld] ==> ignore
    arg [--sysroot=/home/coder/.espressif/tools/xtensa-esp-elf/esp-15.2.0_20251204/xtensa-esp-elf/bin/../xtensa-esp-elf] ==> ignore
    arg [--dynconfig=xtensa_esp32.so] ==> ignore
    arg [-o] ==> ignore
    arg [cmTC_837b3] ==> ignore
    arg [-L/home/coder/.espressif/tools/xtensa-esp-elf/esp-15.2.0_20251204/xtensa-esp-elf/bin/../xtensa-esp-elf/../picolibc/lib/gcc/xtensa-esp-elf/15.2.0/esp32/no-rtti] ==> dir [/home/coder/.espressif/tools/xtensa-esp-elf/esp-15.2.0_20251204/xtensa-esp-elf/bin/../xtensa-esp-elf/../picolibc/lib/gcc/xtensa-esp-elf/15.2.0/esp32/no-rtti]
    arg [-L/home/coder/.espressif/tools/xtensa-esp-elf/esp-15.2.0_20251204/xtensa-esp-elf/bin/../xtensa-esp-elf/../picolibc/lib/gcc/xtensa-esp-elf/15.2.0] ==> dir [/home/coder/.espressif/tools/xtensa-esp-elf/esp-15.2.0_20251204/xtensa-esp-elf/bin/../xtensa-esp-elf/../picolibc/lib/gcc/xtensa-esp-elf/15.2.0]
    arg [-L/home/coder/.espressif/tools/xtensa-esp-elf/esp-15.2.0_20251204/xtensa-esp-elf/bin/../lib/gcc/xtensa-esp-elf/15.2.0/esp32/no-rtti] ==> dir [/home/coder/.espressif/tools/xtensa-esp-elf/esp-15.2.0_20251204/xtensa-esp-elf/bin/../lib/gcc/xtensa-esp-elf/15.2.0/esp32/no-rtti]
    arg [-L/home/coder/.espressif/tools/xtensa-esp-elf/esp-15.2.0_20251204/xtensa-esp-elf/bin/../lib/gcc/xtensa-esp-elf/15.2.0/../../../../xtensa-esp-elf/lib/esp32/no-rtti] ==> dir [/home/coder/.espressif/tools/xtensa-esp-elf/esp-15.2.0_20251204/xtensa-esp-elf/bin/../lib/gcc/xtensa-esp-elf/15.2.0/../../../../xtensa-esp-elf/lib/esp32/no-rtti]
    arg [-L/home/coder/.espressif/tools/xtensa-esp-elf/esp-15.2.0_20251204/xtensa-esp-elf/bin/../xtensa-esp-elf/lib/esp32/no-rtti] ==> dir [/home/coder/.espressif/tools/xtensa-esp-elf/esp-15.2.0_20251204/xtensa-esp-elf/bin/../xtensa-esp-elf/lib/esp32/no-rtti]
    arg [-L/home/coder/.espressif/tools/xtensa-esp-elf/esp-15.2.0_20251204/xtensa-esp-elf/bin/../lib/gcc/xtensa-esp-elf/15.2.0] ==> dir [/home/coder/.espressif/tools/xtensa-esp-elf/esp-15.2.0_20251204/xtensa-esp-elf/bin/../lib/gcc/xtensa-esp-elf/15.2.0]
    arg [-L/home/coder/.espressif/tools/xtensa-esp-elf/esp-15.2.0_20251204/xtensa-esp-elf/bin/../lib/gcc] ==> dir [/home/coder/.espressif/tools/xtensa-esp-elf/esp-15.2.0_20251204/xtensa-esp-elf/bin/../lib/gcc]
    arg [-L/home/coder/.espressif/tools/xtensa-esp-elf/esp-15.2.0_20251204/xtensa-esp-elf/bin/../lib/gcc/xtensa-esp-elf/15.2.0/../../../../xtensa-esp-elf/lib] ==> dir [/home/coder/.espressif/tools/xtensa-esp-elf/esp-15.2.0_20251204/xtensa-esp-elf/bin/../lib/gcc/xtensa-esp-elf/15.2.0/../../../../xtensa-esp-elf/lib]
    arg [-L/home/coder/.espressif/tools/xtensa-esp-elf/esp-15.2.0_20251204/xtensa-esp-elf/bin/../xtensa-esp-elf/lib] ==> dir [/home/coder/.espressif/tools/xtensa-esp-elf/esp-15.2.0_20251204/xtensa-esp-elf/bin/../xtensa-esp-elf/lib]
    arg [-L/home/coder/.espressif/tools/xtensa-esp-elf/esp-15.2.0_20251204/xtensa-esp-elf/bin/../xtensa-esp-elf/usr/lib] ==> dir [/home/coder/.espressif/tools/xtensa-esp-elf/esp-15.2.0_20251204/xtensa-esp-elf/bin/../xtensa-esp-elf/usr/lib]
    arg [@/tmp/cc1gg8Ka] ==> ignore
    arg [-lgcc] ==> lib [gcc]
    arg [--start-group] ==> ignore
    arg [-lgcc] ==> lib [gcc]
    arg [-lc] ==> lib [c]
    arg [--end-group] ==> ignore
    arg [-lgcc] ==> lib [gcc]
  collapse library dir [/home/coder/.espressif/tools/xtensa-esp-elf/esp-15.2.0_20251204/xtensa-esp-elf/bin/../xtensa-esp-elf/../picolibc/xtensa-esp-elf/lib/esp32/no-rtti] ==> [/home/coder/.espressif/tools/xtensa-esp-elf/esp-15.2.0_20251204/xtensa-esp-elf/picolibc/xtensa-esp-elf/lib/esp32/no-rtti]
  collapse library dir [/home/coder/.espressif/tools/xtensa-esp-elf/esp-15.2.0_20251204/xtensa-esp-elf/bin/../xtensa-esp-elf/../picolibc/xtensa-esp-elf/lib] ==> [/home/coder/.espressif/tools/xtensa-esp-elf/esp-15.2.0_20251204/xtensa-esp-elf/picolibc/xtensa-esp-elf/lib]
  collapse library dir [/home/coder/.espressif/tools/xtensa-esp-elf/esp-15.2.0_20251204/xtensa-esp-elf/bin/../xtensa-esp-elf/../picolibc/lib/gcc/xtensa-esp-elf/15.2.0/esp32/no-rtti] ==> [/home/coder/.espressif/tools/xtensa-esp-elf/esp-15.2.0_20251204/xtensa-esp-elf/picolibc/lib/gcc/xtensa-esp-elf/15.2.0/esp32/no-rtti]
  collapse library dir [/home/coder/.espressif/tools/xtensa-esp-elf/esp-15.2.0_20251204/xtensa-esp-elf/bin/../xtensa-esp-elf/../picolibc/lib/gcc/xtensa-esp-elf/15.2.0] ==> [/home/coder/.espressif/tools/xtensa-esp-elf/esp-15.2.0_20251204/xtensa-esp-elf/picolibc/lib/gcc/xtensa-esp-elf/15.2.0]
  collapse library dir [/home/coder/.espressif/tools/xtensa-esp-elf/esp-15.2.0_20251204/xtensa-esp-elf/bin/../lib/gcc/xtensa-esp-elf/15.2.0/esp32/no-rtti] ==> [/home/coder/.espressif/tools/xtensa-esp-elf/esp-15.2.0_20251204/xtensa-esp-elf/lib/gcc/xtensa-esp-elf/15.2.0/esp32/no-rtti]
  collapse library dir [/home/coder/.espressif/tools/xtensa-esp-elf/esp-15.2.0_20251204/xtensa-esp-elf/bin/../lib/gcc/xtensa-esp-elf/15.2.0/../../../../xtensa-esp-elf/lib/esp32/no-rtti] ==> [/home/coder/.espressif/tools/xtensa-esp-elf/esp-15.2.0_20251204/xtensa-esp-elf/xtensa-esp-elf/lib/esp32/no-rtti]
  collapse library dir [/home/coder/.espressif/tools/xtensa-esp-elf/esp-15.2.0_20251204/xtensa-esp-elf/bin/../xtensa-esp-elf/lib/esp32/no-rtti] ==> [/home/coder/.espressif/tools/xtensa-esp-elf/esp-15.2.0_20251204/xtensa-esp-elf/xtensa-esp-elf/lib/esp32/no-rtti]
  collapse library dir [/home/coder/.espressif/tools/xtensa-esp-elf/esp-15.2.0_20251204/xtensa-esp-elf/bin/../lib/gcc/xtensa-esp-elf/15.2.0] ==> [/home/coder/.espressif/tools/xtensa-esp-elf/esp-15.2.0_20251204/xtensa-esp-elf/lib/gcc/xtensa-esp-elf/15.2.0]
  collapse library dir [/home/coder/.espressif/tools/xtensa-esp-elf/esp-15.2.0_20251204/xtensa-esp-elf/bin/../lib/gcc] ==> [/home/coder/.espressif/tools/xtensa-esp-elf/esp-15.2.0_20251204/xtensa-esp-elf/lib/gcc]
  collapse library dir [/home/coder/.espressif/tools/xtensa-esp-elf/esp-15.2.0_20251204/xtensa-esp-elf/bin/../lib/gcc/xtensa-esp-elf/15.2.0/../../../../xtensa-esp-elf/lib] ==> [/home/coder/.espressif/tools/xtensa-esp-elf/esp-15.2.0_20251204/xtensa-esp-elf/xtensa-esp-elf/lib]
  collapse library dir [/home/coder/.espressif/tools/xtensa-esp-elf/esp-15.2.0_20251204/xtensa-esp-elf/bin/../xtensa-esp-elf/lib] ==> [/home/coder/.espressif/tools/xtensa-esp-elf/esp-15.2.0_20251204/xtensa-esp-elf/xtensa-esp-elf/lib]
  collapse library dir [/home/coder/.espressif/tools/xtensa-esp-elf/esp-15.2.0_20251204/xtensa-esp-elf/bin/../xtensa-esp-elf/usr/lib] ==> [/home/coder/.espressif/tools/xtensa-esp-elf/esp-15.2.0_20251204/xtensa-esp-elf/xtensa-esp-elf/usr/lib]
  implicit libs: [gcc;gcc;c;gcc]
  implicit objs: []
  implicit dirs: [/home/coder/.espressif/tools/xtensa-esp-elf/esp-15.2.0_20251204/xtensa-esp-elf/picolibc/xtensa-esp-elf/lib/esp32/no-rtti;/home/coder/.espressif/tools/xtensa-esp-elf/esp-15.2.0_20251204/xtensa-esp-elf/picolibc/xtensa-esp-elf/lib;/home/coder/.espressif/tools/xtensa-esp-elf/esp-15.2.0_20251204/xtensa-esp-elf/picolibc/lib/gcc/xtensa-esp-elf/15.2.0/esp32/no-rtti;/home/coder/.espressif/tools/xtensa-esp-elf/esp-15.2.0_20251204/xtensa-esp-elf/picolibc/lib/gcc/xtensa-esp-elf/15.2.0;/home/coder/.espressif/tools/xtensa-esp-elf/esp-15.2.0_20251204/xtensa-esp-elf/lib/gcc/xtensa-esp-elf/15.2.0/esp32/no-rtti;/home/coder/.espressif/tools/xtensa-esp-elf/esp-15.2.0_20251204/xtensa-esp-elf/xtensa-esp-elf/lib/esp32/no-rtti;/home/coder/.espressif/tools/xtensa-esp-elf/esp-15.2.0_20251204/xtensa-esp-elf/lib/gcc/xtensa-esp-elf/15.2.0;/home/coder/.espressif/tools/xtensa-esp-elf/esp-15.2.0_20251204/xtensa-esp-elf/lib/gcc;/home/coder/.espressif/tools/xtensa-esp-elf/esp-15.2.0_20251204/xtensa-esp-elf/xtensa-esp-elf/lib;/home/coder/.espressif/tools/xtensa-esp-elf/esp-15.2.0_20251204/xtensa-esp-elf/xtensa-esp-elf/usr/lib]
  implicit fwks: []


Detecting CXX compiler ABI info compiled with the following output:
Change Dir: /workspace/hello-wroom/build/bootloader/CMakeFiles/CMakeTmp

Run Build Command(s):/usr/bin/ninja cmTC_17b9a && [1/2] Building CXX object CMakeFiles/cmTC_17b9a.dir/CMakeCXXCompilerABI.cpp.obj
Using built-in specs.
Reading specs from /workspace/hello-wroom/build/bootloader/specs/picolibc.specs
rename spec link to picolibc_link
rename spec link_libgcc to picolibc_link_libgcc
rename spec cpp to picolibc_cpp
rename spec cc1 to picolibc_cc1
rename spec cc1plus to picolibc_cc1plus
COLLECT_GCC=/home/coder/.espressif/tools/xtensa-esp-elf/esp-15.2.0_20251204/xtensa-esp-elf/bin/xtensa-esp-elf-g++
Target: xtensa-esp-elf
Configured with: /builds/idf/crosstool-NG/.build/xtensa-esp-elf/src/gcc/configure --build=x86_64-build_pc-linux-gnu --host=x86_64-build_pc-linux-gnu --target=xtensa-esp-elf --prefix=/builds/idf/crosstool-NG/builds/xtensa-esp-elf --exec_prefix=/builds/idf/crosstool-NG/builds/xtensa-esp-elf --with-local-prefix=/builds/idf/crosstool-NG/builds/xtensa-esp-elf/xtensa-esp-elf --with-sysroot=/builds/idf/crosstool-NG/builds/xtensa-esp-elf/xtensa-esp-elf --with-native-system-header-dir=/include --with-headers=/builds/idf/crosstool-NG/builds/xtensa-esp-elf/xtensa-esp-elf/include --with-newlib --enable-threads=no --disable-shared --with-pkgversion='crosstool-NG esp-15.2.0_20251204' --disable-__cxa_atexit --enable-cxx-flags='-ffunction-sections -fdata-sections' --disable-libgomp --disable-libmudflap --disable-libmpx --disable-libssp --disable-libquadmath --disable-libquadmath-support --disable-libstdcxx-verbose --with-gmp=/builds/idf/crosstool-NG/.build/xtensa-esp-elf/buildtools --with-mpfr=/builds/idf/crosstool-NG/.build/xtensa-esp-elf/buildtools --with-mpc=/builds/idf/crosstool-NG/.build/xtensa-esp-elf/buildtools --with-isl=/builds/idf/crosstool-NG/.build/xtensa-esp-elf/buildtools --enable-lto --enable-target-optspace --without-long-double-128 --enable-plugin --disable-nls --enable-multiarch --enable-languages=c,c++ --disable-libstdcxx-verbose --enable-threads=posix --enable-libstdcxx-time=yes --disable-win32-utf8-manifest
Thread model: posix
Supported LTO compression algorithms: zlib zstd
gcc version 15.2.0 (crosstool-NG esp-15.2.0_20251204) 
COLLECT_GCC_OPTIONS='-mdynconfig=xtensa_esp32.so' '-specs=/workspace/hello-wroom/build/bootloader/specs/picolibc.specs' '-Wno-frame-address' '-mlongcalls' '-fno-builtin-memcpy' '-fno-builtin-memset' '-fno-builtin-bzero' '-fno-rtti' '-v' '-o' 'CMakeFiles/cmTC_17b9a.dir/CMakeCXXCompilerABI.cpp.obj' '-c' '-dumpdir' 'CMakeFiles/cmTC_17b9a.dir/'
 /home/coder/.espressif/tools/xtensa-esp-elf/esp-15.2.0_20251204/xtensa-esp-elf/bin/../libexec/gcc/xtensa-esp-elf/15.2.0/cc1plus -quiet -v -imultilib esp32/no-rtti -iprefix /home/coder/.espressif/tools/xtensa-esp-elf/esp-15.2.0_20251204/xtensa-esp-elf/bin/../lib/gcc/xtensa-esp-elf/15.2.0/ -isysroot /home/coder/.espressif/tools/xtensa-esp-elf/esp-15.2.0_20251204/xtensa-esp-elf/bin/../xtensa-esp-elf /usr/share/cmake-3.22/Modules/CMakeCXXCompilerABI.cpp -ftls-model=local-exec -quiet -dumpdir CMakeFiles/cmTC_17b9a.dir/ -dumpbase CMakeCXXCompilerABI.cpp.cpp -dumpbase-ext .cpp -mdynconfig=xtensa_esp32.so -mlongcalls -Wno-frame-address -version -fno-builtin-memcpy -fno-builtin-memset -fno-builtin-bzero -fno-rtti -isystem /home/coder/.espressif/tools/xtensa-esp-elf/esp-15.2.0_20251204/xtensa-esp-elf/bin/../xtensa-esp-elf/../picolibc/include -isystem /home/coder/.espressif/tools/xtensa-esp-elf/esp-15.2.0_20251204/xtensa-esp-elf/bin/../xtensa-esp-elf/../picolibc/include/../xtensa-esp-elf/include/c++/15.2.0/xtensa-esp-elf/esp32/no-rtti -ftls-model=local-exec -o /tmp/ccMUSf6s.s
GNU C++17 (crosstool-NG esp-15.2.0_20251204) version 15.2.0 (xtensa-esp-elf)
	compiled by GNU C version 6.3.0, GMP version 6.3.0, MPFR version 4.2.1, MPC version 1.3.1, isl version isl-0.26-GMP

GGC heuristics: --param ggc-min-expand=100 --param ggc-min-heapsize=131072
ignoring duplicate directory "/home/coder/.espressif/tools/xtensa-esp-elf/esp-15.2.0_20251204/xtensa-esp-elf/bin/../lib/gcc/../../lib/gcc/xtensa-esp-elf/15.2.0/../../../../xtensa-esp-elf/include/c++/15.2.0"
ignoring duplicate directory "/home/coder/.espressif/tools/xtensa-esp-elf/esp-15.2.0_20251204/xtensa-esp-elf/bin/../lib/gcc/../../lib/gcc/xtensa-esp-elf/15.2.0/../../../../xtensa-esp-elf/include/c++/15.2.0/xtensa-esp-elf/esp32/no-rtti"
ignoring duplicate directory "/home/coder/.espressif/tools/xtensa-esp-elf/esp-15.2.0_20251204/xtensa-esp-elf/bin/../lib/gcc/../../lib/gcc/xtensa-esp-elf/15.2.0/../../../../xtensa-esp-elf/include/c++/15.2.0/backward"
ignoring duplicate directory "/home/coder/.espressif/tools/xtensa-esp-elf/esp-15.2.0_20251204/xtensa-esp-elf/bin/../lib/gcc/../../lib/gcc/xtensa-esp-elf/15.2.0/include"
ignoring nonexistent directory "/home/coder/.espressif/tools/xtensa-esp-elf/esp-15.2.0_20251204/xtensa-esp-elf/bin/../xtensa-esp-elf/builds/idf/crosstool-NG/builds/xtensa-esp-elf/xtensa-esp-elf/include"
ignoring duplicate directory "/home/coder/.espressif/tools/xtensa-esp-elf/esp-15.2.0_20251204/xtensa-esp-elf/bin/../lib/gcc/../../lib/gcc/xtensa-esp-elf/15.2.0/include-fixed"
ignoring duplicate directory "/home/coder/.espressif/tools/xtensa-esp-elf/esp-15.2.0_20251204/xtensa-esp-elf/bin/../lib/gcc/../../lib/gcc/xtensa-esp-elf/15.2.0/../../../../xtensa-esp-elf/include"
ignoring duplicate directory "/home/coder/.espressif/tools/xtensa-esp-elf/esp-15.2.0_20251204/xtensa-esp-elf/bin/../xtensa-esp-elf/include"
#include "..." search starts here:
#include <...> search starts here:
 /home/coder/.espressif/tools/xtensa-esp-elf/esp-15.2.0_20251204/xtensa-esp-elf/bin/../xtensa-esp-elf/../picolibc/include
 /home/coder/.espressif/tools/xtensa-esp-elf/esp-15.2.0_20251204/xtensa-esp-elf/bin/../xtensa-esp-elf/../picolibc/include/../xtensa-esp-elf/include/c++/15.2.0/xtensa-esp-elf/esp32/no-rtti
 /home/coder/.espressif/tools/xtensa-esp-elf/esp-15.2.0_20251204/xtensa-esp-elf/bin/../lib/gcc/xtensa-esp-elf/15.2.0/../../../../xtensa-esp-elf/include/c++/15.2.0
 /home/coder/.espressif/tools/xtensa-esp-elf/esp-15.2.0_20251204/xtensa-esp-elf/bin/../lib/gcc/xtensa-esp-elf/15.2.0/../../../../xtensa-esp-elf/include/c++/15.2.0/xtensa-esp-elf/esp32/no-rtti
 /home/coder/.espressif/tools/xtensa-esp-elf/esp-15.2.0_20251204/xtensa-esp-elf/bin/../lib/gcc/xtensa-esp-elf/15.2.0/../../../../xtensa-esp-elf/include/c++/15.2.0/backward
 /home/coder/.espressif/tools/xtensa-esp-elf/esp-15.2.0_20251204/xtensa-esp-elf/bin/../lib/gcc/xtensa-esp-elf/15.2.0/include
 /home/coder/.espressif/tools/xtensa-esp-elf/esp-15.2.0_20251204/xtensa-esp-elf/bin/../lib/gcc/xtensa-esp-elf/15.2.0/include-fixed
 /home/coder/.espressif/tools/xtensa-esp-elf/esp-15.2.0_20251204/xtensa-esp-elf/bin/../lib/gcc/xtensa-esp-elf/15.2.0/../../../../xtensa-esp-elf/include
End of search list.
Compiler executable checksum: ddaf5163ec1d262ade9e7a5c85eeee1b
COLLECT_GCC_OPTIONS='-mdynconfig=xtensa_esp32.so' '-specs=/workspace/hello-wroom/build/bootloader/specs/picolibc.specs' '-Wno-frame-address' '-mlongcalls' '-fno-builtin-memcpy' '-fno-builtin-memset' '-fno-builtin-bzero' '-fno-rtti' '-v' '-o' 'CMakeFiles/cmTC_17b9a.dir/CMakeCXXCompilerABI.cpp.obj' '-c' '-dumpdir' 'CMakeFiles/cmTC_17b9a.dir/'
 /home/coder/.espressif/tools/xtensa-esp-elf/esp-15.2.0_20251204/xtensa-esp-elf/bin/../lib/gcc/xtensa-esp-elf/15.2.0/../../../../xtensa-esp-elf/bin/as --traditional-format --longcalls --dynconfig=xtensa_esp32.so -o CMakeFiles/cmTC_17b9a.dir/CMakeCXXCompilerABI.cpp.obj /tmp/ccMUSf6s.s
COMPILER_PATH=/home/coder/.espressif/tools/xtensa-esp-elf/esp-15.2.0_20251204/xtensa-esp-elf/bin/../libexec/gcc/xtensa-esp-elf/15.2.0/:/home/coder/.espressif/tools/xtensa-esp-elf/esp-15.2.0_20251204/xtensa-esp-elf/bin/../libexec/gcc/:/home/coder/.espressif/tools/xtensa-esp-elf/esp-15.2.0_20251204/xtensa-esp-elf/bin/../lib/gcc/xtensa-esp-elf/15.2.0/../../../../xtensa-esp-elf/bin/
LIBRARY_PATH=/home/coder/.espressif/tools/xtensa-esp-elf/esp-15.2.0_20251204/xtensa-esp-elf/bin/../lib/gcc/xtensa-esp-elf/15.2.0/esp32/no-rtti/:/home/coder/.espressif/tools/xtensa-esp-elf/esp-15.2.0_20251204/xtensa-esp-elf/bin/../lib/gcc/xtensa-esp-elf/15.2.0/../../../../xtensa-esp-elf/lib/esp32/no-rtti/:/home/coder/.espressif/tools/xtensa-esp-elf/esp-15.2.0_20251204/xtensa-esp-elf/bin/../xtensa-esp-elf/lib/esp32/no-rtti/:/home/coder/.espressif/tools/xtensa-esp-elf/esp-15.2.0_20251204/xtensa-esp-elf/bin/../lib/gcc/xtensa-esp-elf/15.2.0/:/home/coder/.espressif/tools/xtensa-esp-elf/esp-15.2.0_20251204/xtensa-esp-elf/bin/../lib/gcc/:/home/coder/.espressif/tools/xtensa-esp-elf/esp-15.2.0_20251204/xtensa-esp-elf/bin/../lib/gcc/xtensa-esp-elf/15.2.0/../../../../xtensa-esp-elf/lib/:/home/coder/.espressif/tools/xtensa-esp-elf/esp-15.2.0_20251204/xtensa-esp-elf/bin/../xtensa-esp-elf/lib/:/home/coder/.espressif/tools/xtensa-esp-elf/esp-15.2.0_20251204/xtensa-esp-elf/bin/../xtensa-esp-elf/usr/lib/
COLLECT_GCC_OPTIONS='-mdynconfig=xtensa_esp32.so' '-specs=/workspace/hello-wroom/build/bootloader/specs/picolibc.specs' '-Wno-frame-address' '-mlongcalls' '-fno-builtin-memcpy' '-fno-builtin-memset' '-fno-builtin-bzero' '-fno-rtti' '-v' '-o' 'CMakeFiles/cmTC_17b9a.dir/CMakeCXXCompilerABI.cpp.obj' '-c' '-dumpdir' 'CMakeFiles/cmTC_17b9a.dir/CMakeCXXCompilerABI.cpp.'
[2/2] Linking CXX executable cmTC_17b9a
Using built-in specs.
Reading specs from /workspace/hello-wroom/build/bootloader/specs/picolibc.specs
rename spec link to picolibc_link
rename spec link_libgcc to picolibc_link_libgcc
rename spec cpp to picolibc_cpp
rename spec cc1 to picolibc_cc1
rename spec cc1plus to picolibc_cc1plus
COLLECT_GCC=/home/coder/.espressif/tools/xtensa-esp-elf/esp-15.2.0_20251204/xtensa-esp-elf/bin/xtensa-esp-elf-g++
COLLECT_LTO_WRAPPER=/home/coder/.espressif/tools/xtensa-esp-elf/esp-15.2.0_20251204/xtensa-esp-elf/bin/../libexec/gcc/xtensa-esp-elf/15.2.0/lto-wrapper
Target: xtensa-esp-elf
Configured with: /builds/idf/crosstool-NG/.build/xtensa-esp-elf/src/gcc/configure --build=x86_64-build_pc-linux-gnu --host=x86_64-build_pc-linux-gnu --target=xtensa-esp-elf --prefix=/builds/idf/crosstool-NG/builds/xtensa-esp-elf --exec_prefix=/builds/idf/crosstool-NG/builds/xtensa-esp-elf --with-local-prefix=/builds/idf/crosstool-NG/builds/xtensa-esp-elf/xtensa-esp-elf --with-sysroot=/builds/idf/crosstool-NG/builds/xtensa-esp-elf/xtensa-esp-elf --with-native-system-header-dir=/include --with-headers=/builds/idf/crosstool-NG/builds/xtensa-esp-elf/xtensa-esp-elf/include --with-newlib --enable-threads=no --disable-shared --with-pkgversion='crosstool-NG esp-15.2.0_20251204' --disable-__cxa_atexit --enable-cxx-flags='-ffunction-sections -fdata-sections' --disable-libgomp --disable-libmudflap --disable-libmpx --disable-libssp --disable-libquadmath --disable-libquadmath-support --disable-libstdcxx-verbose --with-gmp=/builds/idf/crosstool-NG/.build/xtensa-esp-elf/buildtools --with-mpfr=/builds/idf/crosstool-NG/.build/xtensa-esp-elf/buildtools --with-mpc=/builds/idf/crosstool-NG/.build/xtensa-esp-elf/buildtools --with-isl=/builds/idf/crosstool-NG/.build/xtensa-esp-elf/buildtools --enable-lto --enable-target-optspace --without-long-double-128 --enable-plugin --disable-nls --enable-multiarch --enable-languages=c,c++ --disable-libstdcxx-verbose --enable-threads=posix --enable-libstdcxx-time=yes --disable-win32-utf8-manifest
Thread model: posix
Supported LTO compression algorithms: zlib zstd
gcc version 15.2.0 (crosstool-NG esp-15.2.0_20251204) 
COMPILER_PATH=/home/coder/.espressif/tools/xtensa-esp-elf/esp-15.2.0_20251204/xtensa-esp-elf/bin/../libexec/gcc/xtensa-esp-elf/15.2.0/:/home/coder/.espressif/tools/xtensa-esp-elf/esp-15.2.0_20251204/xtensa-esp-elf/bin/../libexec/gcc/:/home/coder/.espressif/tools/xtensa-esp-elf/esp-15.2.0_20251204/xtensa-esp-elf/bin/../lib/gcc/xtensa-esp-elf/15.2.0/../../../../xtensa-esp-elf/bin/
LIBRARY_PATH=/home/coder/.espressif/tools/xtensa-esp-elf/esp-15.2.0_20251204/xtensa-esp-elf/bin/../lib/gcc/xtensa-esp-elf/15.2.0/esp32/no-rtti/:/home/coder/.espressif/tools/xtensa-esp-elf/esp-15.2.0_20251204/xtensa-esp-elf/bin/../lib/gcc/xtensa-esp-elf/15.2.0/../../../../xtensa-esp-elf/lib/esp32/no-rtti/:/home/coder/.espressif/tools/xtensa-esp-elf/esp-15.2.0_20251204/xtensa-esp-elf/bin/../xtensa-esp-elf/lib/esp32/no-rtti/:/home/coder/.espressif/tools/xtensa-esp-elf/esp-15.2.0_20251204/xtensa-esp-elf/bin/../lib/gcc/xtensa-esp-elf/15.2.0/:/home/coder/.espressif/tools/xtensa-esp-elf/esp-15.2.0_20251204/xtensa-esp-elf/bin/../lib/gcc/:/home/coder/.espressif/tools/xtensa-esp-elf/esp-15.2.0_20251204/xtensa-esp-elf/bin/../lib/gcc/xtensa-esp-elf/15.2.0/../../../../xtensa-esp-elf/lib/:/home/coder/.espressif/tools/xtensa-esp-elf/esp-15.2.0_20251204/xtensa-esp-elf/bin/../xtensa-esp-elf/lib/:/home/coder/.espressif/tools/xtensa-esp-elf/esp-15.2.0_20251204/xtensa-esp-elf/bin/../xtensa-esp-elf/usr/lib/
COLLECT_GCC_OPTIONS='-mdynconfig=xtensa_esp32.so' '-specs=/workspace/hello-wroom/build/bootloader/specs/picolibc.specs' '-Wno-frame-address' '-mlongcalls' '-fno-builtin-memcpy' '-fno-builtin-memset' '-fno-builtin-bzero' '-nostartfiles' '-fno-rtti' '-v' '-o' 'cmTC_17b9a' '-dumpdir' 'cmTC_17b9a.'
 /home/coder/.espressif/tools/xtensa-esp-elf/esp-15.2.0_20251204/xtensa-esp-elf/bin/../libexec/gcc/xtensa-esp-elf/15.2.0/collect2 -plugin /home/coder/.espressif/tools/xtensa-esp-elf/esp-15.2.0_20251204/xtensa-esp-elf/bin/../libexec/gcc/xtensa-esp-elf/15.2.0/liblto_plugin.so -plugin-opt=/home/coder/.espressif/tools/xtensa-esp-elf/esp-15.2.0_20251204/xtensa-esp-elf/bin/../libexec/gcc/xtensa-esp-elf/15.2.0/lto-wrapper -plugin-opt=-fresolution=/tmp/ccjcclMg.res -plugin-opt=-pass-through=-lgcc -plugin-opt=-pass-through=-lgcc -plugin-opt=-pass-through=-lc -plugin-opt=-pass-through=-lgcc -L/home/coder/.espressif/tools/xtensa-esp-elf/esp-15.2.0_20251204/xtensa-esp-elf/bin/../xtensa-esp-elf/../picolibc/xtensa-esp-elf/lib/esp32/no-rtti -L/home/coder/.espressif/tools/xtensa-esp-elf/esp-15.2.0_20251204/xtensa-esp-elf/bin/../xtensa-esp-elf/../picolibc/xtensa-esp-elf/lib -Tpicolibc.ld --sysroot=/home/coder/.espressif/tools/xtensa-esp-elf/esp-15.2.0_20251204/xtensa-esp-elf/bin/../xtensa-esp-elf --dynconfig=xtensa_esp32.so -o cmTC_17b9a -L/home/coder/.espressif/tools/xtensa-esp-elf/esp-15.2.0_20251204/xtensa-esp-elf/bin/../xtensa-esp-elf/../picolibc/lib/gcc/xtensa-esp-elf/15.2.0/esp32/no-rtti -L/home/coder/.espressif/tools/xtensa-esp-elf/esp-15.2.0_20251204/xtensa-esp-elf/bin/../xtensa-esp-elf/../picolibc/lib/gcc/xtensa-esp-elf/15.2.0 -L/home/coder/.espressif/tools/xtensa-esp-elf/esp-15.2.0_20251204/xtensa-esp-elf/bin/../lib/gcc/xtensa-esp-elf/15.2.0/esp32/no-rtti -L/home/coder/.espressif/tools/xtensa-esp-elf/esp-15.2.0_20251204/xtensa-esp-elf/bin/../lib/gcc/xtensa-esp-elf/15.2.0/../../../../xtensa-esp-elf/lib/esp32/no-rtti -L/home/coder/.espressif/tools/xtensa-esp-elf/esp-15.2.0_20251204/xtensa-esp-elf/bin/../xtensa-esp-elf/lib/esp32/no-rtti -L/home/coder/.espressif/tools/xtensa-esp-elf/esp-15.2.0_20251204/xtensa-esp-elf/bin/../lib/gcc/xtensa-esp-elf/15.2.0 -L/home/coder/.espressif/tools/xtensa-esp-elf/esp-15.2.0_20251204/xtensa-esp-elf/bin/../lib/gcc -L/home/coder/.espressif/tools/xtensa-esp-elf/esp-15.2.0_20251204/xtensa-esp-elf/bin/../lib/gcc/xtensa-esp-elf/15.2.0/../../../../xtensa-esp-elf/lib -L/home/coder/.espressif/tools/xtensa-esp-elf/esp-15.2.0_20251204/xtensa-esp-elf/bin/../xtensa-esp-elf/lib -L/home/coder/.espressif/tools/xtensa-esp-elf/esp-15.2.0_20251204/xtensa-esp-elf/bin/../xtensa-esp-elf/usr/lib @/tmp/cc85HZTv -lgcc --start-group -lgcc -lc --end-group -lgcc
/home/coder/.espressif/tools/xtensa-esp-elf/esp-15.2.0_20251204/xtensa-esp-elf/bin/../lib/gcc/xtensa-esp-elf/15.2.0/../../../../xtensa-esp-elf/bin/ld: warning: cannot find entry symbol _start; defaulting to 10000000
COLLECT_GCC_OPTIONS='-mdynconfig=xtensa_esp32.so' '-specs=/workspace/hello-wroom/build/bootloader/specs/picolibc.specs' '-Wno-frame-address' '-mlongcalls' '-fno-builtin-memcpy' '-fno-builtin-memset' '-fno-builtin-bzero' '-nostartfiles' '-fno-rtti' '-v' '-o' 'cmTC_17b9a' '-dumpdir' 'cmTC_17b9a.'



Parsed CXX implicit include dir info from above output: rv=done
  found start of include info
  found start of implicit include info
    add: [/home/coder/.espressif/tools/xtensa-esp-elf/esp-15.2.0_20251204/xtensa-esp-elf/bin/../xtensa-esp-elf/../picolibc/include]
    add: [/home/coder/.espressif/tools/xtensa-esp-elf/esp-15.2.0_20251204/xtensa-esp-elf/bin/../xtensa-esp-elf/../picolibc/include/../xtensa-esp-elf/include/c++/15.2.0/xtensa-esp-elf/esp32/no-rtti]
    add: [/home/coder/.espressif/tools/xtensa-esp-elf/esp-15.2.0_20251204/xtensa-esp-elf/bin/../lib/gcc/xtensa-esp-elf/15.2.0/../../../../xtensa-esp-elf/include/c++/15.2.0]
    add: [/home/coder/.espressif/tools/xtensa-esp-elf/esp-15.2.0_20251204/xtensa-esp-elf/bin/../lib/gcc/xtensa-esp-elf/15.2.0/../../../../xtensa-esp-elf/include/c++/15.2.0/xtensa-esp-elf/esp32/no-rtti]
    add: [/home/coder/.espressif/tools/xtensa-esp-elf/esp-15.2.0_20251204/xtensa-esp-elf/bin/../lib/gcc/xtensa-esp-elf/15.2.0/../../../../xtensa-esp-elf/include/c++/15.2.0/backward]
    add: [/home/coder/.espressif/tools/xtensa-esp-elf/esp-15.2.0_20251204/xtensa-esp-elf/bin/../lib/gcc/xtensa-esp-elf/15.2.0/include]
    add: [/home/coder/.espressif/tools/xtensa-esp-elf/esp-15.2.0_20251204/xtensa-esp-elf/bin/../lib/gcc/xtensa-esp-elf/15.2.0/include-fixed]
    add: [/home/coder/.espressif/tools/xtensa-esp-elf/esp-15.2.0_20251204/xtensa-esp-elf/bin/../lib/gcc/xtensa-esp-elf/15.2.0/../../../../xtensa-esp-elf/include]
  end of search list found
  collapse include dir [/home/coder/.espressif/tools/xtensa-esp-elf/esp-15.2.0_20251204/xtensa-esp-elf/bin/../xtensa-esp-elf/../picolibc/include] ==> [/home/coder/.espressif/tools/xtensa-esp-elf/esp-15.2.0_20251204/xtensa-esp-elf/picolibc/include]
  collapse include dir [/home/coder/.espressif/tools/xtensa-esp-elf/esp-15.2.0_20251204/xtensa-esp-elf/bin/../xtensa-esp-elf/../picolibc/include/../xtensa-esp-elf/include/c++/15.2.0/xtensa-esp-elf/esp32/no-rtti] ==> [/home/coder/.espressif/tools/xtensa-esp-elf/esp-15.2.0_20251204/xtensa-esp-elf/picolibc/xtensa-esp-elf/include/c++/15.2.0/xtensa-esp-elf/esp32/no-rtti]
  collapse include dir [/home/coder/.espressif/tools/xtensa-esp-elf/esp-15.2.0_20251204/xtensa-esp-elf/bin/../lib/gcc/xtensa-esp-elf/15.2.0/../../../../xtensa-esp-elf/include/c++/15.2.0] ==> [/home/coder/.espressif/tools/xtensa-esp-elf/esp-15.2.0_20251204/xtensa-esp-elf/xtensa-esp-elf/include/c++/15.2.0]
  collapse include dir [/home/coder/.espressif/tools/xtensa-esp-elf/esp-15.2.0_20251204/xtensa-esp-elf/bin/../lib/gcc/xtensa-esp-elf/15.2.0/../../../../xtensa-esp-elf/include/c++/15.2.0/xtensa-esp-elf/esp32/no-rtti] ==> [/home/coder/.espressif/tools/xtensa-esp-elf/esp-15.2.0_20251204/xtensa-esp-elf/xtensa-esp-elf/include/c++/15.2.0/xtensa-esp-elf/esp32/no-rtti]
  collapse include dir [/home/coder/.espressif/tools/xtensa-esp-elf/esp-15.2.0_20251204/xtensa-esp-elf/bin/../lib/gcc/xtensa-esp-elf/15.2.0/../../../../xtensa-esp-elf/include/c++/15.2.0/backward] ==> [/home/coder/.espressif/tools/xtensa-esp-elf/esp-15.2.0_20251204/xtensa-esp-elf/xtensa-esp-elf/include/c++/15.2.0/backward]
  collapse include dir [/home/coder/.espressif/tools/xtensa-esp-elf/esp-15.2.0_20251204/xtensa-esp-elf/bin/../lib/gcc/xtensa-esp-elf/15.2.0/include] ==> [/home/coder/.espressif/tools/xtensa-esp-elf/esp-15.2.0_20251204/xtensa-esp-elf/lib/gcc/xtensa-esp-elf/15.2.0/include]
  collapse include dir [/home/coder/.espressif/tools/xtensa-esp-elf/esp-15.2.0_20251204/xtensa-esp-elf/bin/../lib/gcc/xtensa-esp-elf/15.2.0/include-fixed] ==> [/home/coder/.espressif/tools/xtensa-esp-elf/esp-15.2.0_20251204/xtensa-esp-elf/lib/gcc/xtensa-esp-elf/15.2.0/include-fixed]
  collapse include dir [/home/coder/.espressif/tools/xtensa-esp-elf/esp-15.2.0_20251204/xtensa-esp-elf/bin/../lib/gcc/xtensa-esp-elf/15.2.0/../../../../xtensa-esp-elf/include] ==> [/home/coder/.espressif/tools/xtensa-esp-elf/esp-15.2.0_20251204/xtensa-esp-elf/xtensa-esp-elf/include]
  implicit include dirs: [/home/coder/.espressif/tools/xtensa-esp-elf/esp-15.2.0_20251204/xtensa-esp-elf/picolibc/include;/home/coder/.espressif/tools/xtensa-esp-elf/esp-15.2.0_20251204/xtensa-esp-elf/picolibc/xtensa-esp-elf/include/c++/15.2.0/xtensa-esp-elf/esp32/no-rtti;/home/coder/.espressif/tools/xtensa-esp-elf/esp-15.2.0_20251204/xtensa-esp-elf/xtensa-esp-elf/include/c++/15.2.0;/home/coder/.espressif/tools/xtensa-esp-elf/esp-15.2.0_20251204/xtensa-esp-elf/xtensa-esp-elf/include/c++/15.2.0/xtensa-esp-elf/esp32/no-rtti;/home/coder/.espressif/tools/xtensa-esp-elf/esp-15.2.0_20251204/xtensa-esp-elf/xtensa-esp-elf/include/c++/15.2.0/backward;/home/coder/.espressif/tools/xtensa-esp-elf/esp-15.2.0_20251204/xtensa-esp-elf/lib/gcc/xtensa-esp-elf/15.2.0/include;/home/coder/.espressif/tools/xtensa-esp-elf/esp-15.2.0_20251204/xtensa-esp-elf/lib/gcc/xtensa-esp-elf/15.2.0/include-fixed;/home/coder/.espressif/tools/xtensa-esp-elf/esp-15.2.0_20251204/xtensa-esp-elf/xtensa-esp-elf/include]


Parsed CXX implicit link information from above output:
  link line regex: [^( *|.*[/\])(xtensa-esp32-elf-ld|CMAKE_LINK_STARTFILE-NOTFOUND|([^/\]+-)?ld|collect2)[^/\]*( |$)]
  ignore line: [Change Dir: /workspace/hello-wroom/build/bootloader/CMakeFiles/CMakeTmp]
  ignore line: []
  ignore line: [Run Build Command(s):/usr/bin/ninja cmTC_17b9a && [1/2] Building CXX object CMakeFiles/cmTC_17b9a.dir/CMakeCXXCompilerABI.cpp.obj]
  ignore line: [Using built-in specs.]
  ignore line: [Reading specs from /workspace/hello-wroom/build/bootloader/specs/picolibc.specs]
  ignore line: [rename spec link to picolibc_link]
  ignore line: [rename spec link_libgcc to picolibc_link_libgcc]
  ignore line: [rename spec cpp to picolibc_cpp]
  ignore line: [rename spec cc1 to picolibc_cc1]
  ignore line: [rename spec cc1plus to picolibc_cc1plus]
  ignore line: [COLLECT_GCC=/home/coder/.espressif/tools/xtensa-esp-elf/esp-15.2.0_20251204/xtensa-esp-elf/bin/xtensa-esp-elf-g++]
  ignore line: [Target: xtensa-esp-elf]
  ignore line: [Configured with: /builds/idf/crosstool-NG/.build/xtensa-esp-elf/src/gcc/configure --build=x86_64-build_pc-linux-gnu --host=x86_64-build_pc-linux-gnu --target=xtensa-esp-elf --prefix=/builds/idf/crosstool-NG/builds/xtensa-esp-elf --exec_prefix=/builds/idf/crosstool-NG/builds/xtensa-esp-elf --with-local-prefix=/builds/idf/crosstool-NG/builds/xtensa-esp-elf/xtensa-esp-elf --with-sysroot=/builds/idf/crosstool-NG/builds/xtensa-esp-elf/xtensa-esp-elf --with-native-system-header-dir=/include --with-headers=/builds/idf/crosstool-NG/builds/xtensa-esp-elf/xtensa-esp-elf/include --with-newlib --enable-threads=no --disable-shared --with-pkgversion='crosstool-NG esp-15.2.0_20251204' --disable-__cxa_atexit --enable-cxx-flags='-ffunction-sections -fdata-sections' --disable-libgomp --disable-libmudflap --disable-libmpx --disable-libssp --disable-libquadmath --disable-libquadmath-support --disable-libstdcxx-verbose --with-gmp=/builds/idf/crosstool-NG/.build/xtensa-esp-elf/buildtools --with-mpfr=/builds/idf/crosstool-NG/.build/xtensa-esp-elf/buildtools --with-mpc=/builds/idf/crosstool-NG/.build/xtensa-esp-elf/buildtools --with-isl=/builds/idf/crosstool-NG/.build/xtensa-esp-elf/buildtools --enable-lto --enable-target-optspace --without-long-double-128 --enable-plugin --disable-nls --enable-multiarch --enable-languages=c c++ --disable-libstdcxx-verbose --enable-threads=posix --enable-libstdcxx-time=yes --disable-win32-utf8-manifest]
  ignore line: [Thread model: posix]
  ignore line: [Supported LTO compression algorithms: zlib zstd]
  ignore line: [gcc version 15.2.0 (crosstool-NG esp-15.2.0_20251204) ]
  ignore line: [COLLECT_GCC_OPTIONS='-mdynconfig=xtensa_esp32.so' '-specs=/workspace/hello-wroom/build/bootloader/specs/picolibc.specs' '-Wno-frame-address' '-mlongcalls' '-fno-builtin-memcpy' '-fno-builtin-memset' '-fno-builtin-bzero' '-fno-rtti' '-v' '-o' 'CMakeFiles/cmTC_17b9a.dir/CMakeCXXCompilerABI.cpp.obj' '-c' '-dumpdir' 'CMakeFiles/cmTC_17b9a.dir/']
  ignore line: [ /home/coder/.espressif/tools/xtensa-esp-elf/esp-15.2.0_20251204/xtensa-esp-elf/bin/../libexec/gcc/xtensa-esp-elf/15.2.0/cc1plus -quiet -v -imultilib esp32/no-rtti -iprefix /home/coder/.espressif/tools/xtensa-esp-elf/esp-15.2.0_20251204/xtensa-esp-elf/bin/../lib/gcc/xtensa-esp-elf/15.2.0/ -isysroot /home/coder/.espressif/tools/xtensa-esp-elf/esp-15.2.0_20251204/xtensa-esp-elf/bin/../xtensa-esp-elf /usr/share/cmake-3.22/Modules/CMakeCXXCompilerABI.cpp -ftls-model=local-exec -quiet -dumpdir CMakeFiles/cmTC_17b9a.dir/ -dumpbase CMakeCXXCompilerABI.cpp.cpp -dumpbase-ext .cpp -mdynconfig=xtensa_esp32.so -mlongcalls -Wno-frame-address -version -fno-builtin-memcpy -fno-builtin-memset -fno-builtin-bzero -fno-rtti -isystem /home/coder/.espressif/tools/xtensa-esp-elf/esp-15.2.0_20251204/xtensa-esp-elf/bin/../xtensa-esp-elf/../picolibc/include -isystem /home/coder/.espressif/tools/xtensa-esp-elf/esp-15.2.0_20251204/xtensa-esp-elf/bin/../xtensa-esp-elf/../picolibc/include/../xtensa-esp-elf/include/c++/15.2.0/xtensa-esp-elf/esp32/no-rtti -ftls-model=local-exec -o /tmp/ccMUSf6s.s]
  ignore line: [GNU C++17 (crosstool-NG esp-15.2.0_20251204) version 15.2.0 (xtensa-esp-elf)]
  ignore line: [	compiled by GNU C version 6.3.0  GMP version 6.3.0  MPFR version 4.2.1  MPC version 1.3.1  isl version isl-0.26-GMP]
  ignore line: []
  ignore line: [GGC heuristics: --param ggc-min-expand=100 --param ggc-min-heapsize=131072]
  ignore line: [ignoring duplicate directory "/home/coder/.espressif/tools/xtensa-esp-elf/esp-15.2.0_20251204/xtensa-esp-elf/bin/../lib/gcc/../../lib/gcc/xtensa-esp-elf/15.2.0/../../../../xtensa-esp-elf/include/c++/15.2.0"]
  ignore line: [ignoring duplicate directory "/home/coder/.espressif/tools/xtensa-esp-elf/esp-15.2.0_20251204/xtensa-esp-elf/bin/../lib/gcc/../../lib/gcc/xtensa-esp-elf/15.2.0/../../../../xtensa-esp-elf/include/c++/15.2.0/xtensa-esp-elf/esp32/no-rtti"]
  ignore line: [ignoring duplicate directory "/home/coder/.espressif/tools/xtensa-esp-elf/esp-15.2.0_20251204/xtensa-esp-elf/bin/../lib/gcc/../../lib/gcc/xtensa-esp-elf/15.2.0/../../../../xtensa-esp-elf/include/c++/15.2.0/backward"]
  ignore line: [ignoring duplicate directory "/home/coder/.espressif/tools/xtensa-esp-elf/esp-15.2.0_20251204/xtensa-esp-elf/bin/../lib/gcc/../../lib/gcc/xtensa-esp-elf/15.2.0/include"]
  ignore line: [ignoring nonexistent directory "/home/coder/.espressif/tools/xtensa-esp-elf/esp-15.2.0_20251204/xtensa-esp-elf/bin/../xtensa-esp-elf/builds/idf/crosstool-NG/builds/xtensa-esp-elf/xtensa-esp-elf/include"]
  ignore line: [ignoring duplicate directory "/home/coder/.espressif/tools/xtensa-esp-elf/esp-15.2.0_20251204/xtensa-esp-elf/bin/../lib/gcc/../../lib/gcc/xtensa-esp-elf/15.2.0/include-fixed"]
  ignore line: [ignoring duplicate directory "/home/coder/.espressif/tools/xtensa-esp-elf/esp-15.2.0_20251204/xtensa-esp-elf/bin/../lib/gcc/../../lib/gcc/xtensa-esp-elf/15.2.0/../../../../xtensa-esp-elf/include"]
  ignore line: [ignoring duplicate directory "/home/coder/.espressif/tools/xtensa-esp-elf/esp-15.2.0_20251204/xtensa-esp-elf/bin/../xtensa-esp-elf/include"]
  ignore line: [#include "..." search starts here:]
  ignore line: [#include <...> search starts here:]
  ignore line: [ /home/coder/.espressif/tools/xtensa-esp-elf/esp-15.2.0_20251204/xtensa-esp-elf/bin/../xtensa-esp-elf/../picolibc/include]
  ignore line: [ /home/coder/.espressif/tools/xtensa-esp-elf/esp-15.2.0_20251204/xtensa-esp-elf/bin/../xtensa-esp-elf/../picolibc/include/../xtensa-esp-elf/include/c++/15.2.0/xtensa-esp-elf/esp32/no-rtti]
  ignore line: [ /home/coder/.espressif/tools/xtensa-esp-elf/esp-15.2.0_20251204/xtensa-esp-elf/bin/../lib/gcc/xtensa-esp-elf/15.2.0/../../../../xtensa-esp-elf/include/c++/15.2.0]
  ignore line: [ /home/coder/.espressif/tools/xtensa-esp-elf/esp-15.2.0_20251204/xtensa-esp-elf/bin/../lib/gcc/xtensa-esp-elf/15.2.0/../../../../xtensa-esp-elf/include/c++/15.2.0/xtensa-esp-elf/esp32/no-rtti]
  ignore line: [ /home/coder/.espressif/tools/xtensa-esp-elf/esp-15.2.0_20251204/xtensa-esp-elf/bin/../lib/gcc/xtensa-esp-elf/15.2.0/../../../../xtensa-esp-elf/include/c++/15.2.0/backward]
  ignore line: [ /home/coder/.espressif/tools/xtensa-esp-elf/esp-15.2.0_20251204/xtensa-esp-elf/bin/../lib/gcc/xtensa-esp-elf/15.2.0/include]
  ignore line: [ /home/coder/.espressif/tools/xtensa-esp-elf/esp-15.2.0_20251204/xtensa-esp-elf/bin/../lib/gcc/xtensa-esp-elf/15.2.0/include-fixed]
  ignore line: [ /home/coder/.espressif/tools/xtensa-esp-elf/esp-15.2.0_20251204/xtensa-esp-elf/bin/../lib/gcc/xtensa-esp-elf/15.2.0/../../../../xtensa-esp-elf/include]
  ignore line: [End of search list.]
  ignore line: [Compiler executable checksum: ddaf5163ec1d262ade9e7a5c85eeee1b]
  ignore line: [COLLECT_GCC_OPTIONS='-mdynconfig=xtensa_esp32.so' '-specs=/workspace/hello-wroom/build/bootloader/specs/picolibc.specs' '-Wno-frame-address' '-mlongcalls' '-fno-builtin-memcpy' '-fno-builtin-memset' '-fno-builtin-bzero' '-fno-rtti' '-v' '-o' 'CMakeFiles/cmTC_17b9a.dir/CMakeCXXCompilerABI.cpp.obj' '-c' '-dumpdir' 'CMakeFiles/cmTC_17b9a.dir/']
  ignore line: [ /home/coder/.espressif/tools/xtensa-esp-elf/esp-15.2.0_20251204/xtensa-esp-elf/bin/../lib/gcc/xtensa-esp-elf/15.2.0/../../../../xtensa-esp-elf/bin/as --traditional-format --longcalls --dynconfig=xtensa_esp32.so -o CMakeFiles/cmTC_17b9a.dir/CMakeCXXCompilerABI.cpp.obj /tmp/ccMUSf6s.s]
  ignore line: [COMPILER_PATH=/home/coder/.espressif/tools/xtensa-esp-elf/esp-15.2.0_20251204/xtensa-esp-elf/bin/../libexec/gcc/xtensa-esp-elf/15.2.0/:/home/coder/.espressif/tools/xtensa-esp-elf/esp-15.2.0_20251204/xtensa-esp-elf/bin/../libexec/gcc/:/home/coder/.espressif/tools/xtensa-esp-elf/esp-15.2.0_20251204/xtensa-esp-elf/bin/../lib/gcc/xtensa-esp-elf/15.2.0/../../../../xtensa-esp-elf/bin/]
  ignore line: [LIBRARY_PATH=/home/coder/.espressif/tools/xtensa-esp-elf/esp-15.2.0_20251204/xtensa-esp-elf/bin/../lib/gcc/xtensa-esp-elf/15.2.0/esp32/no-rtti/:/home/coder/.espressif/tools/xtensa-esp-elf/esp-15.2.0_20251204/xtensa-esp-elf/bin/../lib/gcc/xtensa-esp-elf/15.2.0/../../../../xtensa-esp-elf/lib/esp32/no-rtti/:/home/coder/.espressif/tools/xtensa-esp-elf/esp-15.2.0_20251204/xtensa-esp-elf/bin/../xtensa-esp-elf/lib/esp32/no-rtti/:/home/coder/.espressif/tools/xtensa-esp-elf/esp-15.2.0_20251204/xtensa-esp-elf/bin/../lib/gcc/xtensa-esp-elf/15.2.0/:/home/coder/.espressif/tools/xtensa-esp-elf/esp-15.2.0_20251204/xtensa-esp-elf/bin/../lib/gcc/:/home/coder/.espressif/tools/xtensa-esp-elf/esp-15.2.0_20251204/xtensa-esp-elf/bin/../lib/gcc/xtensa-esp-elf/15.2.0/../../../../xtensa-esp-elf/lib/:/home/coder/.espressif/tools/xtensa-esp-elf/esp-15.2.0_20251204/xtensa-esp-elf/bin/../xtensa-esp-elf/lib/:/home/coder/.espressif/tools/xtensa-esp-elf/esp-15.2.0_20251204/xtensa-esp-elf/bin/../xtensa-esp-elf/usr/lib/]
  ignore line: [COLLECT_GCC_OPTIONS='-mdynconfig=xtensa_esp32.so' '-specs=/workspace/hello-wroom/build/bootloader/specs/picolibc.specs' '-Wno-frame-address' '-mlongcalls' '-fno-builtin-memcpy' '-fno-builtin-memset' '-fno-builtin-bzero' '-fno-rtti' '-v' '-o' 'CMakeFiles/cmTC_17b9a.dir/CMakeCXXCompilerABI.cpp.obj' '-c' '-dumpdir' 'CMakeFiles/cmTC_17b9a.dir/CMakeCXXCompilerABI.cpp.']
  ignore line: [[2/2] Linking CXX executable cmTC_17b9a]
  ignore line: [Using built-in specs.]
  ignore line: [Reading specs from /workspace/hello-wroom/build/bootloader/specs/picolibc.specs]
  ignore line: [rename spec link to picolibc_link]
  ignore line: [rename spec link_libgcc to picolibc_link_libgcc]
  ignore line: [rename spec cpp to picolibc_cpp]
  ignore line: [rename spec cc1 to picolibc_cc1]
  ignore line: [rename spec cc1plus to picolibc_cc1plus]
  ignore line: [COLLECT_GCC=/home/coder/.espressif/tools/xtensa-esp-elf/esp-15.2.0_20251204/xtensa-esp-elf/bin/xtensa-esp-elf-g++]
  ignore line: [COLLECT_LTO_WRAPPER=/home/coder/.espressif/tools/xtensa-esp-elf/esp-15.2.0_20251204/xtensa-esp-elf/bin/../libexec/gcc/xtensa-esp-elf/15.2.0/lto-wrapper]
  ignore line: [Target: xtensa-esp-elf]
  ignore line: [Configured with: /builds/idf/crosstool-NG/.build/xtensa-esp-elf/src/gcc/configure --build=x86_64-build_pc-linux-gnu --host=x86_64-build_pc-linux-gnu --target=xtensa-esp-elf --prefix=/builds/idf/crosstool-NG/builds/xtensa-esp-elf --exec_prefix=/builds/idf/crosstool-NG/builds/xtensa-esp-elf --with-local-prefix=/builds/idf/crosstool-NG/builds/xtensa-esp-elf/xtensa-esp-elf --with-sysroot=/builds/idf/crosstool-NG/builds/xtensa-esp-elf/xtensa-esp-elf --with-native-system-header-dir=/include --with-headers=/builds/idf/crosstool-NG/builds/xtensa-esp-elf/xtensa-esp-elf/include --with-newlib --enable-threads=no --disable-shared --with-pkgversion='crosstool-NG esp-15.2.0_20251204' --disable-__cxa_atexit --enable-cxx-flags='-ffunction-sections -fdata-sections' --disable-libgomp --disable-libmudflap --disable-libmpx --disable-libssp --disable-libquadmath --disable-libquadmath-support --disable-libstdcxx-verbose --with-gmp=/builds/idf/crosstool-NG/.build/xtensa-esp-elf/buildtools --with-mpfr=/builds/idf/crosstool-NG/.build/xtensa-esp-elf/buildtools --with-mpc=/builds/idf/crosstool-NG/.build/xtensa-esp-elf/buildtools --with-isl=/builds/idf/crosstool-NG/.build/xtensa-esp-elf/buildtools --enable-lto --enable-target-optspace --without-long-double-128 --enable-plugin --disable-nls --enable-multiarch --enable-languages=c c++ --disable-libstdcxx-verbose --enable-threads=posix --enable-libstdcxx-time=yes --disable-win32-utf8-manifest]
  ignore line: [Thread model: posix]
  ignore line: [Supported LTO compression algorithms: zlib zstd]
  ignore line: [gcc version 15.2.0 (crosstool-NG esp-15.2.0_20251204) ]
  ignore line: [COMPILER_PATH=/home/coder/.espressif/tools/xtensa-esp-elf/esp-15.2.0_20251204/xtensa-esp-elf/bin/../libexec/gcc/xtensa-esp-elf/15.2.0/:/home/coder/.espressif/tools/xtensa-esp-elf/esp-15.2.0_20251204/xtensa-esp-elf/bin/../libexec/gcc/:/home/coder/.espressif/tools/xtensa-esp-elf/esp-15.2.0_20251204/xtensa-esp-elf/bin/../lib/gcc/xtensa-esp-elf/15.2.0/../../../../xtensa-esp-elf/bin/]
  ignore line: [LIBRARY_PATH=/home/coder/.espressif/tools/xtensa-esp-elf/esp-15.2.0_20251204/xtensa-esp-elf/bin/../lib/gcc/xtensa-esp-elf/15.2.0/esp32/no-rtti/:/home/coder/.espressif/tools/xtensa-esp-elf/esp-15.2.0_20251204/xtensa-esp-elf/bin/../lib/gcc/xtensa-esp-elf/15.2.0/../../../../xtensa-esp-elf/lib/esp32/no-rtti/:/home/coder/.espressif/tools/xtensa-esp-elf/esp-15.2.0_20251204/xtensa-esp-elf/bin/../xtensa-esp-elf/lib/esp32/no-rtti/:/home/coder/.espressif/tools/xtensa-esp-elf/esp-15.2.0_20251204/xtensa-esp-elf/bin/../lib/gcc/xtensa-esp-elf/15.2.0/:/home/coder/.espressif/tools/xtensa-esp-elf/esp-15.2.0_20251204/xtensa-esp-elf/bin/../lib/gcc/:/home/coder/.espressif/tools/xtensa-esp-elf/esp-15.2.0_20251204/xtensa-esp-elf/bin/../lib/gcc/xtensa-esp-elf/15.2.0/../../../../xtensa-esp-elf/lib/:/home/coder/.espressif/tools/xtensa-esp-elf/esp-15.2.0_20251204/xtensa-esp-elf/bin/../xtensa-esp-elf/lib/:/home/coder/.espressif/tools/xtensa-esp-elf/esp-15.2.0_20251204/xtensa-esp-elf/bin/../xtensa-esp-elf/usr/lib/]
  ignore line: [COLLECT_GCC_OPTIONS='-mdynconfig=xtensa_esp32.so' '-specs=/workspace/hello-wroom/build/bootloader/specs/picolibc.specs' '-Wno-frame-address' '-mlongcalls' '-fno-builtin-memcpy' '-fno-builtin-memset' '-fno-builtin-bzero' '-nostartfiles' '-fno-rtti' '-v' '-o' 'cmTC_17b9a' '-dumpdir' 'cmTC_17b9a.']
  link line: [ /home/coder/.espressif/tools/xtensa-esp-elf/esp-15.2.0_20251204/xtensa-esp-elf/bin/../libexec/gcc/xtensa-esp-elf/15.2.0/collect2 -plugin /home/coder/.espressif/tools/xtensa-esp-elf/esp-15.2.0_20251204/xtensa-esp-elf/bin/../libexec/gcc/xtensa-esp-elf/15.2.0/liblto_plugin.so -plugin-opt=/home/coder/.espressif/tools/xtensa-esp-elf/esp-15.2.0_20251204/xtensa-esp-elf/bin/../libexec/gcc/xtensa-esp-elf/15.2.0/lto-wrapper -plugin-opt=-fresolution=/tmp/ccjcclMg.res -plugin-opt=-pass-through=-lgcc -plugin-opt=-pass-through=-lgcc -plugin-opt=-pass-through=-lc -plugin-opt=-pass-through=-lgcc -L/home/coder/.espressif/tools/xtensa-esp-elf/esp-15.2.0_20251204/xtensa-esp-elf/bin/../xtensa-esp-elf/../picolibc/xtensa-esp-elf/lib/esp32/no-rtti -L/home/coder/.espressif/tools/xtensa-esp-elf/esp-15.2.0_20251204/xtensa-esp-elf/bin/../xtensa-esp-elf/../picolibc/xtensa-esp-elf/lib -Tpicolibc.ld --sysroot=/home/coder/.espressif/tools/xtensa-esp-elf/esp-15.2.0_20251204/xtensa-esp-elf/bin/../xtensa-esp-elf --dynconfig=xtensa_esp32.so -o cmTC_17b9a -L/home/coder/.espressif/tools/xtensa-esp-elf/esp-15.2.0_20251204/xtensa-esp-elf/bin/../xtensa-esp-elf/../picolibc/lib/gcc/xtensa-esp-elf/15.2.0/esp32/no-rtti -L/home/coder/.espressif/tools/xtensa-esp-elf/esp-15.2.0_20251204/xtensa-esp-elf/bin/../xtensa-esp-elf/../picolibc/lib/gcc/xtensa-esp-elf/15.2.0 -L/home/coder/.espressif/tools/xtensa-esp-elf/esp-15.2.0_20251204/xtensa-esp-elf/bin/../lib/gcc/xtensa-esp-elf/15.2.0/esp32/no-rtti -L/home/coder/.espressif/tools/xtensa-esp-elf/esp-15.2.0_20251204/xtensa-esp-elf/bin/../lib/gcc/xtensa-esp-elf/15.2.0/../../../../xtensa-esp-elf/lib/esp32/no-rtti -L/home/coder/.espressif/tools/xtensa-esp-elf/esp-15.2.0_20251204/xtensa-esp-elf/bin/../xtensa-esp-elf/lib/esp32/no-rtti -L/home/coder/.espressif/tools/xtensa-esp-elf/esp-15.2.0_20251204/xtensa-esp-elf/bin/../lib/gcc/xtensa-esp-elf/15.2.0 -L/home/coder/.espressif/tools/xtensa-esp-elf/esp-15.2.0_20251204/xtensa-esp-elf/bin/../lib/gcc -L/home/coder/.espressif/tools/xtensa-esp-elf/esp-15.2.0_20251204/xtensa-esp-elf/bin/../lib/gcc/xtensa-esp-elf/15.2.0/../../../../xtensa-esp-elf/lib -L/home/coder/.espressif/tools/xtensa-esp-elf/esp-15.2.0_20251204/xtensa-esp-elf/bin/../xtensa-esp-elf/lib -L/home/coder/.espressif/tools/xtensa-esp-elf/esp-15.2.0_20251204/xtensa-esp-elf/bin/../xtensa-esp-elf/usr/lib @/tmp/cc85HZTv -lgcc --start-group -lgcc -lc --end-group -lgcc]
    arg [/home/coder/.espressif/tools/xtensa-esp-elf/esp-15.2.0_20251204/xtensa-esp-elf/bin/../libexec/gcc/xtensa-esp-elf/15.2.0/collect2] ==> ignore
    arg [-plugin] ==> ignore
    arg [/home/coder/.espressif/tools/xtensa-esp-elf/esp-15.2.0_20251204/xtensa-esp-elf/bin/../libexec/gcc/xtensa-esp-elf/15.2.0/liblto_plugin.so] ==> ignore
    arg [-plugin-opt=/home/coder/.espressif/tools/xtensa-esp-elf/esp-15.2.0_20251204/xtensa-esp-elf/bin/../libexec/gcc/xtensa-esp-elf/15.2.0/lto-wrapper] ==> ignore
    arg [-plugin-opt=-fresolution=/tmp/ccjcclMg.res] ==> ignore
    arg [-plugin-opt=-pass-through=-lgcc] ==> ignore
    arg [-plugin-opt=-pass-through=-lgcc] ==> ignore
    arg [-plugin-opt=-pass-through=-lc] ==> ignore
    arg [-plugin-opt=-pass-through=-lgcc] ==> ignore
    arg [-L/home/coder/.espressif/tools/xtensa-esp-elf/esp-15.2.0_20251204/xtensa-esp-elf/bin/../xtensa-esp-elf/../picolibc/xtensa-esp-elf/lib/esp32/no-rtti] ==> dir [/home/coder/.espressif/tools/xtensa-esp-elf/esp-15.2.0_20251204/xtensa-esp-elf/bin/../xtensa-esp-elf/../picolibc/xtensa-esp-elf/lib/esp32/no-rtti]
    arg [-L/home/coder/.espressif/tools/xtensa-esp-elf/esp-15.2.0_20251204/xtensa-esp-elf/bin/../xtensa-esp-elf/../picolibc/xtensa-esp-elf/lib] ==> dir [/home/coder/.espressif/tools/xtensa-esp-elf/esp-15.2.0_20251204/xtensa-esp-elf/bin/../xtensa-esp-elf/../picolibc/xtensa-esp-elf/lib]
    arg [-Tpicolibc.ld] ==> ignore
    arg [--sysroot=/home/coder/.espressif/tools/xtensa-esp-elf/esp-15.2.0_20251204/xtensa-esp-elf/bin/../xtensa-esp-elf] ==> ignore
    arg [--dynconfig=xtensa_esp32.so] ==> ignore
    arg [-o] ==> ignore
    arg [cmTC_17b9a] ==> ignore
    arg [-L/home/coder/.espressif/tools/xtensa-esp-elf/esp-15.2.0_20251204/xtensa-esp-elf/bin/../xtensa-esp-elf/../picolibc/lib/gcc/xtensa-esp-elf/15.2.0/esp32/no-rtti] ==> dir [/home/coder/.espressif/tools/xtensa-esp-elf/esp-15.2.0_20251204/xtensa-esp-elf/bin/../xtensa-esp-elf/../picolibc/lib/gcc/xtensa-esp-elf/15.2.0/esp32/no-rtti]
    arg [-L/home/coder/.espressif/tools/xtensa-esp-elf/esp-15.2.0_20251204/xtensa-esp-elf/bin/../xtensa-esp-elf/../picolibc/lib/gcc/xtensa-esp-elf/15.2.0] ==> dir [/home/coder/.espressif/tools/xtensa-esp-elf/esp-15.2.0_20251204/xtensa-esp-elf/bin/../xtensa-esp-elf/../picolibc/lib/gcc/xtensa-esp-elf/15.2.0]
    arg [-L/home/coder/.espressif/tools/xtensa-esp-elf/esp-15.2.0_20251204/xtensa-esp-elf/bin/../lib/gcc/xtensa-esp-elf/15.2.0/esp32/no-rtti] ==> dir [/home/coder/.espressif/tools/xtensa-esp-elf/esp-15.2.0_20251204/xtensa-esp-elf/bin/../lib/gcc/xtensa-esp-elf/15.2.0/esp32/no-rtti]
    arg [-L/home/coder/.espressif/tools/xtensa-esp-elf/esp-15.2.0_20251204/xtensa-esp-elf/bin/../lib/gcc/xtensa-esp-elf/15.2.0/../../../../xtensa-esp-elf/lib/esp32/no-rtti] ==> dir [/home/coder/.espressif/tools/xtensa-esp-elf/esp-15.2.0_20251204/xtensa-esp-elf/bin/../lib/gcc/xtensa-esp-elf/15.2.0/../../../../xtensa-esp-elf/lib/esp32/no-rtti]
    arg [-L/home/coder/.espressif/tools/xtensa-esp-elf/esp-15.2.0_20251204/xtensa-esp-elf/bin/../xtensa-esp-elf/lib/esp32/no-rtti] ==> dir [/home/coder/.espressif/tools/xtensa-esp-elf/esp-15.2.0_20251204/xtensa-esp-elf/bin/../xtensa-esp-elf/lib/esp32/no-rtti]
    arg [-L/home/coder/.espressif/tools/xtensa-esp-elf/esp-15.2.0_20251204/xtensa-esp-elf/bin/../lib/gcc/xtensa-esp-elf/15.2.0] ==> dir [/home/coder/.espressif/tools/xtensa-esp-elf/esp-15.2.0_20251204/xtensa-esp-elf/bin/../lib/gcc/xtensa-esp-elf/15.2.0]
    arg [-L/home/coder/.espressif/tools/xtensa-esp-elf/esp-15.2.0_20251204/xtensa-esp-elf/bin/../lib/gcc] ==> dir [/home/coder/.espressif/tools/xtensa-esp-elf/esp-15.2.0_20251204/xtensa-esp-elf/bin/../lib/gcc]
    arg [-L/home/coder/.espressif/tools/xtensa-esp-elf/esp-15.2.0_20251204/xtensa-esp-elf/bin/../lib/gcc/xtensa-esp-elf/15.2.0/../../../../xtensa-esp-elf/lib] ==> dir [/home/coder/.espressif/tools/xtensa-esp-elf/esp-15.2.0_20251204/xtensa-esp-elf/bin/../lib/gcc/xtensa-esp-elf/15.2.0/../../../../xtensa-esp-elf/lib]
    arg [-L/home/coder/.espressif/tools/xtensa-esp-elf/esp-15.2.0_20251204/xtensa-esp-elf/bin/../xtensa-esp-elf/lib] ==> dir [/home/coder/.espressif/tools/xtensa-esp-elf/esp-15.2.0_20251204/xtensa-esp-elf/bin/../xtensa-esp-elf/lib]
    arg [-L/home/coder/.espressif/tools/xtensa-esp-elf/esp-15.2.0_20251204/xtensa-esp-elf/bin/../xtensa-esp-elf/usr/lib] ==> dir [/home/coder/.espressif/tools/xtensa-esp-elf/esp-15.2.0_20251204/xtensa-esp-elf/bin/../xtensa-esp-elf/usr/lib]
    arg [@/tmp/cc85HZTv] ==> ignore
    arg [-lgcc] ==> lib [gcc]
    arg [--start-group] ==> ignore
    arg [-lgcc] ==> lib [gcc]
    arg [-lc] ==> lib [c]
    arg [--end-group] ==> ignore
    arg [-lgcc] ==> lib [gcc]
  collapse library dir [/home/coder/.espressif/tools/xtensa-esp-elf/esp-15.2.0_20251204/xtensa-esp-elf/bin/../xtensa-esp-elf/../picolibc/xtensa-esp-elf/lib/esp32/no-rtti] ==> [/home/coder/.espressif/tools/xtensa-esp-elf/esp-15.2.0_20251204/xtensa-esp-elf/picolibc/xtensa-esp-elf/lib/esp32/no-rtti]
  collapse library dir [/home/coder/.espressif/tools/xtensa-esp-elf/esp-15.2.0_20251204/xtensa-esp-elf/bin/../xtensa-esp-elf/../picolibc/xtensa-esp-elf/lib] ==> [/home/coder/.espressif/tools/xtensa-esp-elf/esp-15.2.0_20251204/xtensa-esp-elf/picolibc/xtensa-esp-elf/lib]
  collapse library dir [/home/coder/.espressif/tools/xtensa-esp-elf/esp-15.2.0_20251204/xtensa-esp-elf/bin/../xtensa-esp-elf/../picolibc/lib/gcc/xtensa-esp-elf/15.2.0/esp32/no-rtti] ==> [/home/coder/.espressif/tools/xtensa-esp-elf/esp-15.2.0_20251204/xtensa-esp-elf/picolibc/lib/gcc/xtensa-esp-elf/15.2.0/esp32/no-rtti]
  collapse library dir [/home/coder/.espressif/tools/xtensa-esp-elf/esp-15.2.0_20251204/xtensa-esp-elf/bin/../xtensa-esp-elf/../picolibc/lib/gcc/xtensa-esp-elf/15.2.0] ==> [/home/coder/.espressif/tools/xtensa-esp-elf/esp-15.2.0_20251204/xtensa-esp-elf/picolibc/lib/gcc/xtensa-esp-elf/15.2.0]
  collapse library dir [/home/coder/.espressif/tools/xtensa-esp-elf/esp-15.2.0_20251204/xtensa-esp-elf/bin/../lib/gcc/xtensa-esp-elf/15.2.0/esp32/no-rtti] ==> [/home/coder/.espressif/tools/xtensa-esp-elf/esp-15.2.0_20251204/xtensa-esp-elf/lib/gcc/xtensa-esp-elf/15.2.0/esp32/no-rtti]
  collapse library dir [/home/coder/.espressif/tools/xtensa-esp-elf/esp-15.2.0_20251204/xtensa-esp-elf/bin/../lib/gcc/xtensa-esp-elf/15.2.0/../../../../xtensa-esp-elf/lib/esp32/no-rtti] ==> [/home/coder/.espressif/tools/xtensa-esp-elf/esp-15.2.0_20251204/xtensa-esp-elf/xtensa-esp-elf/lib/esp32/no-rtti]
  collapse library dir [/home/coder/.espressif/tools/xtensa-esp-elf/esp-15.2.0_20251204/xtensa-esp-elf/bin/../xtensa-esp-elf/lib/esp32/no-rtti] ==> [/home/coder/.espressif/tools/xtensa-esp-elf/esp-15.2.0_20251204/xtensa-esp-elf/xtensa-esp-elf/lib/esp32/no-rtti]
  collapse library dir [/home/coder/.espressif/tools/xtensa-esp-elf/esp-15.2.0_20251204/xtensa-esp-elf/bin/../lib/gcc/xtensa-esp-elf/15.2.0] ==> [/home/coder/.espressif/tools/xtensa-esp-elf/esp-15.2.0_20251204/xtensa-esp-elf/lib/gcc/xtensa-esp-elf/15.2.0]
  collapse library dir [/home/coder/.espressif/tools/xtensa-esp-elf/esp-15.2.0_20251204/xtensa-esp-elf/bin/../lib/gcc] ==> [/home/coder/.espressif/tools/xtensa-esp-elf/esp-15.2.0_20251204/xtensa-esp-elf/lib/gcc]
  collapse library dir [/home/coder/.espressif/tools/xtensa-esp-elf/esp-15.2.0_20251204/xtensa-esp-elf/bin/../lib/gcc/xtensa-esp-elf/15.2.0/../../../../xtensa-esp-elf/lib] ==> [/home/coder/.espressif/tools/xtensa-esp-elf/esp-15.2.0_20251204/xtensa-esp-elf/xtensa-esp-elf/lib]
  collapse library dir [/home/coder/.espressif/tools/xtensa-esp-elf/esp-15.2.0_20251204/xtensa-esp-elf/bin/../xtensa-esp-elf/lib] ==> [/home/coder/.espressif/tools/xtensa-esp-elf/esp-15.2.0_20251204/xtensa-esp-elf/xtensa-esp-elf/lib]
  collapse library dir [/home/coder/.espressif/tools/xtensa-esp-elf/esp-15.2.0_20251204/xtensa-esp-elf/bin/../xtensa-esp-elf/usr/lib] ==> [/home/coder/.espressif/tools/xtensa-esp-elf/esp-15.2.0_20251204/xtensa-esp-elf/xtensa-esp-elf/usr/lib]
  implicit libs: [gcc;gcc;c;gcc]
  implicit objs: []
  implicit dirs: [/home/coder/.espressif/tools/xtensa-esp-elf/esp-15.2.0_20251204/xtensa-esp-elf/picolibc/xtensa-esp-elf/lib/esp32/no-rtti;/home/coder/.espressif/tools/xtensa-esp-elf/esp-15.2.0_20251204/xtensa-esp-elf/picolibc/xtensa-esp-elf/lib;/home/coder/.espressif/tools/xtensa-esp-elf/esp-15.2.0_20251204/xtensa-esp-elf/picolibc/lib/gcc/xtensa-esp-elf/15.2.0/esp32/no-rtti;/home/coder/.espressif/tools/xtensa-esp-elf/esp-15.2.0_20251204/xtensa-esp-elf/picolibc/lib/gcc/xtensa-esp-elf/15.2.0;/home/coder/.espressif/tools/xtensa-esp-elf/esp-15.2.0_20251204/xtensa-esp-elf/lib/gcc/xtensa-esp-elf/15.2.0/esp32/no-rtti;/home/coder/.espressif/tools/xtensa-esp-elf/esp-15.2.0_20251204/xtensa-esp-elf/xtensa-esp-elf/lib/esp32/no-rtti;/home/coder/.espressif/tools/xtensa-esp-elf/esp-15.2.0_20251204/xtensa-esp-elf/lib/gcc/xtensa-esp-elf/15.2.0;/home/coder/.espressif/tools/xtensa-esp-elf/esp-15.2.0_20251204/xtensa-esp-elf/lib/gcc;/home/coder/.espressif/tools/xtensa-esp-elf/esp-15.2.0_20251204/xtensa-esp-elf/xtensa-esp-elf/lib;/home/coder/.espressif/tools/xtensa-esp-elf/esp-15.2.0_20251204/xtensa-esp-elf/xtensa-esp-elf/usr/lib]
  implicit fwks: []


Detecting C compiler ABI info compiled with the following output:
Change Dir: /workspace/hello-wroom/build/bootloader/CMakeFiles/CMakeTmp

Run Build Command(s):/usr/bin/ninja cmTC_3ae97 && [1/2] Building C object CMakeFiles/cmTC_3ae97.dir/CMakeCCompilerABI.c.obj
Using built-in specs.
Reading specs from /workspace/hello-wroom/build/bootloader/specs/picolibc.specs
rename spec link to picolibc_link
rename spec link_libgcc to picolibc_link_libgcc
rename spec cpp to picolibc_cpp
rename spec cc1 to picolibc_cc1
rename spec cc1plus to picolibc_cc1plus
COLLECT_GCC=/home/coder/.espressif/tools/xtensa-esp-elf/esp-15.2.0_20251204/xtensa-esp-elf/bin/xtensa-esp-elf-gcc
Target: xtensa-esp-elf
Configured with: /builds/idf/crosstool-NG/.build/xtensa-esp-elf/src/gcc/configure --build=x86_64-build_pc-linux-gnu --host=x86_64-build_pc-linux-gnu --target=xtensa-esp-elf --prefix=/builds/idf/crosstool-NG/builds/xtensa-esp-elf --exec_prefix=/builds/idf/crosstool-NG/builds/xtensa-esp-elf --with-local-prefix=/builds/idf/crosstool-NG/builds/xtensa-esp-elf/xtensa-esp-elf --with-sysroot=/builds/idf/crosstool-NG/builds/xtensa-esp-elf/xtensa-esp-elf --with-native-system-header-dir=/include --with-headers=/builds/idf/crosstool-NG/builds/xtensa-esp-elf/xtensa-esp-elf/include --with-newlib --enable-threads=no --disable-shared --with-pkgversion='crosstool-NG esp-15.2.0_20251204' --disable-__cxa_atexit --enable-cxx-flags='-ffunction-sections -fdata-sections' --disable-libgomp --disable-libmudflap --disable-libmpx --disable-libssp --disable-libquadmath --disable-libquadmath-support --disable-libstdcxx-verbose --with-gmp=/builds/idf/crosstool-NG/.build/xtensa-esp-elf/buildtools --with-mpfr=/builds/idf/crosstool-NG/.build/xtensa-esp-elf/buildtools --with-mpc=/builds/idf/crosstool-NG/.build/xtensa-esp-elf/buildtools --with-isl=/builds/idf/crosstool-NG/.build/xtensa-esp-elf/buildtools --enable-lto --enable-target-optspace --without-long-double-128 --enable-plugin --disable-nls --enable-multiarch --enable-languages=c,c++ --disable-libstdcxx-verbose --enable-threads=posix --enable-libstdcxx-time=yes --disable-win32-utf8-manifest
Thread model: posix
Supported LTO compression algorithms: zlib zstd
gcc version 15.2.0 (crosstool-NG esp-15.2.0_20251204) 
COLLECT_GCC_OPTIONS='-mdynconfig=xtensa_esp32.so' '-Wno-frame-address' '-mlongcalls' '-fno-builtin-memcpy' '-fno-builtin-memset' '-fno-builtin-bzero' '-specs=/workspace/hello-wroom/build/bootloader/specs/picolibc.specs' '-v' '-o' 'CMakeFiles/cmTC_3ae97.dir/CMakeCCompilerABI.c.obj' '-c' '-dumpdir' 'CMakeFiles/cmTC_3ae97.dir/'
 /home/coder/.espressif/tools/xtensa-esp-elf/esp-15.2.0_20251204/xtensa-esp-elf/bin/../libexec/gcc/xtensa-esp-elf/15.2.0/cc1 -quiet -v -imultilib esp32 -iprefix /home/coder/.espressif/tools/xtensa-esp-elf/esp-15.2.0_20251204/xtensa-esp-elf/bin/../lib/gcc/xtensa-esp-elf/15.2.0/ -isysroot /home/coder/.espressif/tools/xtensa-esp-elf/esp-15.2.0_20251204/xtensa-esp-elf/bin/../xtensa-esp-elf -isystem /home/coder/.espressif/tools/xtensa-esp-elf/esp-15.2.0_20251204/xtensa-esp-elf/bin/../xtensa-esp-elf/../picolibc/include -isystem /home/coder/.espressif/tools/xtensa-esp-elf/esp-15.2.0_20251204/xtensa-esp-elf/bin/../xtensa-esp-elf/../picolibc/include/../xtensa-esp-elf/include/c++/15.2.0/xtensa-esp-elf/esp32 /usr/share/cmake-3.22/Modules/CMakeCCompilerABI.c -ftls-model=local-exec -quiet -dumpdir CMakeFiles/cmTC_3ae97.dir/ -dumpbase CMakeCCompilerABI.c.c -dumpbase-ext .c -mdynconfig=xtensa_esp32.so -mlongcalls -Wno-frame-address -version -fno-builtin-memcpy -fno-builtin-memset -fno-builtin-bzero -o /tmp/cc1PZ2C1.s
GNU C23 (crosstool-NG esp-15.2.0_20251204) version 15.2.0 (xtensa-esp-elf)
	compiled by GNU C version 6.3.0, GMP version 6.3.0, MPFR version 4.2.1, MPC version 1.3.1, isl version isl-0.26-GMP

GGC heuristics: --param ggc-min-expand=100 --param ggc-min-heapsize=131072
ignoring duplicate directory "/home/coder/.espressif/tools/xtensa-esp-elf/esp-15.2.0_20251204/xtensa-esp-elf/bin/../lib/gcc/../../lib/gcc/xtensa-esp-elf/15.2.0/include"
ignoring nonexistent directory "/home/coder/.espressif/tools/xtensa-esp-elf/esp-15.2.0_20251204/xtensa-esp-elf/bin/../xtensa-esp-elf/builds/idf/crosstool-NG/builds/xtensa-esp-elf/xtensa-esp-elf/include"
ignoring duplicate directory "/home/coder/.espressif/tools/xtensa-esp-elf/esp-15.2.0_20251204/xtensa-esp-elf/bin/../lib/gcc/../../lib/gcc/xtensa-esp-elf/15.2.0/include-fixed"
ignoring duplicate directory "/home/coder/.espressif/tools/xtensa-esp-elf/esp-15.2.0_20251204/xtensa-esp-elf/bin/../lib/gcc/../../lib/gcc/xtensa-esp-elf/15.2.0/../../../../xtensa-esp-elf/include"
ignoring duplicate directory "/home/coder/.espressif/tools/xtensa-esp-elf/esp-15.2.0_20251204/xtensa-esp-elf/bin/../xtensa-esp-elf/include"
#include "..." search starts here:
#include <...> search starts here:
 /home/coder/.espressif/tools/xtensa-esp-elf/esp-15.2.0_20251204/xtensa-esp-elf/bin/../xtensa-esp-elf/../picolibc/include
 /home/coder/.espressif/tools/xtensa-esp-elf/esp-15.2.0_20251204/xtensa-esp-elf/bin/../xtensa-esp-elf/../picolibc/include/../xtensa-esp-elf/include/c++/15.2.0/xtensa-esp-elf/esp32
 /home/coder/.espressif/tools/xtensa-esp-elf/esp-15.2.0_20251204/xtensa-esp-elf/bin/../lib/gcc/xtensa-esp-elf/15.2.0/include
 /home/coder/.espressif/tools/xtensa-esp-elf/esp-15.2.0_20251204/xtensa-esp-elf/bin/../lib/gcc/xtensa-esp-elf/15.2.0/include-fixed
 /home/coder/.espressif/tools/xtensa-esp-elf/esp-15.2.0_20251204/xtensa-esp-elf/bin/../lib/gcc/xtensa-esp-elf/15.2.0/../../../../xtensa-esp-elf/include
End of search list.
Compiler executable checksum: 023236c824ceaa5629805e8d1b1d2049
COLLECT_GCC_OPTIONS='-mdynconfig=xtensa_esp32.so' '-Wno-frame-address' '-mlongcalls' '-fno-builtin-memcpy' '-fno-builtin-memset' '-fno-builtin-bzero' '-specs=/workspace/hello-wroom/build/bootloader/specs/picolibc.specs' '-v' '-o' 'CMakeFiles/cmTC_3ae97.dir/CMakeCCompilerABI.c.obj' '-c' '-dumpdir' 'CMakeFiles/cmTC_3ae97.dir/'
 /home/coder/.espressif/tools/xtensa-esp-elf/esp-15.2.0_20251204/xtensa-esp-elf/bin/../lib/gcc/xtensa-esp-elf/15.2.0/../../../../xtensa-esp-elf/bin/as --traditional-format --longcalls --dynconfig=xtensa_esp32.so -o CMakeFiles/cmTC_3ae97.dir/CMakeCCompilerABI.c.obj /tmp/cc1PZ2C1.s
COMPILER_PATH=/home/coder/.espressif/tools/xtensa-esp-elf/esp-15.2.0_20251204/xtensa-esp-elf/bin/../libexec/gcc/xtensa-esp-elf/15.2.0/:/home/coder/.espressif/tools/xtensa-esp-elf/esp-15.2.0_20251204/xtensa-esp-elf/bin/../libexec/gcc/:/home/coder/.espressif/tools/xtensa-esp-elf/esp-15.2.0_20251204/xtensa-esp-elf/bin/../lib/gcc/xtensa-esp-elf/15.2.0/../../../../xtensa-esp-elf/bin/
LIBRARY_PATH=/home/coder/.espressif/tools/xtensa-esp-elf/esp-15.2.0_20251204/xtensa-esp-elf/bin/../lib/gcc/xtensa-esp-elf/15.2.0/esp32/:/home/coder/.espressif/tools/xtensa-esp-elf/esp-15.2.0_20251204/xtensa-esp-elf/bin/../lib/gcc/xtensa-esp-elf/15.2.0/../../../../xtensa-esp-elf/lib/esp32/:/home/coder/.espressif/tools/xtensa-esp-elf/esp-15.2.0_20251204/xtensa-esp-elf/bin/../xtensa-esp-elf/lib/esp32/:/home/coder/.espressif/tools/xtensa-esp-elf/esp-15.2.0_20251204/xtensa-esp-elf/bin/../lib/gcc/xtensa-esp-elf/15.2.0/:/home/coder/.espressif/tools/xtensa-esp-elf/esp-15.2.0_20251204/xtensa-esp-elf/bin/../lib/gcc/:/home/coder/.espressif/tools/xtensa-esp-elf/esp-15.2.0_20251204/xtensa-esp-elf/bin/../lib/gcc/xtensa-esp-elf/15.2.0/../../../../xtensa-esp-elf/lib/:/home/coder/.espressif/tools/xtensa-esp-elf/esp-15.2.0_20251204/xtensa-esp-elf/bin/../xtensa-esp-elf/lib/:/home/coder/.espressif/tools/xtensa-esp-elf/esp-15.2.0_20251204/xtensa-esp-elf/bin/../xtensa-esp-elf/usr/lib/
COLLECT_GCC_OPTIONS='-mdynconfig=xtensa_esp32.so' '-Wno-frame-address' '-mlongcalls' '-fno-builtin-memcpy' '-fno-builtin-memset' '-fno-builtin-bzero' '-specs=/workspace/hello-wroom/build/bootloader/specs/picolibc.specs' '-v' '-o' 'CMakeFiles/cmTC_3ae97.dir/CMakeCCompilerABI.c.obj' '-c' '-dumpdir' 'CMakeFiles/cmTC_3ae97.dir/CMakeCCompilerABI.c.'
[2/2] Linking C executable cmTC_3ae97
Using built-in specs.
Reading specs from /workspace/hello-wroom/build/bootloader/specs/picolibc.specs
rename spec link to picolibc_link
rename spec link_libgcc to picolibc_link_libgcc
rename spec cpp to picolibc_cpp
rename spec cc1 to picolibc_cc1
rename spec cc1plus to picolibc_cc1plus
COLLECT_GCC=/home/coder/.espressif/tools/xtensa-esp-elf/esp-15.2.0_20251204/xtensa-esp-elf/bin/xtensa-esp-elf-gcc
COLLECT_LTO_WRAPPER=/home/coder/.espressif/tools/xtensa-esp-elf/esp-15.2.0_20251204/xtensa-esp-elf/bin/../libexec/gcc/xtensa-esp-elf/15.2.0/lto-wrapper
Target: xtensa-esp-elf
Configured with: /builds/idf/crosstool-NG/.build/xtensa-esp-elf/src/gcc/configure --build=x86_64-build_pc-linux-gnu --host=x86_64-build_pc-linux-gnu --target=xtensa-esp-elf --prefix=/builds/idf/crosstool-NG/builds/xtensa-esp-elf --exec_prefix=/builds/idf/crosstool-NG/builds/xtensa-esp-elf --with-local-prefix=/builds/idf/crosstool-NG/builds/xtensa-esp-elf/xtensa-esp-elf --with-sysroot=/builds/idf/crosstool-NG/builds/xtensa-esp-elf/xtensa-esp-elf --with-native-system-header-dir=/include --with-headers=/builds/idf/crosstool-NG/builds/xtensa-esp-elf/xtensa-esp-elf/include --with-newlib --enable-threads=no --disable-shared --with-pkgversion='crosstool-NG esp-15.2.0_20251204' --disable-__cxa_atexit --enable-cxx-flags='-ffunction-sections -fdata-sections' --disable-libgomp --disable-libmudflap --disable-libmpx --disable-libssp --disable-libquadmath --disable-libquadmath-support --disable-libstdcxx-verbose --with-gmp=/builds/idf/crosstool-NG/.build/xtensa-esp-elf/buildtools --with-mpfr=/builds/idf/crosstool-NG/.build/xtensa-esp-elf/buildtools --with-mpc=/builds/idf/crosstool-NG/.build/xtensa-esp-elf/buildtools --with-isl=/builds/idf/crosstool-NG/.build/xtensa-esp-elf/buildtools --enable-lto --enable-target-optspace --without-long-double-128 --enable-plugin --disable-nls --enable-multiarch --enable-languages=c,c++ --disable-libstdcxx-verbose --enable-threads=posix --enable-libstdcxx-time=yes --disable-win32-utf8-manifest
Thread model: posix
Supported LTO compression algorithms: zlib zstd
gcc version 15.2.0 (crosstool-NG esp-15.2.0_20251204) 
COMPILER_PATH=/home/coder/.espressif/tools/xtensa-esp-elf/esp-15.2.0_20251204/xtensa-esp-elf/bin/../libexec/gcc/xtensa-esp-elf/15.2.0/:/home/coder/.espressif/tools/xtensa-esp-elf/esp-15.2.0_20251204/xtensa-esp-elf/bin/../libexec/gcc/:/home/coder/.espressif/tools/xtensa-esp-elf/esp-15.2.0_20251204/xtensa-esp-elf/bin/../lib/gcc/xtensa-esp-elf/15.2.0/../../../../xtensa-esp-elf/bin/
LIBRARY_PATH=/home/coder/.espressif/tools/xtensa-esp-elf/esp-15.2.0_20251204/xtensa-esp-elf/bin/../lib/gcc/xtensa-esp-elf/15.2.0/esp32/no-rtti/:/home/coder/.espressif/tools/xtensa-esp-elf/esp-15.2.0_20251204/xtensa-esp-elf/bin/../lib/gcc/xtensa-esp-elf/15.2.0/../../../../xtensa-esp-elf/lib/esp32/no-rtti/:/home/coder/.espressif/tools/xtensa-esp-elf/esp-15.2.0_20251204/xtensa-esp-elf/bin/../xtensa-esp-elf/lib/esp32/no-rtti/:/home/coder/.espressif/tools/xtensa-esp-elf/esp-15.2.0_20251204/xtensa-esp-elf/bin/../lib/gcc/xtensa-esp-elf/15.2.0/:/home/coder/.espressif/tools/xtensa-esp-elf/esp-15.2.0_20251204/xtensa-esp-elf/bin/../lib/gcc/:/home/coder/.espressif/tools/xtensa-esp-elf/esp-15.2.0_20251204/xtensa-esp-elf/bin/../lib/gcc/xtensa-esp-elf/15.2.0/../../../../xtensa-esp-elf/lib/:/home/coder/.espressif/tools/xtensa-esp-elf/esp-15.2.0_20251204/xtensa-esp-elf/bin/../xtensa-esp-elf/lib/:/home/coder/.espressif/tools/xtensa-esp-elf/esp-15.2.0_20251204/xtensa-esp-elf/bin/../xtensa-esp-elf/usr/lib/
COLLECT_GCC_OPTIONS='-mdynconfig=xtensa_esp32.so' '-Wno-frame-address' '-mlongcalls' '-fno-builtin-memcpy' '-fno-builtin-memset' '-fno-builtin-bzero' '-specs=/workspace/hello-wroom/build/bootloader/specs/picolibc.specs' '-nostartfiles' '-fno-rtti' '-v' '-o' 'cmTC_3ae97' '-dumpdir' 'cmTC_3ae97.'
 /home/coder/.espressif/tools/xtensa-esp-elf/esp-15.2.0_20251204/xtensa-esp-elf/bin/../libexec/gcc/xtensa-esp-elf/15.2.0/collect2 -plugin /home/coder/.espressif/tools/xtensa-esp-elf/esp-15.2.0_20251204/xtensa-esp-elf/bin/../libexec/gcc/xtensa-esp-elf/15.2.0/liblto_plugin.so -plugin-opt=/home/coder/.espressif/tools/xtensa-esp-elf/esp-15.2.0_20251204/xtensa-esp-elf/bin/../libexec/gcc/xtensa-esp-elf/15.2.0/lto-wrapper -plugin-opt=-fresolution=/tmp/cc2Cc995.res -plugin-opt=-pass-through=-lgcc -plugin-opt=-pass-through=-lgcc -plugin-opt=-pass-through=-lc -plugin-opt=-pass-through=-lgcc -L/home/coder/.espressif/tools/xtensa-esp-elf/esp-15.2.0_20251204/xtensa-esp-elf/bin/../xtensa-esp-elf/../picolibc/xtensa-esp-elf/lib/esp32/no-rtti -L/home/coder/.espressif/tools/xtensa-esp-elf/esp-15.2.0_20251204/xtensa-esp-elf/bin/../xtensa-esp-elf/../picolibc/xtensa-esp-elf/lib -Tpicolibc.ld --sysroot=/home/coder/.espressif/tools/xtensa-esp-elf/esp-15.2.0_20251204/xtensa-esp-elf/bin/../xtensa-esp-elf --dynconfig=xtensa_esp32.so -o cmTC_3ae97 -L/home/coder/.espressif/tools/xtensa-esp-elf/esp-15.2.0_20251204/xtensa-esp-elf/bin/../xtensa-esp-elf/../picolibc/lib/gcc/xtensa-esp-elf/15.2.0/esp32/no-rtti -L/home/coder/.espressif/tools/xtensa-esp-elf/esp-15.2.0_20251204/xtensa-esp-elf/bin/../xtensa-esp-elf/../picolibc/lib/gcc/xtensa-esp-elf/15.2.0 -L/home/coder/.espressif/tools/xtensa-esp-elf/esp-15.2.0_20251204/xtensa-esp-elf/bin/../lib/gcc/xtensa-esp-elf/15.2.0/esp32/no-rtti -L/home/coder/.espressif/tools/xtensa-esp-elf/esp-15.2.0_20251204/xtensa-esp-elf/bin/../lib/gcc/xtensa-esp-elf/15.2.0/../../../../xtensa-esp-elf/lib/esp32/no-rtti -L/home/coder/.espressif/tools/xtensa-esp-elf/esp-15.2.0_20251204/xtensa-esp-elf/bin/../xtensa-esp-elf/lib/esp32/no-rtti -L/home/coder/.espressif/tools/xtensa-esp-elf/esp-15.2.0_20251204/xtensa-esp-elf/bin/../lib/gcc/xtensa-esp-elf/15.2.0 -L/home/coder/.espressif/tools/xtensa-esp-elf/esp-15.2.0_20251204/xtensa-esp-elf/bin/../lib/gcc -L/home/coder/.espressif/tools/xtensa-esp-elf/esp-15.2.0_20251204/xtensa-esp-elf/bin/../lib/gcc/xtensa-esp-elf/15.2.0/../../../../xtensa-esp-elf/lib -L/home/coder/.espressif/tools/xtensa-esp-elf/esp-15.2.0_20251204/xtensa-esp-elf/bin/../xtensa-esp-elf/lib -L/home/coder/.espressif/tools/xtensa-esp-elf/esp-15.2.0_20251204/xtensa-esp-elf/bin/../xtensa-esp-elf/usr/lib @/tmp/ccokXqmu -lgcc --start-group -lgcc -lc --end-group -lgcc
/home/coder/.espressif/tools/xtensa-esp-elf/esp-15.2.0_20251204/xtensa-esp-elf/bin/../lib/gcc/xtensa-esp-elf/15.2.0/../../../../xtensa-esp-elf/bin/ld: warning: cannot find entry symbol _start; defaulting to 10000000
COLLECT_GCC_OPTIONS='-mdynconfig=xtensa_esp32.so' '-Wno-frame-address' '-mlongcalls' '-fno-builtin-memcpy' '-fno-builtin-memset' '-fno-builtin-bzero' '-specs=/workspace/hello-wroom/build/bootloader/specs/picolibc.specs' '-nostartfiles' '-fno-rtti' '-v' '-o' 'cmTC_3ae97' '-dumpdir' 'cmTC_3ae97.'



Parsed C implicit include dir info from above output: rv=done
  found start of include info
  found start of implicit include info
    add: [/home/coder/.espressif/tools/xtensa-esp-elf/esp-15.2.0_20251204/xtensa-esp-elf/bin/../xtensa-esp-elf/../picolibc/include]
    add: [/home/coder/.espressif/tools/xtensa-esp-elf/esp-15.2.0_20251204/xtensa-esp-elf/bin/../xtensa-esp-elf/../picolibc/include/../xtensa-esp-elf/include/c++/15.2.0/xtensa-esp-elf/esp32]
    add: [/home/coder/.espressif/tools/xtensa-esp-elf/esp-15.2.0_20251204/xtensa-esp-elf/bin/../lib/gcc/xtensa-esp-elf/15.2.0/include]
    add: [/home/coder/.espressif/tools/xtensa-esp-elf/esp-15.2.0_20251204/xtensa-esp-elf/bin/../lib/gcc/xtensa-esp-elf/15.2.0/include-fixed]
    add: [/home/coder/.espressif/tools/xtensa-esp-elf/esp-15.2.0_20251204/xtensa-esp-elf/bin/../lib/gcc/xtensa-esp-elf/15.2.0/../../../../xtensa-esp-elf/include]
  end of search list found
  collapse include dir [/home/coder/.espressif/tools/xtensa-esp-elf/esp-15.2.0_20251204/xtensa-esp-elf/bin/../xtensa-esp-elf/../picolibc/include] ==> [/home/coder/.espressif/tools/xtensa-esp-elf/esp-15.2.0_20251204/xtensa-esp-elf/picolibc/include]
  collapse include dir [/home/coder/.espressif/tools/xtensa-esp-elf/esp-15.2.0_20251204/xtensa-esp-elf/bin/../xtensa-esp-elf/../picolibc/include/../xtensa-esp-elf/include/c++/15.2.0/xtensa-esp-elf/esp32] ==> [/home/coder/.espressif/tools/xtensa-esp-elf/esp-15.2.0_20251204/xtensa-esp-elf/picolibc/xtensa-esp-elf/include/c++/15.2.0/xtensa-esp-elf/esp32]
  collapse include dir [/home/coder/.espressif/tools/xtensa-esp-elf/esp-15.2.0_20251204/xtensa-esp-elf/bin/../lib/gcc/xtensa-esp-elf/15.2.0/include] ==> [/home/coder/.espressif/tools/xtensa-esp-elf/esp-15.2.0_20251204/xtensa-esp-elf/lib/gcc/xtensa-esp-elf/15.2.0/include]
  collapse include dir [/home/coder/.espressif/tools/xtensa-esp-elf/esp-15.2.0_20251204/xtensa-esp-elf/bin/../lib/gcc/xtensa-esp-elf/15.2.0/include-fixed] ==> [/home/coder/.espressif/tools/xtensa-esp-elf/esp-15.2.0_20251204/xtensa-esp-elf/lib/gcc/xtensa-esp-elf/15.2.0/include-fixed]
  collapse include dir [/home/coder/.espressif/tools/xtensa-esp-elf/esp-15.2.0_20251204/xtensa-esp-elf/bin/../lib/gcc/xtensa-esp-elf/15.2.0/../../../../xtensa-esp-elf/include] ==> [/home/coder/.espressif/tools/xtensa-esp-elf/esp-15.2.0_20251204/xtensa-esp-elf/xtensa-esp-elf/include]
  implicit include dirs: [/home/coder/.espressif/tools/xtensa-esp-elf/esp-15.2.0_20251204/xtensa-esp-elf/picolibc/include;/home/coder/.espressif/tools/xtensa-esp-elf/esp-15.2.0_20251204/xtensa-esp-elf/picolibc/xtensa-esp-elf/include/c++/15.2.0/xtensa-esp-elf/esp32;/home/coder/.espressif/tools/xtensa-esp-elf/esp-15.2.0_20251204/xtensa-esp-elf/lib/gcc/xtensa-esp-elf/15.2.0/include;/home/coder/.espressif/tools/xtensa-esp-elf/esp-15.2.0_20251204/xtensa-esp-elf/lib/gcc/xtensa-esp-elf/15.2.0/include-fixed;/home/coder/.espressif/tools/xtensa-esp-elf/esp-15.2.0_20251204/xtensa-esp-elf/xtensa-esp-elf/include]


Parsed C implicit link information from above output:
  link line regex: [^( *|.*[/\])(xtensa-esp32-elf-ld|CMAKE_LINK_STARTFILE-NOTFOUND|([^/\]+-)?ld|collect2)[^/\]*( |$)]
  ignore line: [Change Dir: /workspace/hello-wroom/build/bootloader/CMakeFiles/CMakeTmp]
  ignore line: []
  ignore line: [Run Build Command(s):/usr/bin/ninja cmTC_3ae97 && [1/2] Building C object CMakeFiles/cmTC_3ae97.dir/CMakeCCompilerABI.c.obj]
  ignore line: [Using built-in specs.]
  ignore line: [Reading specs from /workspace/hello-wroom/build/bootloader/specs/picolibc.specs]
  ignore line: [rename spec link to picolibc_link]
  ignore line: [rename spec link_libgcc to picolibc_link_libgcc]
  ignore line: [rename spec cpp to picolibc_cpp]
  ignore line: [rename spec cc1 to picolibc_cc1]
  ignore line: [rename spec cc1plus to picolibc_cc1plus]
  ignore line: [COLLECT_GCC=/home/coder/.espressif/tools/xtensa-esp-elf/esp-15.2.0_20251204/xtensa-esp-elf/bin/xtensa-esp-elf-gcc]
  ignore line: [Target: xtensa-esp-elf]
  ignore line: [Configured with: /builds/idf/crosstool-NG/.build/xtensa-esp-elf/src/gcc/configure --build=x86_64-build_pc-linux-gnu --host=x86_64-build_pc-linux-gnu --target=xtensa-esp-elf --prefix=/builds/idf/crosstool-NG/builds/xtensa-esp-elf --exec_prefix=/builds/idf/crosstool-NG/builds/xtensa-esp-elf --with-local-prefix=/builds/idf/crosstool-NG/builds/xtensa-esp-elf/xtensa-esp-elf --with-sysroot=/builds/idf/crosstool-NG/builds/xtensa-esp-elf/xtensa-esp-elf --with-native-system-header-dir=/include --with-headers=/builds/idf/crosstool-NG/builds/xtensa-esp-elf/xtensa-esp-elf/include --with-newlib --enable-threads=no --disable-shared --with-pkgversion='crosstool-NG esp-15.2.0_20251204' --disable-__cxa_atexit --enable-cxx-flags='-ffunction-sections -fdata-sections' --disable-libgomp --disable-libmudflap --disable-libmpx --disable-libssp --disable-libquadmath --disable-libquadmath-support --disable-libstdcxx-verbose --with-gmp=/builds/idf/crosstool-NG/.build/xtensa-esp-elf/buildtools --with-mpfr=/builds/idf/crosstool-NG/.build/xtensa-esp-elf/buildtools --with-mpc=/builds/idf/crosstool-NG/.build/xtensa-esp-elf/buildtools --with-isl=/builds/idf/crosstool-NG/.build/xtensa-esp-elf/buildtools --enable-lto --enable-target-optspace --without-long-double-128 --enable-plugin --disable-nls --enable-multiarch --enable-languages=c c++ --disable-libstdcxx-verbose --enable-threads=posix --enable-libstdcxx-time=yes --disable-win32-utf8-manifest]
  ignore line: [Thread model: posix]
  ignore line: [Supported LTO compression algorithms: zlib zstd]
  ignore line: [gcc version 15.2.0 (crosstool-NG esp-15.2.0_20251204) ]
  ignore line: [COLLECT_GCC_OPTIONS='-mdynconfig=xtensa_esp32.so' '-Wno-frame-address' '-mlongcalls' '-fno-builtin-memcpy' '-fno-builtin-memset' '-fno-builtin-bzero' '-specs=/workspace/hello-wroom/build/bootloader/specs/picolibc.specs' '-v' '-o' 'CMakeFiles/cmTC_3ae97.dir/CMakeCCompilerABI.c.obj' '-c' '-dumpdir' 'CMakeFiles/cmTC_3ae97.dir/']
  ignore line: [ /home/coder/.espressif/tools/xtensa-esp-elf/esp-15.2.0_20251204/xtensa-esp-elf/bin/../libexec/gcc/xtensa-esp-elf/15.2.0/cc1 -quiet -v -imultilib esp32 -iprefix /home/coder/.espressif/tools/xtensa-esp-elf/esp-15.2.0_20251204/xtensa-esp-elf/bin/../lib/gcc/xtensa-esp-elf/15.2.0/ -isysroot /home/coder/.espressif/tools/xtensa-esp-elf/esp-15.2.0_20251204/xtensa-esp-elf/bin/../xtensa-esp-elf -isystem /home/coder/.espressif/tools/xtensa-esp-elf/esp-15.2.0_20251204/xtensa-esp-elf/bin/../xtensa-esp-elf/../picolibc/include -isystem /home/coder/.espressif/tools/xtensa-esp-elf/esp-15.2.0_20251204/xtensa-esp-elf/bin/../xtensa-esp-elf/../picolibc/include/../xtensa-esp-elf/include/c++/15.2.0/xtensa-esp-elf/esp32 /usr/share/cmake-3.22/Modules/CMakeCCompilerABI.c -ftls-model=local-exec -quiet -dumpdir CMakeFiles/cmTC_3ae97.dir/ -dumpbase CMakeCCompilerABI.c.c -dumpbase-ext .c -mdynconfig=xtensa_esp32.so -mlongcalls -Wno-frame-address -version -fno-builtin-memcpy -fno-builtin-memset -fno-builtin-bzero -o /tmp/cc1PZ2C1.s]
  ignore line: [GNU C23 (crosstool-NG esp-15.2.0_20251204) version 15.2.0 (xtensa-esp-elf)]
  ignore line: [	compiled by GNU C version 6.3.0  GMP version 6.3.0  MPFR version 4.2.1  MPC version 1.3.1  isl version isl-0.26-GMP]
  ignore line: []
  ignore line: [GGC heuristics: --param ggc-min-expand=100 --param ggc-min-heapsize=131072]
  ignore line: [ignoring duplicate directory "/home/coder/.espressif/tools/xtensa-esp-elf/esp-15.2.0_20251204/xtensa-esp-elf/bin/../lib/gcc/../../lib/gcc/xtensa-esp-elf/15.2.0/include"]
  ignore line: [ignoring nonexistent directory "/home/coder/.espressif/tools/xtensa-esp-elf/esp-15.2.0_20251204/xtensa-esp-elf/bin/../xtensa-esp-elf/builds/idf/crosstool-NG/builds/xtensa-esp-elf/xtensa-esp-elf/include"]
  ignore line: [ignoring duplicate directory "/home/coder/.espressif/tools/xtensa-esp-elf/esp-15.2.0_20251204/xtensa-esp-elf/bin/../lib/gcc/../../lib/gcc/xtensa-esp-elf/15.2.0/include-fixed"]
  ignore line: [ignoring duplicate directory "/home/coder/.espressif/tools/xtensa-esp-elf/esp-15.2.0_20251204/xtensa-esp-elf/bin/../lib/gcc/../../lib/gcc/xtensa-esp-elf/15.2.0/../../../../xtensa-esp-elf/include"]
  ignore line: [ignoring duplicate directory "/home/coder/.espressif/tools/xtensa-esp-elf/esp-15.2.0_20251204/xtensa-esp-elf/bin/../xtensa-esp-elf/include"]
  ignore line: [#include "..." search starts here:]
  ignore line: [#include <...> search starts here:]
  ignore line: [ /home/coder/.espressif/tools/xtensa-esp-elf/esp-15.2.0_20251204/xtensa-esp-elf/bin/../xtensa-esp-elf/../picolibc/include]
  ignore line: [ /home/coder/.espressif/tools/xtensa-esp-elf/esp-15.2.0_20251204/xtensa-esp-elf/bin/../xtensa-esp-elf/../picolibc/include/../xtensa-esp-elf/include/c++/15.2.0/xtensa-esp-elf/esp32]
  ignore line: [ /home/coder/.espressif/tools/xtensa-esp-elf/esp-15.2.0_20251204/xtensa-esp-elf/bin/../lib/gcc/xtensa-esp-elf/15.2.0/include]
  ignore line: [ /home/coder/.espressif/tools/xtensa-esp-elf/esp-15.2.0_20251204/xtensa-esp-elf/bin/../lib/gcc/xtensa-esp-elf/15.2.0/include-fixed]
  ignore line: [ /home/coder/.espressif/tools/xtensa-esp-elf/esp-15.2.0_20251204/xtensa-esp-elf/bin/../lib/gcc/xtensa-esp-elf/15.2.0/../../../../xtensa-esp-elf/include]
  ignore line: [End of search list.]
  ignore line: [Compiler executable checksum: 023236c824ceaa5629805e8d1b1d2049]
  ignore line: [COLLECT_GCC_OPTIONS='-mdynconfig=xtensa_esp32.so' '-Wno-frame-address' '-mlongcalls' '-fno-builtin-memcpy' '-fno-builtin-memset' '-fno-builtin-bzero' '-specs=/workspace/hello-wroom/build/bootloader/specs/picolibc.specs' '-v' '-o' 'CMakeFiles/cmTC_3ae97.dir/CMakeCCompilerABI.c.obj' '-c' '-dumpdir' 'CMakeFiles/cmTC_3ae97.dir/']
  ignore line: [ /home/coder/.espressif/tools/xtensa-esp-elf/esp-15.2.0_20251204/xtensa-esp-elf/bin/../lib/gcc/xtensa-esp-elf/15.2.0/../../../../xtensa-esp-elf/bin/as --traditional-format --longcalls --dynconfig=xtensa_esp32.so -o CMakeFiles/cmTC_3ae97.dir/CMakeCCompilerABI.c.obj /tmp/cc1PZ2C1.s]
  ignore line: [COMPILER_PATH=/home/coder/.espressif/tools/xtensa-esp-elf/esp-15.2.0_20251204/xtensa-esp-elf/bin/../libexec/gcc/xtensa-esp-elf/15.2.0/:/home/coder/.espressif/tools/xtensa-esp-elf/esp-15.2.0_20251204/xtensa-esp-elf/bin/../libexec/gcc/:/home/coder/.espressif/tools/xtensa-esp-elf/esp-15.2.0_20251204/xtensa-esp-elf/bin/../lib/gcc/xtensa-esp-elf/15.2.0/../../../../xtensa-esp-elf/bin/]
  ignore line: [LIBRARY_PATH=/home/coder/.espressif/tools/xtensa-esp-elf/esp-15.2.0_20251204/xtensa-esp-elf/bin/../lib/gcc/xtensa-esp-elf/15.2.0/esp32/:/home/coder/.espressif/tools/xtensa-esp-elf/esp-15.2.0_20251204/xtensa-esp-elf/bin/../lib/gcc/xtensa-esp-elf/15.2.0/../../../../xtensa-esp-elf/lib/esp32/:/home/coder/.espressif/tools/xtensa-esp-elf/esp-15.2.0_20251204/xtensa-esp-elf/bin/../xtensa-esp-elf/lib/esp32/:/home/coder/.espressif/tools/xtensa-esp-elf/esp-15.2.0_20251204/xtensa-esp-elf/bin/../lib/gcc/xtensa-esp-elf/15.2.0/:/home/coder/.espressif/tools/xtensa-esp-elf/esp-15.2.0_20251204/xtensa-esp-elf/bin/../lib/gcc/:/home/coder/.espressif/tools/xtensa-esp-elf/esp-15.2.0_20251204/xtensa-esp-elf/bin/../lib/gcc/xtensa-esp-elf/15.2.0/../../../../xtensa-esp-elf/lib/:/home/coder/.espressif/tools/xtensa-esp-elf/esp-15.2.0_20251204/xtensa-esp-elf/bin/../xtensa-esp-elf/lib/:/home/coder/.espressif/tools/xtensa-esp-elf/esp-15.2.0_20251204/xtensa-esp-elf/bin/../xtensa-esp-elf/usr/lib/]
  ignore line: [COLLECT_GCC_OPTIONS='-mdynconfig=xtensa_esp32.so' '-Wno-frame-address' '-mlongcalls' '-fno-builtin-memcpy' '-fno-builtin-memset' '-fno-builtin-bzero' '-specs=/workspace/hello-wroom/build/bootloader/specs/picolibc.specs' '-v' '-o' 'CMakeFiles/cmTC_3ae97.dir/CMakeCCompilerABI.c.obj' '-c' '-dumpdir' 'CMakeFiles/cmTC_3ae97.dir/CMakeCCompilerABI.c.']
  ignore line: [[2/2] Linking C executable cmTC_3ae97]
  ignore line: [Using built-in specs.]
  ignore line: [Reading specs from /workspace/hello-wroom/build/bootloader/specs/picolibc.specs]
  ignore line: [rename spec link to picolibc_link]
  ignore line: [rename spec link_libgcc to picolibc_link_libgcc]
  ignore line: [rename spec cpp to picolibc_cpp]
  ignore line: [rename spec cc1 to picolibc_cc1]
  ignore line: [rename spec cc1plus to picolibc_cc1plus]
  ignore line: [COLLECT_GCC=/home/coder/.espressif/tools/xtensa-esp-elf/esp-15.2.0_20251204/xtensa-esp-elf/bin/xtensa-esp-elf-gcc]
  ignore line: [COLLECT_LTO_WRAPPER=/home/coder/.espressif/tools/xtensa-esp-elf/esp-15.2.0_20251204/xtensa-esp-elf/bin/../libexec/gcc/xtensa-esp-elf/15.2.0/lto-wrapper]
  ignore line: [Target: xtensa-esp-elf]
  ignore line: [Configured with: /builds/idf/crosstool-NG/.build/xtensa-esp-elf/src/gcc/configure --build=x86_64-build_pc-linux-gnu --host=x86_64-build_pc-linux-gnu --target=xtensa-esp-elf --prefix=/builds/idf/crosstool-NG/builds/xtensa-esp-elf --exec_prefix=/builds/idf/crosstool-NG/builds/xtensa-esp-elf --with-local-prefix=/builds/idf/crosstool-NG/builds/xtensa-esp-elf/xtensa-esp-elf --with-sysroot=/builds/idf/crosstool-NG/builds/xtensa-esp-elf/xtensa-esp-elf --with-native-system-header-dir=/include --with-headers=/builds/idf/crosstool-NG/builds/xtensa-esp-elf/xtensa-esp-elf/include --with-newlib --enable-threads=no --disable-shared --with-pkgversion='crosstool-NG esp-15.2.0_20251204' --disable-__cxa_atexit --enable-cxx-flags='-ffunction-sections -fdata-sections' --disable-libgomp --disable-libmudflap --disable-libmpx --disable-libssp --disable-libquadmath --disable-libquadmath-support --disable-libstdcxx-verbose --with-gmp=/builds/idf/crosstool-NG/.build/xtensa-esp-elf/buildtools --with-mpfr=/builds/idf/crosstool-NG/.build/xtensa-esp-elf/buildtools --with-mpc=/builds/idf/crosstool-NG/.build/xtensa-esp-elf/buildtools --with-isl=/builds/idf/crosstool-NG/.build/xtensa-esp-elf/buildtools --enable-lto --enable-target-optspace --without-long-double-128 --enable-plugin --disable-nls --enable-multiarch --enable-languages=c c++ --disable-libstdcxx-verbose --enable-threads=posix --enable-libstdcxx-time=yes --disable-win32-utf8-manifest]
  ignore line: [Thread model: posix]
  ignore line: [Supported LTO compression algorithms: zlib zstd]
  ignore line: [gcc version 15.2.0 (crosstool-NG esp-15.2.0_20251204) ]
  ignore line: [COMPILER_PATH=/home/coder/.espressif/tools/xtensa-esp-elf/esp-15.2.0_20251204/xtensa-esp-elf/bin/../libexec/gcc/xtensa-esp-elf/15.2.0/:/home/coder/.espressif/tools/xtensa-esp-elf/esp-15.2.0_20251204/xtensa-esp-elf/bin/../libexec/gcc/:/home/coder/.espressif/tools/xtensa-esp-elf/esp-15.2.0_20251204/xtensa-esp-elf/bin/../lib/gcc/xtensa-esp-elf/15.2.0/../../../../xtensa-esp-elf/bin/]
  ignore line: [LIBRARY_PATH=/home/coder/.espressif/tools/xtensa-esp-elf/esp-15.2.0_20251204/xtensa-esp-elf/bin/../lib/gcc/xtensa-esp-elf/15.2.0/esp32/no-rtti/:/home/coder/.espressif/tools/xtensa-esp-elf/esp-15.2.0_20251204/xtensa-esp-elf/bin/../lib/gcc/xtensa-esp-elf/15.2.0/../../../../xtensa-esp-elf/lib/esp32/no-rtti/:/home/coder/.espressif/tools/xtensa-esp-elf/esp-15.2.0_20251204/xtensa-esp-elf/bin/../xtensa-esp-elf/lib/esp32/no-rtti/:/home/coder/.espressif/tools/xtensa-esp-elf/esp-15.2.0_20251204/xtensa-esp-elf/bin/../lib/gcc/xtensa-esp-elf/15.2.0/:/home/coder/.espressif/tools/xtensa-esp-elf/esp-15.2.0_20251204/xtensa-esp-elf/bin/../lib/gcc/:/home/coder/.espressif/tools/xtensa-esp-elf/esp-15.2.0_20251204/xtensa-esp-elf/bin/../lib/gcc/xtensa-esp-elf/15.2.0/../../../../xtensa-esp-elf/lib/:/home/coder/.espressif/tools/xtensa-esp-elf/esp-15.2.0_20251204/xtensa-esp-elf/bin/../xtensa-esp-elf/lib/:/home/coder/.espressif/tools/xtensa-esp-elf/esp-15.2.0_20251204/xtensa-esp-elf/bin/../xtensa-esp-elf/usr/lib/]
  ignore line: [COLLECT_GCC_OPTIONS='-mdynconfig=xtensa_esp32.so' '-Wno-frame-address' '-mlongcalls' '-fno-builtin-memcpy' '-fno-builtin-memset' '-fno-builtin-bzero' '-specs=/workspace/hello-wroom/build/bootloader/specs/picolibc.specs' '-nostartfiles' '-fno-rtti' '-v' '-o' 'cmTC_3ae97' '-dumpdir' 'cmTC_3ae97.']
  link line: [ /home/coder/.espressif/tools/xtensa-esp-elf/esp-15.2.0_20251204/xtensa-esp-elf/bin/../libexec/gcc/xtensa-esp-elf/15.2.0/collect2 -plugin /home/coder/.espressif/tools/xtensa-esp-elf/esp-15.2.0_20251204/xtensa-esp-elf/bin/../libexec/gcc/xtensa-esp-elf/15.2.0/liblto_plugin.so -plugin-opt=/home/coder/.espressif/tools/xtensa-esp-elf/esp-15.2.0_20251204/xtensa-esp-elf/bin/../libexec/gcc/xtensa-esp-elf/15.2.0/lto-wrapper -plugin-opt=-fresolution=/tmp/cc2Cc995.res -plugin-opt=-pass-through=-lgcc -plugin-opt=-pass-through=-lgcc -plugin-opt=-pass-through=-lc -plugin-opt=-pass-through=-lgcc -L/home/coder/.espressif/tools/xtensa-esp-elf/esp-15.2.0_20251204/xtensa-esp-elf/bin/../xtensa-esp-elf/../picolibc/xtensa-esp-elf/lib/esp32/no-rtti -L/home/coder/.espressif/tools/xtensa-esp-elf/esp-15.2.0_20251204/xtensa-esp-elf/bin/../xtensa-esp-elf/../picolibc/xtensa-esp-elf/lib -Tpicolibc.ld --sysroot=/home/coder/.espressif/tools/xtensa-esp-elf/esp-15.2.0_20251204/xtensa-esp-elf/bin/../xtensa-esp-elf --dynconfig=xtensa_esp32.so -o cmTC_3ae97 -L/home/coder/.espressif/tools/xtensa-esp-elf/esp-15.2.0_20251204/xtensa-esp-elf/bin/../xtensa-esp-elf/../picolibc/lib/gcc/xtensa-esp-elf/15.2.0/esp32/no-rtti -L/home/coder/.espressif/tools/xtensa-esp-elf/esp-15.2.0_20251204/xtensa-esp-elf/bin/../xtensa-esp-elf/../picolibc/lib/gcc/xtensa-esp-elf/15.2.0 -L/home/coder/.espressif/tools/xtensa-esp-elf/esp-15.2.0_20251204/xtensa-esp-elf/bin/../lib/gcc/xtensa-esp-elf/15.2.0/esp32/no-rtti -L/home/coder/.espressif/tools/xtensa-esp-elf/esp-15.2.0_20251204/xtensa-esp-elf/bin/../lib/gcc/xtensa-esp-elf/15.2.0/../../../../xtensa-esp-elf/lib/esp32/no-rtti -L/home/coder/.espressif/tools/xtensa-esp-elf/esp-15.2.0_20251204/xtensa-esp-elf/bin/../xtensa-esp-elf/lib/esp32/no-rtti -L/home/coder/.espressif/tools/xtensa-esp-elf/esp-15.2.0_20251204/xtensa-esp-elf/bin/../lib/gcc/xtensa-esp-elf/15.2.0 -L/home/coder/.espressif/tools/xtensa-esp-elf/esp-15.2.0_20251204/xtensa-esp-elf/bin/../lib/gcc -L/home/coder/.espressif/tools/xtensa-esp-elf/esp-15.2.0_20251204/xtensa-esp-elf/bin/../lib/gcc/xtensa-esp-elf/15.2.0/../../../../xtensa-esp-elf/lib -L/home/coder/.espressif/tools/xtensa-esp-elf/esp-15.2.0_20251204/xtensa-esp-elf/bin/../xtensa-esp-elf/lib -L/home/coder/.espressif/tools/xtensa-esp-elf/esp-15.2.0_20251204/xtensa-esp-elf/bin/../xtensa-esp-elf/usr/lib @/tmp/ccokXqmu -lgcc --start-group -lgcc -lc --end-group -lgcc]
    arg [/home/coder/.espressif/tools/xtensa-esp-elf/esp-15.2.0_20251204/xtensa-esp-elf/bin/../libexec/gcc/xtensa-esp-elf/15.2.0/collect2] ==> ignore
    arg [-plugin] ==> ignore
    arg [/home/coder/.espressif/tools/xtensa-esp-elf/esp-15.2.0_20251204/xtensa-esp-elf/bin/../libexec/gcc/xtensa-esp-elf/15.2.0/liblto_plugin.so] ==> ignore
    arg [-plugin-opt=/home/coder/.espressif/tools/xtensa-esp-elf/esp-15.2.0_20251204/xtensa-esp-elf/bin/../libexec/gcc/xtensa-esp-elf/15.2.0/lto-wrapper] ==> ignore
    arg [-plugin-opt=-fresolution=/tmp/cc2Cc995.res] ==> ignore
    arg [-plugin-opt=-pass-through=-lgcc] ==> ignore
    arg [-plugin-opt=-pass-through=-lgcc] ==> ignore
    arg [-plugin-opt=-pass-through=-lc] ==> ignore
    arg [-plugin-opt=-pass-through=-lgcc] ==> ignore
    arg [-L/home/coder/.espressif/tools/xtensa-esp-elf/esp-15.2.0_20251204/xtensa-esp-elf/bin/../xtensa-esp-elf/../picolibc/xtensa-esp-elf/lib/esp32/no-rtti] ==> dir [/home/coder/.espressif/tools/xtensa-esp-elf/esp-15.2.0_20251204/xtensa-esp-elf/bin/../xtensa-esp-elf/../picolibc/xtensa-esp-elf/lib/esp32/no-rtti]
    arg [-L/home/coder/.espressif/tools/xtensa-esp-elf/esp-15.2.0_20251204/xtensa-esp-elf/bin/../xtensa-esp-elf/../picolibc/xtensa-esp-elf/lib] ==> dir [/home/coder/.espressif/tools/xtensa-esp-elf/esp-15.2.0_20251204/xtensa-esp-elf/bin/../xtensa-esp-elf/../picolibc/xtensa-esp-elf/lib]
    arg [-Tpicolibc.ld] ==> ignore
    arg [--sysroot=/home/coder/.espressif/tools/xtensa-esp-elf/esp-15.2.0_20251204/xtensa-esp-elf/bin/../xtensa-esp-elf] ==> ignore
    arg [--dynconfig=xtensa_esp32.so] ==> ignore
    arg [-o] ==> ignore
    arg [cmTC_3ae97] ==> ignore
    arg [-L/home/coder/.espressif/tools/xtensa-esp-elf/esp-15.2.0_20251204/xtensa-esp-elf/bin/../xtensa-esp-elf/../picolibc/lib/gcc/xtensa-esp-elf/15.2.0/esp32/no-rtti] ==> dir [/home/coder/.espressif/tools/xtensa-esp-elf/esp-15.2.0_20251204/xtensa-esp-elf/bin/../xtensa-esp-elf/../picolibc/lib/gcc/xtensa-esp-elf/15.2.0/esp32/no-rtti]
    arg [-L/home/coder/.espressif/tools/xtensa-esp-elf/esp-15.2.0_20251204/xtensa-esp-elf/bin/../xtensa-esp-elf/../picolibc/lib/gcc/xtensa-esp-elf/15.2.0] ==> dir [/home/coder/.espressif/tools/xtensa-esp-elf/esp-15.2.0_20251204/xtensa-esp-elf/bin/../xtensa-esp-elf/../picolibc/lib/gcc/xtensa-esp-elf/15.2.0]
    arg [-L/home/coder/.espressif/tools/xtensa-esp-elf/esp-15.2.0_20251204/xtensa-esp-elf/bin/../lib/gcc/xtensa-esp-elf/15.2.0/esp32/no-rtti] ==> dir [/home/coder/.espressif/tools/xtensa-esp-elf/esp-15.2.0_20251204/xtensa-esp-elf/bin/../lib/gcc/xtensa-esp-elf/15.2.0/esp32/no-rtti]
    arg [-L/home/coder/.espressif/tools/xtensa-esp-elf/esp-15.2.0_20251204/xtensa-esp-elf/bin/../lib/gcc/xtensa-esp-elf/15.2.0/../../../../xtensa-esp-elf/lib/esp32/no-rtti] ==> dir [/home/coder/.espressif/tools/xtensa-esp-elf/esp-15.2.0_20251204/xtensa-esp-elf/bin/../lib/gcc/xtensa-esp-elf/15.2.0/../../../../xtensa-esp-elf/lib/esp32/no-rtti]
    arg [-L/home/coder/.espressif/tools/xtensa-esp-elf/esp-15.2.0_20251204/xtensa-esp-elf/bin/../xtensa-esp-elf/lib/esp32/no-rtti] ==> dir [/home/coder/.espressif/tools/xtensa-esp-elf/esp-15.2.0_20251204/xtensa-esp-elf/bin/../xtensa-esp-elf/lib/esp32/no-rtti]
    arg [-L/home/coder/.espressif/tools/xtensa-esp-elf/esp-15.2.0_20251204/xtensa-esp-elf/bin/../lib/gcc/xtensa-esp-elf/15.2.0] ==> dir [/home/coder/.espressif/tools/xtensa-esp-elf/esp-15.2.0_20251204/xtensa-esp-elf/bin/../lib/gcc/xtensa-esp-elf/15.2.0]
    arg [-L/home/coder/.espressif/tools/xtensa-esp-elf/esp-15.2.0_20251204/xtensa-esp-elf/bin/../lib/gcc] ==> dir [/home/coder/.espressif/tools/xtensa-esp-elf/esp-15.2.0_20251204/xtensa-esp-elf/bin/../lib/gcc]
    arg [-L/home/coder/.espressif/tools/xtensa-esp-elf/esp-15.2.0_20251204/xtensa-esp-elf/bin/../lib/gcc/xtensa-esp-elf/15.2.0/../../../../xtensa-esp-elf/lib] ==> dir [/home/coder/.espressif/tools/xtensa-esp-elf/esp-15.2.0_20251204/xtensa-esp-elf/bin/../lib/gcc/xtensa-esp-elf/15.2.0/../../../../xtensa-esp-elf/lib]
    arg [-L/home/coder/.espressif/tools/xtensa-esp-elf/esp-15.2.0_20251204/xtensa-esp-elf/bin/../xtensa-esp-elf/lib] ==> dir [/home/coder/.espressif/tools/xtensa-esp-elf/esp-15.2.0_20251204/xtensa-esp-elf/bin/../xtensa-esp-elf/lib]
    arg [-L/home/coder/.espressif/tools/xtensa-esp-elf/esp-15.2.0_20251204/xtensa-esp-elf/bin/../xtensa-esp-elf/usr/lib] ==> dir [/home/coder/.espressif/tools/xtensa-esp-elf/esp-15.2.0_20251204/xtensa-esp-elf/bin/../xtensa-esp-elf/usr/lib]
    arg [@/tmp/ccokXqmu] ==> ignore
    arg [-lgcc] ==> lib [gcc]
    arg [--start-group] ==> ignore
    arg [-lgcc] ==> lib [gcc]
    arg [-lc] ==> lib [c]
    arg [--end-group] ==> ignore
    arg [-lgcc] ==> lib [gcc]
  collapse library dir [/home/coder/.espressif/tools/xtensa-esp-elf/esp-15.2.0_20251204/xtensa-esp-elf/bin/../xtensa-esp-elf/../picolibc/xtensa-esp-elf/lib/esp32/no-rtti] ==> [/home/coder/.espressif/tools/xtensa-esp-elf/esp-15.2.0_20251204/xtensa-esp-elf/picolibc/xtensa-esp-elf/lib/esp32/no-rtti]
  collapse library dir [/home/coder/.espressif/tools/xtensa-esp-elf/esp-15.2.0_20251204/xtensa-esp-elf/bin/../xtensa-esp-elf/../picolibc/xtensa-esp-elf/lib] ==> [/home/coder/.espressif/tools/xtensa-esp-elf/esp-15.2.0_20251204/xtensa-esp-elf/picolibc/xtensa-esp-elf/lib]
  collapse library dir [/home/coder/.espressif/tools/xtensa-esp-elf/esp-15.2.0_20251204/xtensa-esp-elf/bin/../xtensa-esp-elf/../picolibc/lib/gcc/xtensa-esp-elf/15.2.0/esp32/no-rtti] ==> [/home/coder/.espressif/tools/xtensa-esp-elf/esp-15.2.0_20251204/xtensa-esp-elf/picolibc/lib/gcc/xtensa-esp-elf/15.2.0/esp32/no-rtti]
  collapse library dir [/home/coder/.espressif/tools/xtensa-esp-elf/esp-15.2.0_20251204/xtensa-esp-elf/bin/../xtensa-esp-elf/../picolibc/lib/gcc/xtensa-esp-elf/15.2.0] ==> [/home/coder/.espressif/tools/xtensa-esp-elf/esp-15.2.0_20251204/xtensa-esp-elf/picolibc/lib/gcc/xtensa-esp-elf/15.2.0]
  collapse library dir [/home/coder/.espressif/tools/xtensa-esp-elf/esp-15.2.0_20251204/xtensa-esp-elf/bin/../lib/gcc/xtensa-esp-elf/15.2.0/esp32/no-rtti] ==> [/home/coder/.espressif/tools/xtensa-esp-elf/esp-15.2.0_20251204/xtensa-esp-elf/lib/gcc/xtensa-esp-elf/15.2.0/esp32/no-rtti]
  collapse library dir [/home/coder/.espressif/tools/xtensa-esp-elf/esp-15.2.0_20251204/xtensa-esp-elf/bin/../lib/gcc/xtensa-esp-elf/15.2.0/../../../../xtensa-esp-elf/lib/esp32/no-rtti] ==> [/home/coder/.espressif/tools/xtensa-esp-elf/esp-15.2.0_20251204/xtensa-esp-elf/xtensa-esp-elf/lib/esp32/no-rtti]
  collapse library dir [/home/coder/.espressif/tools/xtensa-esp-elf/esp-15.2.0_20251204/xtensa-esp-elf/bin/../xtensa-esp-elf/lib/esp32/no-rtti] ==> [/home/coder/.espressif/tools/xtensa-esp-elf/esp-15.2.0_20251204/xtensa-esp-elf/xtensa-esp-elf/lib/esp32/no-rtti]
  collapse library dir [/home/coder/.espressif/tools/xtensa-esp-elf/esp-15.2.0_20251204/xtensa-esp-elf/bin/../lib/gcc/xtensa-esp-elf/15.2.0] ==> [/home/coder/.espressif/tools/xtensa-esp-elf/esp-15.2.0_20251204/xtensa-esp-elf/lib/gcc/xtensa-esp-elf/15.2.0]
  collapse library dir [/home/coder/.espressif/tools/xtensa-esp-elf/esp-15.2.0_20251204/xtensa-esp-elf/bin/../lib/gcc] ==> [/home/coder/.espressif/tools/xtensa-esp-elf/esp-15.2.0_20251204/xtensa-esp-elf/lib/gcc]
  collapse library dir [/home/coder/.espressif/tools/xtensa-esp-elf/esp-15.2.0_20251204/xtensa-esp-elf/bin/../lib/gcc/xtensa-esp-elf/15.2.0/../../../../xtensa-esp-elf/lib] ==> [/home/coder/.espressif/tools/xtensa-esp-elf/esp-15.2.0_20251204/xtensa-esp-elf/xtensa-esp-elf/lib]
  collapse library dir [/home/coder/.espressif/tools/xtensa-esp-elf/esp-15.2.0_20251204/xtensa-esp-elf/bin/../xtensa-esp-elf/lib] ==> [/home/coder/.espressif/tools/xtensa-esp-elf/esp-15.2.0_20251204/xtensa-esp-elf/xtensa-esp-elf/lib]
  collapse library dir [/home/coder/.espressif/tools/xtensa-esp-elf/esp-15.2.0_20251204/xtensa-esp-elf/bin/../xtensa-esp-elf/usr/lib] ==> [/home/coder/.espressif/tools/xtensa-esp-elf/esp-15.2.0_20251204/xtensa-esp-elf/xtensa-esp-elf/usr/lib]
  implicit libs: [gcc;gcc;c;gcc]
  implicit objs: []
  implicit dirs: [/home/coder/.espressif/tools/xtensa-esp-elf/esp-15.2.0_20251204/xtensa-esp-elf/picolibc/xtensa-esp-elf/lib/esp32/no-rtti;/home/coder/.espressif/tools/xtensa-esp-elf/esp-15.2.0_20251204/xtensa-esp-elf/picolibc/xtensa-esp-elf/lib;/home/coder/.espressif/tools/xtensa-esp-elf/esp-15.2.0_20251204/xtensa-esp-elf/picolibc/lib/gcc/xtensa-esp-elf/15.2.0/esp32/no-rtti;/home/coder/.espressif/tools/xtensa-esp-elf/esp-15.2.0_20251204/xtensa-esp-elf/picolibc/lib/gcc/xtensa-esp-elf/15.2.0;/home/coder/.espressif/tools/xtensa-esp-elf/esp-15.2.0_20251204/xtensa-esp-elf/lib/gcc/xtensa-esp-elf/15.2.0/esp32/no-rtti;/home/coder/.espressif/tools/xtensa-esp-elf/esp-15.2.0_20251204/xtensa-esp-elf/xtensa-esp-elf/lib/esp32/no-rtti;/home/coder/.espressif/tools/xtensa-esp-elf/esp-15.2.0_20251204/xtensa-esp-elf/lib/gcc/xtensa-esp-elf/15.2.0;/home/coder/.espressif/tools/xtensa-esp-elf/esp-15.2.0_20251204/xtensa-esp-elf/lib/gcc;/home/coder/.espressif/tools/xtensa-esp-elf/esp-15.2.0_20251204/xtensa-esp-elf/xtensa-esp-elf/lib;/home/coder/.espressif/tools/xtensa-esp-elf/esp-15.2.0_20251204/xtensa-esp-elf/xtensa-esp-elf/usr/lib]
  implicit fwks: []


Detecting CXX compiler ABI info compiled with the following output:
Change Dir: /workspace/hello-wroom/build/bootloader/CMakeFiles/CMakeTmp

Run Build Command(s):/usr/bin/ninja cmTC_dae1a && [1/2] Building CXX object CMakeFiles/cmTC_dae1a.dir/CMakeCXXCompilerABI.cpp.obj
Using built-in specs.
Reading specs from /workspace/hello-wroom/build/bootloader/specs/picolibc.specs
rename spec link to picolibc_link
rename spec link_libgcc to picolibc_link_libgcc
rename spec cpp to picolibc_cpp
rename spec cc1 to picolibc_cc1
rename spec cc1plus to picolibc_cc1plus
COLLECT_GCC=/home/coder/.espressif/tools/xtensa-esp-elf/esp-15.2.0_20251204/xtensa-esp-elf/bin/xtensa-esp-elf-g++
Target: xtensa-esp-elf
Configured with: /builds/idf/crosstool-NG/.build/xtensa-esp-elf/src/gcc/configure --build=x86_64-build_pc-linux-gnu --host=x86_64-build_pc-linux-gnu --target=xtensa-esp-elf --prefix=/builds/idf/crosstool-NG/builds/xtensa-esp-elf --exec_prefix=/builds/idf/crosstool-NG/builds/xtensa-esp-elf --with-local-prefix=/builds/idf/crosstool-NG/builds/xtensa-esp-elf/xtensa-esp-elf --with-sysroot=/builds/idf/crosstool-NG/builds/xtensa-esp-elf/xtensa-esp-elf --with-native-system-header-dir=/include --with-headers=/builds/idf/crosstool-NG/builds/xtensa-esp-elf/xtensa-esp-elf/include --with-newlib --enable-threads=no --disable-shared --with-pkgversion='crosstool-NG esp-15.2.0_20251204' --disable-__cxa_atexit --enable-cxx-flags='-ffunction-sections -fdata-sections' --disable-libgomp --disable-libmudflap --disable-libmpx --disable-libssp --disable-libquadmath --disable-libquadmath-support --disable-libstdcxx-verbose --with-gmp=/builds/idf/crosstool-NG/.build/xtensa-esp-elf/buildtools --with-mpfr=/builds/idf/crosstool-NG/.build/xtensa-esp-elf/buildtools --with-mpc=/builds/idf/crosstool-NG/.build/xtensa-esp-elf/buildtools --with-isl=/builds/idf/crosstool-NG/.build/xtensa-esp-elf/buildtools --enable-lto --enable-target-optspace --without-long-double-128 --enable-plugin --disable-nls --enable-multiarch --enable-languages=c,c++ --disable-libstdcxx-verbose --enable-threads=posix --enable-libstdcxx-time=yes --disable-win32-utf8-manifest
Thread model: posix
Supported LTO compression algorithms: zlib zstd
gcc version 15.2.0 (crosstool-NG esp-15.2.0_20251204) 
COLLECT_GCC_OPTIONS='-mdynconfig=xtensa_esp32.so' '-Wno-frame-address' '-mlongcalls' '-fno-builtin-memcpy' '-fno-builtin-memset' '-fno-builtin-bzero' '-fno-rtti' '-specs=/workspace/hello-wroom/build/bootloader/specs/picolibc.specs' '-v' '-o' 'CMakeFiles/cmTC_dae1a.dir/CMakeCXXCompilerABI.cpp.obj' '-c' '-dumpdir' 'CMakeFiles/cmTC_dae1a.dir/'
 /home/coder/.espressif/tools/xtensa-esp-elf/esp-15.2.0_20251204/xtensa-esp-elf/bin/../libexec/gcc/xtensa-esp-elf/15.2.0/cc1plus -quiet -v -imultilib esp32/no-rtti -iprefix /home/coder/.espressif/tools/xtensa-esp-elf/esp-15.2.0_20251204/xtensa-esp-elf/bin/../lib/gcc/xtensa-esp-elf/15.2.0/ -isysroot /home/coder/.espressif/tools/xtensa-esp-elf/esp-15.2.0_20251204/xtensa-esp-elf/bin/../xtensa-esp-elf /usr/share/cmake-3.22/Modules/CMakeCXXCompilerABI.cpp -ftls-model=local-exec -quiet -dumpdir CMakeFiles/cmTC_dae1a.dir/ -dumpbase CMakeCXXCompilerABI.cpp.cpp -dumpbase-ext .cpp -mdynconfig=xtensa_esp32.so -mlongcalls -Wno-frame-address -version -fno-builtin-memcpy -fno-builtin-memset -fno-builtin-bzero -fno-rtti -isystem /home/coder/.espressif/tools/xtensa-esp-elf/esp-15.2.0_20251204/xtensa-esp-elf/bin/../xtensa-esp-elf/../picolibc/include -isystem /home/coder/.espressif/tools/xtensa-esp-elf/esp-15.2.0_20251204/xtensa-esp-elf/bin/../xtensa-esp-elf/../picolibc/include/../xtensa-esp-elf/include/c++/15.2.0/xtensa-esp-elf/esp32/no-rtti -ftls-model=local-exec -o /tmp/ccb6EzAR.s
GNU C++17 (crosstool-NG esp-15.2.0_20251204) version 15.2.0 (xtensa-esp-elf)
	compiled by GNU C version 6.3.0, GMP version 6.3.0, MPFR version 4.2.1, MPC version 1.3.1, isl version isl-0.26-GMP

GGC heuristics: --param ggc-min-expand=100 --param ggc-min-heapsize=131072
ignoring duplicate directory "/home/coder/.espressif/tools/xtensa-esp-elf/esp-15.2.0_20251204/xtensa-esp-elf/bin/../lib/gcc/../../lib/gcc/xtensa-esp-elf/15.2.0/../../../../xtensa-esp-elf/include/c++/15.2.0"
ignoring duplicate directory "/home/coder/.espressif/tools/xtensa-esp-elf/esp-15.2.0_20251204/xtensa-esp-elf/bin/../lib/gcc/../../lib/gcc/xtensa-esp-elf/15.2.0/../../../../xtensa-esp-elf/include/c++/15.2.0/xtensa-esp-elf/esp32/no-rtti"
ignoring duplicate directory "/home/coder/.espressif/tools/xtensa-esp-elf/esp-15.2.0_20251204/xtensa-esp-elf/bin/../lib/gcc/../../lib/gcc/xtensa-esp-elf/15.2.0/../../../../xtensa-esp-elf/include/c++/15.2.0/backward"
ignoring duplicate directory "/home/coder/.espressif/tools/xtensa-esp-elf/esp-15.2.0_20251204/xtensa-esp-elf/bin/../lib/gcc/../../lib/gcc/xtensa-esp-elf/15.2.0/include"
ignoring nonexistent directory "/home/coder/.espressif/tools/xtensa-esp-elf/esp-15.2.0_20251204/xtensa-esp-elf/bin/../xtensa-esp-elf/builds/idf/crosstool-NG/builds/xtensa-esp-elf/xtensa-esp-elf/include"
ignoring duplicate directory "/home/coder/.espressif/tools/xtensa-esp-elf/esp-15.2.0_20251204/xtensa-esp-elf/bin/../lib/gcc/../../lib/gcc/xtensa-esp-elf/15.2.0/include-fixed"
ignoring duplicate directory "/home/coder/.espressif/tools/xtensa-esp-elf/esp-15.2.0_20251204/xtensa-esp-elf/bin/../lib/gcc/../../lib/gcc/xtensa-esp-elf/15.2.0/../../../../xtensa-esp-elf/include"
ignoring duplicate directory "/home/coder/.espressif/tools/xtensa-esp-elf/esp-15.2.0_20251204/xtensa-esp-elf/bin/../xtensa-esp-elf/include"
#include "..." search starts here:
#include <...> search starts here:
 /home/coder/.espressif/tools/xtensa-esp-elf/esp-15.2.0_20251204/xtensa-esp-elf/bin/../xtensa-esp-elf/../picolibc/include
 /home/coder/.espressif/tools/xtensa-esp-elf/esp-15.2.0_20251204/xtensa-esp-elf/bin/../xtensa-esp-elf/../picolibc/include/../xtensa-esp-elf/include/c++/15.2.0/xtensa-esp-elf/esp32/no-rtti
 /home/coder/.espressif/tools/xtensa-esp-elf/esp-15.2.0_20251204/xtensa-esp-elf/bin/../lib/gcc/xtensa-esp-elf/15.2.0/../../../../xtensa-esp-elf/include/c++/15.2.0
 /home/coder/.espressif/tools/xtensa-esp-elf/esp-15.2.0_20251204/xtensa-esp-elf/bin/../lib/gcc/xtensa-esp-elf/15.2.0/../../../../xtensa-esp-elf/include/c++/15.2.0/xtensa-esp-elf/esp32/no-rtti
 /home/coder/.espressif/tools/xtensa-esp-elf/esp-15.2.0_20251204/xtensa-esp-elf/bin/../lib/gcc/xtensa-esp-elf/15.2.0/../../../../xtensa-esp-elf/include/c++/15.2.0/backward
 /home/coder/.espressif/tools/xtensa-esp-elf/esp-15.2.0_20251204/xtensa-esp-elf/bin/../lib/gcc/xtensa-esp-elf/15.2.0/include
 /home/coder/.espressif/tools/xtensa-esp-elf/esp-15.2.0_20251204/xtensa-esp-elf/bin/../lib/gcc/xtensa-esp-elf/15.2.0/include-fixed
 /home/coder/.espressif/tools/xtensa-esp-elf/esp-15.2.0_20251204/xtensa-esp-elf/bin/../lib/gcc/xtensa-esp-elf/15.2.0/../../../../xtensa-esp-elf/include
End of search list.
Compiler executable checksum: ddaf5163ec1d262ade9e7a5c85eeee1b
COLLECT_GCC_OPTIONS='-mdynconfig=xtensa_esp32.so' '-Wno-frame-address' '-mlongcalls' '-fno-builtin-memcpy' '-fno-builtin-memset' '-fno-builtin-bzero' '-fno-rtti' '-specs=/workspace/hello-wroom/build/bootloader/specs/picolibc.specs' '-v' '-o' 'CMakeFiles/cmTC_dae1a.dir/CMakeCXXCompilerABI.cpp.obj' '-c' '-dumpdir' 'CMakeFiles/cmTC_dae1a.dir/'
 /home/coder/.espressif/tools/xtensa-esp-elf/esp-15.2.0_20251204/xtensa-esp-elf/bin/../lib/gcc/xtensa-esp-elf/15.2.0/../../../../xtensa-esp-elf/bin/as --traditional-format --longcalls --dynconfig=xtensa_esp32.so -o CMakeFiles/cmTC_dae1a.dir/CMakeCXXCompilerABI.cpp.obj /tmp/ccb6EzAR.s
COMPILER_PATH=/home/coder/.espressif/tools/xtensa-esp-elf/esp-15.2.0_20251204/xtensa-esp-elf/bin/../libexec/gcc/xtensa-esp-elf/15.2.0/:/home/coder/.espressif/tools/xtensa-esp-elf/esp-15.2.0_20251204/xtensa-esp-elf/bin/../libexec/gcc/:/home/coder/.espressif/tools/xtensa-esp-elf/esp-15.2.0_20251204/xtensa-esp-elf/bin/../lib/gcc/xtensa-esp-elf/15.2.0/../../../../xtensa-esp-elf/bin/
LIBRARY_PATH=/home/coder/.espressif/tools/xtensa-esp-elf/esp-15.2.0_20251204/xtensa-esp-elf/bin/../lib/gcc/xtensa-esp-elf/15.2.0/esp32/no-rtti/:/home/coder/.espressif/tools/xtensa-esp-elf/esp-15.2.0_20251204/xtensa-esp-elf/bin/../lib/gcc/xtensa-esp-elf/15.2.0/../../../../xtensa-esp-elf/lib/esp32/no-rtti/:/home/coder/.espressif/tools/xtensa-esp-elf/esp-15.2.0_20251204/xtensa-esp-elf/bin/../xtensa-esp-elf/lib/esp32/no-rtti/:/home/coder/.espressif/tools/xtensa-esp-elf/esp-15.2.0_20251204/xtensa-esp-elf/bin/../lib/gcc/xtensa-esp-elf/15.2.0/:/home/coder/.espressif/tools/xtensa-esp-elf/esp-15.2.0_20251204/xtensa-esp-elf/bin/../lib/gcc/:/home/coder/.espressif/tools/xtensa-esp-elf/esp-15.2.0_20251204/xtensa-esp-elf/bin/../lib/gcc/xtensa-esp-elf/15.2.0/../../../../xtensa-esp-elf/lib/:/home/coder/.espressif/tools/xtensa-esp-elf/esp-15.2.0_20251204/xtensa-esp-elf/bin/../xtensa-esp-elf/lib/:/home/coder/.espressif/tools/xtensa-esp-elf/esp-15.2.0_20251204/xtensa-esp-elf/bin/../xtensa-esp-elf/usr/lib/
COLLECT_GCC_OPTIONS='-mdynconfig=xtensa_esp32.so' '-Wno-frame-address' '-mlongcalls' '-fno-builtin-memcpy' '-fno-builtin-memset' '-fno-builtin-bzero' '-fno-rtti' '-specs=/workspace/hello-wroom/build/bootloader/specs/picolibc.specs' '-v' '-o' 'CMakeFiles/cmTC_dae1a.dir/CMakeCXXCompilerABI.cpp.obj' '-c' '-dumpdir' 'CMakeFiles/cmTC_dae1a.dir/CMakeCXXCompilerABI.cpp.'
[2/2] Linking CXX executable cmTC_dae1a
Using built-in specs.
Reading specs from /workspace/hello-wroom/build/bootloader/specs/picolibc.specs
rename spec link to picolibc_link
rename spec link_libgcc to picolibc_link_libgcc
rename spec cpp to picolibc_cpp
rename spec cc1 to picolibc_cc1
rename spec cc1plus to picolibc_cc1plus
COLLECT_GCC=/home/coder/.espressif/tools/xtensa-esp-elf/esp-15.2.0_20251204/xtensa-esp-elf/bin/xtensa-esp-elf-g++
COLLECT_LTO_WRAPPER=/home/coder/.espressif/tools/xtensa-esp-elf/esp-15.2.0_20251204/xtensa-esp-elf/bin/../libexec/gcc/xtensa-esp-elf/15.2.0/lto-wrapper
Target: xtensa-esp-elf
Configured with: /builds/idf/crosstool-NG/.build/xtensa-esp-elf/src/gcc/configure --build=x86_64-build_pc-linux-gnu --host=x86_64-build_pc-linux-gnu --target=xtensa-esp-elf --prefix=/builds/idf/crosstool-NG/builds/xtensa-esp-elf --exec_prefix=/builds/idf/crosstool-NG/builds/xtensa-esp-elf --with-local-prefix=/builds/idf/crosstool-NG/builds/xtensa-esp-elf/xtensa-esp-elf --with-sysroot=/builds/idf/crosstool-NG/builds/xtensa-esp-elf/xtensa-esp-elf --with-native-system-header-dir=/include --with-headers=/builds/idf/crosstool-NG/builds/xtensa-esp-elf/xtensa-esp-elf/include --with-newlib --enable-threads=no --disable-shared --with-pkgversion='crosstool-NG esp-15.2.0_20251204' --disable-__cxa_atexit --enable-cxx-flags='-ffunction-sections -fdata-sections' --disable-libgomp --disable-libmudflap --disable-libmpx --disable-libssp --disable-libquadmath --disable-libquadmath-support --disable-libstdcxx-verbose --with-gmp=/builds/idf/crosstool-NG/.build/xtensa-esp-elf/buildtools --with-mpfr=/builds/idf/crosstool-NG/.build/xtensa-esp-elf/buildtools --with-mpc=/builds/idf/crosstool-NG/.build/xtensa-esp-elf/buildtools --with-isl=/builds/idf/crosstool-NG/.build/xtensa-esp-elf/buildtools --enable-lto --enable-target-optspace --without-long-double-128 --enable-plugin --disable-nls --enable-multiarch --enable-languages=c,c++ --disable-libstdcxx-verbose --enable-threads=posix --enable-libstdcxx-time=yes --disable-win32-utf8-manifest
Thread model: posix
Supported LTO compression algorithms: zlib zstd
gcc version 15.2.0 (crosstool-NG esp-15.2.0_20251204) 
COMPILER_PATH=/home/coder/.espressif/tools/xtensa-esp-elf/esp-15.2.0_20251204/xtensa-esp-elf/bin/../libexec/gcc/xtensa-esp-elf/15.2.0/:/home/coder/.espressif/tools/xtensa-esp-elf/esp-15.2.0_20251204/xtensa-esp-elf/bin/../libexec/gcc/:/home/coder/.espressif/tools/xtensa-esp-elf/esp-15.2.0_20251204/xtensa-esp-elf/bin/../lib/gcc/xtensa-esp-elf/15.2.0/../../../../xtensa-esp-elf/bin/
LIBRARY_PATH=/home/coder/.espressif/tools/xtensa-esp-elf/esp-15.2.0_20251204/xtensa-esp-elf/bin/../lib/gcc/xtensa-esp-elf/15.2.0/esp32/no-rtti/:/home/coder/.espressif/tools/xtensa-esp-elf/esp-15.2.0_20251204/xtensa-esp-elf/bin/../lib/gcc/xtensa-esp-elf/15.2.0/../../../../xtensa-esp-elf/lib/esp32/no-rtti/:/home/coder/.espressif/tools/xtensa-esp-elf/esp-15.2.0_20251204/xtensa-esp-elf/bin/../xtensa-esp-elf/lib/esp32/no-rtti/:/home/coder/.espressif/tools/xtensa-esp-elf/esp-15.2.0_20251204/xtensa-esp-elf/bin/../lib/gcc/xtensa-esp-elf/15.2.0/:/home/coder/.espressif/tools/xtensa-esp-elf/esp-15.2.0_20251204/xtensa-esp-elf/bin/../lib/gcc/:/home/coder/.espressif/tools/xtensa-esp-elf/esp-15.2.0_20251204/xtensa-esp-elf/bin/../lib/gcc/xtensa-esp-elf/15.2.0/../../../../xtensa-esp-elf/lib/:/home/coder/.espressif/tools/xtensa-esp-elf/esp-15.2.0_20251204/xtensa-esp-elf/bin/../xtensa-esp-elf/lib/:/home/coder/.espressif/tools/xtensa-esp-elf/esp-15.2.0_20251204/xtensa-esp-elf/bin/../xtensa-esp-elf/usr/lib/
COLLECT_GCC_OPTIONS='-mdynconfig=xtensa_esp32.so' '-Wno-frame-address' '-mlongcalls' '-fno-builtin-memcpy' '-fno-builtin-memset' '-fno-builtin-bzero' '-specs=/workspace/hello-wroom/build/bootloader/specs/picolibc.specs' '-nostartfiles' '-fno-rtti' '-v' '-o' 'cmTC_dae1a' '-dumpdir' 'cmTC_dae1a.'
 /home/coder/.espressif/tools/xtensa-esp-elf/esp-15.2.0_20251204/xtensa-esp-elf/bin/../libexec/gcc/xtensa-esp-elf/15.2.0/collect2 -plugin /home/coder/.espressif/tools/xtensa-esp-elf/esp-15.2.0_20251204/xtensa-esp-elf/bin/../libexec/gcc/xtensa-esp-elf/15.2.0/liblto_plugin.so -plugin-opt=/home/coder/.espressif/tools/xtensa-esp-elf/esp-15.2.0_20251204/xtensa-esp-elf/bin/../libexec/gcc/xtensa-esp-elf/15.2.0/lto-wrapper -plugin-opt=-fresolution=/tmp/ccxtYufF.res -plugin-opt=-pass-through=-lgcc -plugin-opt=-pass-through=-lgcc -plugin-opt=-pass-through=-lc -plugin-opt=-pass-through=-lgcc -L/home/coder/.espressif/tools/xtensa-esp-elf/esp-15.2.0_20251204/xtensa-esp-elf/bin/../xtensa-esp-elf/../picolibc/xtensa-esp-elf/lib/esp32/no-rtti -L/home/coder/.espressif/tools/xtensa-esp-elf/esp-15.2.0_20251204/xtensa-esp-elf/bin/../xtensa-esp-elf/../picolibc/xtensa-esp-elf/lib -Tpicolibc.ld --sysroot=/home/coder/.espressif/tools/xtensa-esp-elf/esp-15.2.0_20251204/xtensa-esp-elf/bin/../xtensa-esp-elf --dynconfig=xtensa_esp32.so -o cmTC_dae1a -L/home/coder/.espressif/tools/xtensa-esp-elf/esp-15.2.0_20251204/xtensa-esp-elf/bin/../xtensa-esp-elf/../picolibc/lib/gcc/xtensa-esp-elf/15.2.0/esp32/no-rtti -L/home/coder/.espressif/tools/xtensa-esp-elf/esp-15.2.0_20251204/xtensa-esp-elf/bin/../xtensa-esp-elf/../picolibc/lib/gcc/xtensa-esp-elf/15.2.0 -L/home/coder/.espressif/tools/xtensa-esp-elf/esp-15.2.0_20251204/xtensa-esp-elf/bin/../lib/gcc/xtensa-esp-elf/15.2.0/esp32/no-rtti -L/home/coder/.espressif/tools/xtensa-esp-elf/esp-15.2.0_20251204/xtensa-esp-elf/bin/../lib/gcc/xtensa-esp-elf/15.2.0/../../../../xtensa-esp-elf/lib/esp32/no-rtti -L/home/coder/.espressif/tools/xtensa-esp-elf/esp-15.2.0_20251204/xtensa-esp-elf/bin/../xtensa-esp-elf/lib/esp32/no-rtti -L/home/coder/.espressif/tools/xtensa-esp-elf/esp-15.2.0_20251204/xtensa-esp-elf/bin/../lib/gcc/xtensa-esp-elf/15.2.0 -L/home/coder/.espressif/tools/xtensa-esp-elf/esp-15.2.0_20251204/xtensa-esp-elf/bin/../lib/gcc -L/home/coder/.espressif/tools/xtensa-esp-elf/esp-15.2.0_20251204/xtensa-esp-elf/bin/../lib/gcc/xtensa-esp-elf/15.2.0/../../../../xtensa-esp-elf/lib -L/home/coder/.espressif/tools/xtensa-esp-elf/esp-15.2.0_20251204/xtensa-esp-elf/bin/../xtensa-esp-elf/lib -L/home/coder/.espressif/tools/xtensa-esp-elf/esp-15.2.0_20251204/xtensa-esp-elf/bin/../xtensa-esp-elf/usr/lib @/tmp/ccgxtCSR -lgcc --start-group -lgcc -lc --end-group -lgcc
/home/coder/.espressif/tools/xtensa-esp-elf/esp-15.2.0_20251204/xtensa-esp-elf/bin/../lib/gcc/xtensa-esp-elf/15.2.0/../../../../xtensa-esp-elf/bin/ld: warning: cannot find entry symbol _start; defaulting to 10000000
COLLECT_GCC_OPTIONS='-mdynconfig=xtensa_esp32.so' '-Wno-frame-address' '-mlongcalls' '-fno-builtin-memcpy' '-fno-builtin-memset' '-fno-builtin-bzero' '-specs=/workspace/hello-wroom/build/bootloader/specs/picolibc.specs' '-nostartfiles' '-fno-rtti' '-v' '-o' 'cmTC_dae1a' '-dumpdir' 'cmTC_dae1a.'



Parsed CXX implicit include dir info from above output: rv=done
  found start of include info
  found start of implicit include info
    add: [/home/coder/.espressif/tools/xtensa-esp-elf/esp-15.2.0_20251204/xtensa-esp-elf/bin/../xtensa-esp-elf/../picolibc/include]
    add: [/home/coder/.espressif/tools/xtensa-esp-elf/esp-15.2.0_20251204/xtensa-esp-elf/bin/../xtensa-esp-elf/../picolibc/include/../xtensa-esp-elf/include/c++/15.2.0/xtensa-esp-elf/esp32/no-rtti]
    add: [/home/coder/.espressif/tools/xtensa-esp-elf/esp-15.2.0_20251204/xtensa-esp-elf/bin/../lib/gcc/xtensa-esp-elf/15.2.0/../../../../xtensa-esp-elf/include/c++/15.2.0]
    add: [/home/coder/.espressif/tools/xtensa-esp-elf/esp-15.2.0_20251204/xtensa-esp-elf/bin/../lib/gcc/xtensa-esp-elf/15.2.0/../../../../xtensa-esp-elf/include/c++/15.2.0/xtensa-esp-elf/esp32/no-rtti]
    add: [/home/coder/.espressif/tools/xtensa-esp-elf/esp-15.2.0_20251204/xtensa-esp-elf/bin/../lib/gcc/xtensa-esp-elf/15.2.0/../../../../xtensa-esp-elf/include/c++/15.2.0/backward]
    add: [/home/coder/.espressif/tools/xtensa-esp-elf/esp-15.2.0_20251204/xtensa-esp-elf/bin/../lib/gcc/xtensa-esp-elf/15.2.0/include]
    add: [/home/coder/.espressif/tools/xtensa-esp-elf/esp-15.2.0_20251204/xtensa-esp-elf/bin/../lib/gcc/xtensa-esp-elf/15.2.0/include-fixed]
    add: [/home/coder/.espressif/tools/xtensa-esp-elf/esp-15.2.0_20251204/xtensa-esp-elf/bin/../lib/gcc/xtensa-esp-elf/15.2.0/../../../../xtensa-esp-elf/include]
  end of search list found
  collapse include dir [/home/coder/.espressif/tools/xtensa-esp-elf/esp-15.2.0_20251204/xtensa-esp-elf/bin/../xtensa-esp-elf/../picolibc/include] ==> [/home/coder/.espressif/tools/xtensa-esp-elf/esp-15.2.0_20251204/xtensa-esp-elf/picolibc/include]
  collapse include dir [/home/coder/.espressif/tools/xtensa-esp-elf/esp-15.2.0_20251204/xtensa-esp-elf/bin/../xtensa-esp-elf/../picolibc/include/../xtensa-esp-elf/include/c++/15.2.0/xtensa-esp-elf/esp32/no-rtti] ==> [/home/coder/.espressif/tools/xtensa-esp-elf/esp-15.2.0_20251204/xtensa-esp-elf/picolibc/xtensa-esp-elf/include/c++/15.2.0/xtensa-esp-elf/esp32/no-rtti]
  collapse include dir [/home/coder/.espressif/tools/xtensa-esp-elf/esp-15.2.0_20251204/xtensa-esp-elf/bin/../lib/gcc/xtensa-esp-elf/15.2.0/../../../../xtensa-esp-elf/include/c++/15.2.0] ==> [/home/coder/.espressif/tools/xtensa-esp-elf/esp-15.2.0_20251204/xtensa-esp-elf/xtensa-esp-elf/include/c++/15.2.0]
  collapse include dir [/home/coder/.espressif/tools/xtensa-esp-elf/esp-15.2.0_20251204/xtensa-esp-elf/bin/../lib/gcc/xtensa-esp-elf/15.2.0/../../../../xtensa-esp-elf/include/c++/15.2.0/xtensa-esp-elf/esp32/no-rtti] ==> [/home/coder/.espressif/tools/xtensa-esp-elf/esp-15.2.0_20251204/xtensa-esp-elf/xtensa-esp-elf/include/c++/15.2.0/xtensa-esp-elf/esp32/no-rtti]
  collapse include dir [/home/coder/.espressif/tools/xtensa-esp-elf/esp-15.2.0_20251204/xtensa-esp-elf/bin/../lib/gcc/xtensa-esp-elf/15.2.0/../../../../xtensa-esp-elf/include/c++/15.2.0/backward] ==> [/home/coder/.espressif/tools/xtensa-esp-elf/esp-15.2.0_20251204/xtensa-esp-elf/xtensa-esp-elf/include/c++/15.2.0/backward]
  collapse include dir [/home/coder/.espressif/tools/xtensa-esp-elf/esp-15.2.0_20251204/xtensa-esp-elf/bin/../lib/gcc/xtensa-esp-elf/15.2.0/include] ==> [/home/coder/.espressif/tools/xtensa-esp-elf/esp-15.2.0_20251204/xtensa-esp-elf/lib/gcc/xtensa-esp-elf/15.2.0/include]
  collapse include dir [/home/coder/.espressif/tools/xtensa-esp-elf/esp-15.2.0_20251204/xtensa-esp-elf/bin/../lib/gcc/xtensa-esp-elf/15.2.0/include-fixed] ==> [/home/coder/.espressif/tools/xtensa-esp-elf/esp-15.2.0_20251204/xtensa-esp-elf/lib/gcc/xtensa-esp-elf/15.2.0/include-fixed]
  collapse include dir [/home/coder/.espressif/tools/xtensa-esp-elf/esp-15.2.0_20251204/xtensa-esp-elf/bin/../lib/gcc/xtensa-esp-elf/15.2.0/../../../../xtensa-esp-elf/include] ==> [/home/coder/.espressif/tools/xtensa-esp-elf/esp-15.2.0_20251204/xtensa-esp-elf/xtensa-esp-elf/include]
  implicit include dirs: [/home/coder/.espressif/tools/xtensa-esp-elf/esp-15.2.0_20251204/xtensa-esp-elf/picolibc/include;/home/coder/.espressif/tools/xtensa-esp-elf/esp-15.2.0_20251204/xtensa-esp-elf/picolibc/xtensa-esp-elf/include/c++/15.2.0/xtensa-esp-elf/esp32/no-rtti;/home/coder/.espressif/tools/xtensa-esp-elf/esp-15.2.0_20251204/xtensa-esp-elf/xtensa-esp-elf/include/c++/15.2.0;/home/coder/.espressif/tools/xtensa-esp-elf/esp-15.2.0_20251204/xtensa-esp-elf/xtensa-esp-elf/include/c++/15.2.0/xtensa-esp-elf/esp32/no-rtti;/home/coder/.espressif/tools/xtensa-esp-elf/esp-15.2.0_20251204/xtensa-esp-elf/xtensa-esp-elf/include/c++/15.2.0/backward;/home/coder/.espressif/tools/xtensa-esp-elf/esp-15.2.0_20251204/xtensa-esp-elf/lib/gcc/xtensa-esp-elf/15.2.0/include;/home/coder/.espressif/tools/xtensa-esp-elf/esp-15.2.0_20251204/xtensa-esp-elf/lib/gcc/xtensa-esp-elf/15.2.0/include-fixed;/home/coder/.espressif/tools/xtensa-esp-elf/esp-15.2.0_20251204/xtensa-esp-elf/xtensa-esp-elf/include]


Parsed CXX implicit link information from above output:
  link line regex: [^( *|.*[/\])(xtensa-esp32-elf-ld|CMAKE_LINK_STARTFILE-NOTFOUND|([^/\]+-)?ld|collect2)[^/\]*( |$)]
  ignore line: [Change Dir: /workspace/hello-wroom/build/bootloader/CMakeFiles/CMakeTmp]
  ignore line: []
  ignore line: [Run Build Command(s):/usr/bin/ninja cmTC_dae1a && [1/2] Building CXX object CMakeFiles/cmTC_dae1a.dir/CMakeCXXCompilerABI.cpp.obj]
  ignore line: [Using built-in specs.]
  ignore line: [Reading specs from /workspace/hello-wroom/build/bootloader/specs/picolibc.specs]
  ignore line: [rename spec link to picolibc_link]
  ignore line: [rename spec link_libgcc to picolibc_link_libgcc]
  ignore line: [rename spec cpp to picolibc_cpp]
  ignore line: [rename spec cc1 to picolibc_cc1]
  ignore line: [rename spec cc1plus to picolibc_cc1plus]
  ignore line: [COLLECT_GCC=/home/coder/.espressif/tools/xtensa-esp-elf/esp-15.2.0_20251204/xtensa-esp-elf/bin/xtensa-esp-elf-g++]
  ignore line: [Target: xtensa-esp-elf]
  ignore line: [Configured with: /builds/idf/crosstool-NG/.build/xtensa-esp-elf/src/gcc/configure --build=x86_64-build_pc-linux-gnu --host=x86_64-build_pc-linux-gnu --target=xtensa-esp-elf --prefix=/builds/idf/crosstool-NG/builds/xtensa-esp-elf --exec_prefix=/builds/idf/crosstool-NG/builds/xtensa-esp-elf --with-local-prefix=/builds/idf/crosstool-NG/builds/xtensa-esp-elf/xtensa-esp-elf --with-sysroot=/builds/idf/crosstool-NG/builds/xtensa-esp-elf/xtensa-esp-elf --with-native-system-header-dir=/include --with-headers=/builds/idf/crosstool-NG/builds/xtensa-esp-elf/xtensa-esp-elf/include --with-newlib --enable-threads=no --disable-shared --with-pkgversion='crosstool-NG esp-15.2.0_20251204' --disable-__cxa_atexit --enable-cxx-flags='-ffunction-sections -fdata-sections' --disable-libgomp --disable-libmudflap --disable-libmpx --disable-libssp --disable-libquadmath --disable-libquadmath-support --disable-libstdcxx-verbose --with-gmp=/builds/idf/crosstool-NG/.build/xtensa-esp-elf/buildtools --with-mpfr=/builds/idf/crosstool-NG/.build/xtensa-esp-elf/buildtools --with-mpc=/builds/idf/crosstool-NG/.build/xtensa-esp-elf/buildtools --with-isl=/builds/idf/crosstool-NG/.build/xtensa-esp-elf/buildtools --enable-lto --enable-target-optspace --without-long-double-128 --enable-plugin --disable-nls --enable-multiarch --enable-languages=c c++ --disable-libstdcxx-verbose --enable-threads=posix --enable-libstdcxx-time=yes --disable-win32-utf8-manifest]
  ignore line: [Thread model: posix]
  ignore line: [Supported LTO compression algorithms: zlib zstd]
  ignore line: [gcc version 15.2.0 (crosstool-NG esp-15.2.0_20251204) ]
  ignore line: [COLLECT_GCC_OPTIONS='-mdynconfig=xtensa_esp32.so' '-Wno-frame-address' '-mlongcalls' '-fno-builtin-memcpy' '-fno-builtin-memset' '-fno-builtin-bzero' '-fno-rtti' '-specs=/workspace/hello-wroom/build/bootloader/specs/picolibc.specs' '-v' '-o' 'CMakeFiles/cmTC_dae1a.dir/CMakeCXXCompilerABI.cpp.obj' '-c' '-dumpdir' 'CMakeFiles/cmTC_dae1a.dir/']
  ignore line: [ /home/coder/.espressif/tools/xtensa-esp-elf/esp-15.2.0_20251204/xtensa-esp-elf/bin/../libexec/gcc/xtensa-esp-elf/15.2.0/cc1plus -quiet -v -imultilib esp32/no-rtti -iprefix /home/coder/.espressif/tools/xtensa-esp-elf/esp-15.2.0_20251204/xtensa-esp-elf/bin/../lib/gcc/xtensa-esp-elf/15.2.0/ -isysroot /home/coder/.espressif/tools/xtensa-esp-elf/esp-15.2.0_20251204/xtensa-esp-elf/bin/../xtensa-esp-elf /usr/share/cmake-3.22/Modules/CMakeCXXCompilerABI.cpp -ftls-model=local-exec -quiet -dumpdir CMakeFiles/cmTC_dae1a.dir/ -dumpbase CMakeCXXCompilerABI.cpp.cpp -dumpbase-ext .cpp -mdynconfig=xtensa_esp32.so -mlongcalls -Wno-frame-address -version -fno-builtin-memcpy -fno-builtin-memset -fno-builtin-bzero -fno-rtti -isystem /home/coder/.espressif/tools/xtensa-esp-elf/esp-15.2.0_20251204/xtensa-esp-elf/bin/../xtensa-esp-elf/../picolibc/include -isystem /home/coder/.espressif/tools/xtensa-esp-elf/esp-15.2.0_20251204/xtensa-esp-elf/bin/../xtensa-esp-elf/../picolibc/include/../xtensa-esp-elf/include/c++/15.2.0/xtensa-esp-elf/esp32/no-rtti -ftls-model=local-exec -o /tmp/ccb6EzAR.s]
  ignore line: [GNU C++17 (crosstool-NG esp-15.2.0_20251204) version 15.2.0 (xtensa-esp-elf)]
  ignore line: [	compiled by GNU C version 6.3.0  GMP version 6.3.0  MPFR version 4.2.1  MPC version 1.3.1  isl version isl-0.26-GMP]
  ignore line: []
  ignore line: [GGC heuristics: --param ggc-min-expand=100 --param ggc-min-heapsize=131072]
  ignore line: [ignoring duplicate directory "/home/coder/.espressif/tools/xtensa-esp-elf/esp-15.2.0_20251204/xtensa-esp-elf/bin/../lib/gcc/../../lib/gcc/xtensa-esp-elf/15.2.0/../../../../xtensa-esp-elf/include/c++/15.2.0"]
  ignore line: [ignoring duplicate directory "/home/coder/.espressif/tools/xtensa-esp-elf/esp-15.2.0_20251204/xtensa-esp-elf/bin/../lib/gcc/../../lib/gcc/xtensa-esp-elf/15.2.0/../../../../xtensa-esp-elf/include/c++/15.2.0/xtensa-esp-elf/esp32/no-rtti"]
  ignore line: [ignoring duplicate directory "/home/coder/.espressif/tools/xtensa-esp-elf/esp-15.2.0_20251204/xtensa-esp-elf/bin/../lib/gcc/../../lib/gcc/xtensa-esp-elf/15.2.0/../../../../xtensa-esp-elf/include/c++/15.2.0/backward"]
  ignore line: [ignoring duplicate directory "/home/coder/.espressif/tools/xtensa-esp-elf/esp-15.2.0_20251204/xtensa-esp-elf/bin/../lib/gcc/../../lib/gcc/xtensa-esp-elf/15.2.0/include"]
  ignore line: [ignoring nonexistent directory "/home/coder/.espressif/tools/xtensa-esp-elf/esp-15.2.0_20251204/xtensa-esp-elf/bin/../xtensa-esp-elf/builds/idf/crosstool-NG/builds/xtensa-esp-elf/xtensa-esp-elf/include"]
  ignore line: [ignoring duplicate directory "/home/coder/.espressif/tools/xtensa-esp-elf/esp-15.2.0_20251204/xtensa-esp-elf/bin/../lib/gcc/../../lib/gcc/xtensa-esp-elf/15.2.0/include-fixed"]
  ignore line: [ignoring duplicate directory "/home/coder/.espressif/tools/xtensa-esp-elf/esp-15.2.0_20251204/xtensa-esp-elf/bin/../lib/gcc/../../lib/gcc/xtensa-esp-elf/15.2.0/../../../../xtensa-esp-elf/include"]
  ignore line: [ignoring duplicate directory "/home/coder/.espressif/tools/xtensa-esp-elf/esp-15.2.0_20251204/xtensa-esp-elf/bin/../xtensa-esp-elf/include"]
  ignore line: [#include "..." search starts here:]
  ignore line: [#include <...> search starts here:]
  ignore line: [ /home/coder/.espressif/tools/xtensa-esp-elf/esp-15.2.0_20251204/xtensa-esp-elf/bin/../xtensa-esp-elf/../picolibc/include]
  ignore line: [ /home/coder/.espressif/tools/xtensa-esp-elf/esp-15.2.0_20251204/xtensa-esp-elf/bin/../xtensa-esp-elf/../picolibc/include/../xtensa-esp-elf/include/c++/15.2.0/xtensa-esp-elf/esp32/no-rtti]
  ignore line: [ /home/coder/.espressif/tools/xtensa-esp-elf/esp-15.2.0_20251204/xtensa-esp-elf/bin/../lib/gcc/xtensa-esp-elf/15.2.0/../../../../xtensa-esp-elf/include/c++/15.2.0]
  ignore line: [ /home/coder/.espressif/tools/xtensa-esp-elf/esp-15.2.0_20251204/xtensa-esp-elf/bin/../lib/gcc/xtensa-esp-elf/15.2.0/../../../../xtensa-esp-elf/include/c++/15.2.0/xtensa-esp-elf/esp32/no-rtti]
  ignore line: [ /home/coder/.espressif/tools/xtensa-esp-elf/esp-15.2.0_20251204/xtensa-esp-elf/bin/../lib/gcc/xtensa-esp-elf/15.2.0/../../../../xtensa-esp-elf/include/c++/15.2.0/backward]
  ignore line: [ /home/coder/.espressif/tools/xtensa-esp-elf/esp-15.2.0_20251204/xtensa-esp-elf/bin/../lib/gcc/xtensa-esp-elf/15.2.0/include]
  ignore line: [ /home/coder/.espressif/tools/xtensa-esp-elf/esp-15.2.0_20251204/xtensa-esp-elf/bin/../lib/gcc/xtensa-esp-elf/15.2.0/include-fixed]
  ignore line: [ /home/coder/.espressif/tools/xtensa-esp-elf/esp-15.2.0_20251204/xtensa-esp-elf/bin/../lib/gcc/xtensa-esp-elf/15.2.0/../../../../xtensa-esp-elf/include]
  ignore line: [End of search list.]
  ignore line: [Compiler executable checksum: ddaf5163ec1d262ade9e7a5c85eeee1b]
  ignore line: [COLLECT_GCC_OPTIONS='-mdynconfig=xtensa_esp32.so' '-Wno-frame-address' '-mlongcalls' '-fno-builtin-memcpy' '-fno-builtin-memset' '-fno-builtin-bzero' '-fno-rtti' '-specs=/workspace/hello-wroom/build/bootloader/specs/picolibc.specs' '-v' '-o' 'CMakeFiles/cmTC_dae1a.dir/CMakeCXXCompilerABI.cpp.obj' '-c' '-dumpdir' 'CMakeFiles/cmTC_dae1a.dir/']
  ignore line: [ /home/coder/.espressif/tools/xtensa-esp-elf/esp-15.2.0_20251204/xtensa-esp-elf/bin/../lib/gcc/xtensa-esp-elf/15.2.0/../../../../xtensa-esp-elf/bin/as --traditional-format --longcalls --dynconfig=xtensa_esp32.so -o CMakeFiles/cmTC_dae1a.dir/CMakeCXXCompilerABI.cpp.obj /tmp/ccb6EzAR.s]
  ignore line: [COMPILER_PATH=/home/coder/.espressif/tools/xtensa-esp-elf/esp-15.2.0_20251204/xtensa-esp-elf/bin/../libexec/gcc/xtensa-esp-elf/15.2.0/:/home/coder/.espressif/tools/xtensa-esp-elf/esp-15.2.0_20251204/xtensa-esp-elf/bin/../libexec/gcc/:/home/coder/.espressif/tools/xtensa-esp-elf/esp-15.2.0_20251204/xtensa-esp-elf/bin/../lib/gcc/xtensa-esp-elf/15.2.0/../../../../xtensa-esp-elf/bin/]
  ignore line: [LIBRARY_PATH=/home/coder/.espressif/tools/xtensa-esp-elf/esp-15.2.0_20251204/xtensa-esp-elf/bin/../lib/gcc/xtensa-esp-elf/15.2.0/esp32/no-rtti/:/home/coder/.espressif/tools/xtensa-esp-elf/esp-15.2.0_20251204/xtensa-esp-elf/bin/../lib/gcc/xtensa-esp-elf/15.2.0/../../../../xtensa-esp-elf/lib/esp32/no-rtti/:/home/coder/.espressif/tools/xtensa-esp-elf/esp-15.2.0_20251204/xtensa-esp-elf/bin/../xtensa-esp-elf/lib/esp32/no-rtti/:/home/coder/.espressif/tools/xtensa-esp-elf/esp-15.2.0_20251204/xtensa-esp-elf/bin/../lib/gcc/xtensa-esp-elf/15.2.0/:/home/coder/.espressif/tools/xtensa-esp-elf/esp-15.2.0_20251204/xtensa-esp-elf/bin/../lib/gcc/:/home/coder/.espressif/tools/xtensa-esp-elf/esp-15.2.0_20251204/xtensa-esp-elf/bin/../lib/gcc/xtensa-esp-elf/15.2.0/../../../../xtensa-esp-elf/lib/:/home/coder/.espressif/tools/xtensa-esp-elf/esp-15.2.0_20251204/xtensa-esp-elf/bin/../xtensa-esp-elf/lib/:/home/coder/.espressif/tools/xtensa-esp-elf/esp-15.2.0_20251204/xtensa-esp-elf/bin/../xtensa-esp-elf/usr/lib/]
  ignore line: [COLLECT_GCC_OPTIONS='-mdynconfig=xtensa_esp32.so' '-Wno-frame-address' '-mlongcalls' '-fno-builtin-memcpy' '-fno-builtin-memset' '-fno-builtin-bzero' '-fno-rtti' '-specs=/workspace/hello-wroom/build/bootloader/specs/picolibc.specs' '-v' '-o' 'CMakeFiles/cmTC_dae1a.dir/CMakeCXXCompilerABI.cpp.obj' '-c' '-dumpdir' 'CMakeFiles/cmTC_dae1a.dir/CMakeCXXCompilerABI.cpp.']
  ignore line: [[2/2] Linking CXX executable cmTC_dae1a]
  ignore line: [Using built-in specs.]
  ignore line: [Reading specs from /workspace/hello-wroom/build/bootloader/specs/picolibc.specs]
  ignore line: [rename spec link to picolibc_link]
  ignore line: [rename spec link_libgcc to picolibc_link_libgcc]
  ignore line: [rename spec cpp to picolibc_cpp]
  ignore line: [rename spec cc1 to picolibc_cc1]
  ignore line: [rename spec cc1plus to picolibc_cc1plus]
  ignore line: [COLLECT_GCC=/home/coder/.espressif/tools/xtensa-esp-elf/esp-15.2.0_20251204/xtensa-esp-elf/bin/xtensa-esp-elf-g++]
  ignore line: [COLLECT_LTO_WRAPPER=/home/coder/.espressif/tools/xtensa-esp-elf/esp-15.2.0_20251204/xtensa-esp-elf/bin/../libexec/gcc/xtensa-esp-elf/15.2.0/lto-wrapper]
  ignore line: [Target: xtensa-esp-elf]
  ignore line: [Configured with: /builds/idf/crosstool-NG/.build/xtensa-esp-elf/src/gcc/configure --build=x86_64-build_pc-linux-gnu --host=x86_64-build_pc-linux-gnu --target=xtensa-esp-elf --prefix=/builds/idf/crosstool-NG/builds/xtensa-esp-elf --exec_prefix=/builds/idf/crosstool-NG/builds/xtensa-esp-elf --with-local-prefix=/builds/idf/crosstool-NG/builds/xtensa-esp-elf/xtensa-esp-elf --with-sysroot=/builds/idf/crosstool-NG/builds/xtensa-esp-elf/xtensa-esp-elf --with-native-system-header-dir=/include --with-headers=/builds/idf/crosstool-NG/builds/xtensa-esp-elf/xtensa-esp-elf/include --with-newlib --enable-threads=no --disable-shared --with-pkgversion='crosstool-NG esp-15.2.0_20251204' --disable-__cxa_atexit --enable-cxx-flags='-ffunction-sections -fdata-sections' --disable-libgomp --disable-libmudflap --disable-libmpx --disable-libssp --disable-libquadmath --disable-libquadmath-support --disable-libstdcxx-verbose --with-gmp=/builds/idf/crosstool-NG/.build/xtensa-esp-elf/buildtools --with-mpfr=/builds/idf/crosstool-NG/.build/xtensa-esp-elf/buildtools --with-mpc=/builds/idf/crosstool-NG/.build/xtensa-esp-elf/buildtools --with-isl=/builds/idf/crosstool-NG/.build/xtensa-esp-elf/buildtools --enable-lto --enable-target-optspace --without-long-double-128 --enable-plugin --disable-nls --enable-multiarch --enable-languages=c c++ --disable-libstdcxx-verbose --enable-threads=posix --enable-libstdcxx-time=yes --disable-win32-utf8-manifest]
  ignore line: [Thread model: posix]
  ignore line: [Supported LTO compression algorithms: zlib zstd]
  ignore line: [gcc version 15.2.0 (crosstool-NG esp-15.2.0_20251204) ]
  ignore line: [COMPILER_PATH=/home/coder/.espressif/tools/xtensa-esp-elf/esp-15.2.0_20251204/xtensa-esp-elf/bin/../libexec/gcc/xtensa-esp-elf/15.2.0/:/home/coder/.espressif/tools/xtensa-esp-elf/esp-15.2.0_20251204/xtensa-esp-elf/bin/../libexec/gcc/:/home/coder/.espressif/tools/xtensa-esp-elf/esp-15.2.0_20251204/xtensa-esp-elf/bin/../lib/gcc/xtensa-esp-elf/15.2.0/../../../../xtensa-esp-elf/bin/]
  ignore line: [LIBRARY_PATH=/home/coder/.espressif/tools/xtensa-esp-elf/esp-15.2.0_20251204/xtensa-esp-elf/bin/../lib/gcc/xtensa-esp-elf/15.2.0/esp32/no-rtti/:/home/coder/.espressif/tools/xtensa-esp-elf/esp-15.2.0_20251204/xtensa-esp-elf/bin/../lib/gcc/xtensa-esp-elf/15.2.0/../../../../xtensa-esp-elf/lib/esp32/no-rtti/:/home/coder/.espressif/tools/xtensa-esp-elf/esp-15.2.0_20251204/xtensa-esp-elf/bin/../xtensa-esp-elf/lib/esp32/no-rtti/:/home/coder/.espressif/tools/xtensa-esp-elf/esp-15.2.0_20251204/xtensa-esp-elf/bin/../lib/gcc/xtensa-esp-elf/15.2.0/:/home/coder/.espressif/tools/xtensa-esp-elf/esp-15.2.0_20251204/xtensa-esp-elf/bin/../lib/gcc/:/home/coder/.espressif/tools/xtensa-esp-elf/esp-15.2.0_20251204/xtensa-esp-elf/bin/../lib/gcc/xtensa-esp-elf/15.2.0/../../../../xtensa-esp-elf/lib/:/home/coder/.espressif/tools/xtensa-esp-elf/esp-15.2.0_20251204/xtensa-esp-elf/bin/../xtensa-esp-elf/lib/:/home/coder/.espressif/tools/xtensa-esp-elf/esp-15.2.0_20251204/xtensa-esp-elf/bin/../xtensa-esp-elf/usr/lib/]
  ignore line: [COLLECT_GCC_OPTIONS='-mdynconfig=xtensa_esp32.so' '-Wno-frame-address' '-mlongcalls' '-fno-builtin-memcpy' '-fno-builtin-memset' '-fno-builtin-bzero' '-specs=/workspace/hello-wroom/build/bootloader/specs/picolibc.specs' '-nostartfiles' '-fno-rtti' '-v' '-o' 'cmTC_dae1a' '-dumpdir' 'cmTC_dae1a.']
  link line: [ /home/coder/.espressif/tools/xtensa-esp-elf/esp-15.2.0_20251204/xtensa-esp-elf/bin/../libexec/gcc/xtensa-esp-elf/15.2.0/collect2 -plugin /home/coder/.espressif/tools/xtensa-esp-elf/esp-15.2.0_20251204/xtensa-esp-elf/bin/../libexec/gcc/xtensa-esp-elf/15.2.0/liblto_plugin.so -plugin-opt=/home/coder/.espressif/tools/xtensa-esp-elf/esp-15.2.0_20251204/xtensa-esp-elf/bin/../libexec/gcc/xtensa-esp-elf/15.2.0/lto-wrapper -plugin-opt=-fresolution=/tmp/ccxtYufF.res -plugin-opt=-pass-through=-lgcc -plugin-opt=-pass-through=-lgcc -plugin-opt=-pass-through=-lc -plugin-opt=-pass-through=-lgcc -L/home/coder/.espressif/tools/xtensa-esp-elf/esp-15.2.0_20251204/xtensa-esp-elf/bin/../xtensa-esp-elf/../picolibc/xtensa-esp-elf/lib/esp32/no-rtti -L/home/coder/.espressif/tools/xtensa-esp-elf/esp-15.2.0_20251204/xtensa-esp-elf/bin/../xtensa-esp-elf/../picolibc/xtensa-esp-elf/lib -Tpicolibc.ld --sysroot=/home/coder/.espressif/tools/xtensa-esp-elf/esp-15.2.0_20251204/xtensa-esp-elf/bin/../xtensa-esp-elf --dynconfig=xtensa_esp32.so -o cmTC_dae1a -L/home/coder/.espressif/tools/xtensa-esp-elf/esp-15.2.0_20251204/xtensa-esp-elf/bin/../xtensa-esp-elf/../picolibc/lib/gcc/xtensa-esp-elf/15.2.0/esp32/no-rtti -L/home/coder/.espressif/tools/xtensa-esp-elf/esp-15.2.0_20251204/xtensa-esp-elf/bin/../xtensa-esp-elf/../picolibc/lib/gcc/xtensa-esp-elf/15.2.0 -L/home/coder/.espressif/tools/xtensa-esp-elf/esp-15.2.0_20251204/xtensa-esp-elf/bin/../lib/gcc/xtensa-esp-elf/15.2.0/esp32/no-rtti -L/home/coder/.espressif/tools/xtensa-esp-elf/esp-15.2.0_20251204/xtensa-esp-elf/bin/../lib/gcc/xtensa-esp-elf/15.2.0/../../../../xtensa-esp-elf/lib/esp32/no-rtti -L/home/coder/.espressif/tools/xtensa-esp-elf/esp-15.2.0_20251204/xtensa-esp-elf/bin/../xtensa-esp-elf/lib/esp32/no-rtti -L/home/coder/.espressif/tools/xtensa-esp-elf/esp-15.2.0_20251204/xtensa-esp-elf/bin/../lib/gcc/xtensa-esp-elf/15.2.0 -L/home/coder/.espressif/tools/xtensa-esp-elf/esp-15.2.0_20251204/xtensa-esp-elf/bin/../lib/gcc -L/home/coder/.espressif/tools/xtensa-esp-elf/esp-15.2.0_20251204/xtensa-esp-elf/bin/../lib/gcc/xtensa-esp-elf/15.2.0/../../../../xtensa-esp-elf/lib -L/home/coder/.espressif/tools/xtensa-esp-elf/esp-15.2.0_20251204/xtensa-esp-elf/bin/../xtensa-esp-elf/lib -L/home/coder/.espressif/tools/xtensa-esp-elf/esp-15.2.0_20251204/xtensa-esp-elf/bin/../xtensa-esp-elf/usr/lib @/tmp/ccgxtCSR -lgcc --start-group -lgcc -lc --end-group -lgcc]
    arg [/home/coder/.espressif/tools/xtensa-esp-elf/esp-15.2.0_20251204/xtensa-esp-elf/bin/../libexec/gcc/xtensa-esp-elf/15.2.0/collect2] ==> ignore
    arg [-plugin] ==> ignore
    arg [/home/coder/.espressif/tools/xtensa-esp-elf/esp-15.2.0_20251204/xtensa-esp-elf/bin/../libexec/gcc/xtensa-esp-elf/15.2.0/liblto_plugin.so] ==> ignore
    arg [-plugin-opt=/home/coder/.espressif/tools/xtensa-esp-elf/esp-15.2.0_20251204/xtensa-esp-elf/bin/../libexec/gcc/xtensa-esp-elf/15.2.0/lto-wrapper] ==> ignore
    arg [-plugin-opt=-fresolution=/tmp/ccxtYufF.res] ==> ignore
    arg [-plugin-opt=-pass-through=-lgcc] ==> ignore
    arg [-plugin-opt=-pass-through=-lgcc] ==> ignore
    arg [-plugin-opt=-pass-through=-lc] ==> ignore
    arg [-plugin-opt=-pass-through=-lgcc] ==> ignore
    arg [-L/home/coder/.espressif/tools/xtensa-esp-elf/esp-15.2.0_20251204/xtensa-esp-elf/bin/../xtensa-esp-elf/../picolibc/xtensa-esp-elf/lib/esp32/no-rtti] ==> dir [/home/coder/.espressif/tools/xtensa-esp-elf/esp-15.2.0_20251204/xtensa-esp-elf/bin/../xtensa-esp-elf/../picolibc/xtensa-esp-elf/lib/esp32/no-rtti]
    arg [-L/home/coder/.espressif/tools/xtensa-esp-elf/esp-15.2.0_20251204/xtensa-esp-elf/bin/../xtensa-esp-elf/../picolibc/xtensa-esp-elf/lib] ==> dir [/home/coder/.espressif/tools/xtensa-esp-elf/esp-15.2.0_20251204/xtensa-esp-elf/bin/../xtensa-esp-elf/../picolibc/xtensa-esp-elf/lib]
    arg [-Tpicolibc.ld] ==> ignore
    arg [--sysroot=/home/coder/.espressif/tools/xtensa-esp-elf/esp-15.2.0_20251204/xtensa-esp-elf/bin/../xtensa-esp-elf] ==> ignore
    arg [--dynconfig=xtensa_esp32.so] ==> ignore
    arg [-o] ==> ignore
    arg [cmTC_dae1a] ==> ignore
    arg [-L/home/coder/.espressif/tools/xtensa-esp-elf/esp-15.2.0_20251204/xtensa-esp-elf/bin/../xtensa-esp-elf/../picolibc/lib/gcc/xtensa-esp-elf/15.2.0/esp32/no-rtti] ==> dir [/home/coder/.espressif/tools/xtensa-esp-elf/esp-15.2.0_20251204/xtensa-esp-elf/bin/../xtensa-esp-elf/../picolibc/lib/gcc/xtensa-esp-elf/15.2.0/esp32/no-rtti]
    arg [-L/home/coder/.espressif/tools/xtensa-esp-elf/esp-15.2.0_20251204/xtensa-esp-elf/bin/../xtensa-esp-elf/../picolibc/lib/gcc/xtensa-esp-elf/15.2.0] ==> dir [/home/coder/.espressif/tools/xtensa-esp-elf/esp-15.2.0_20251204/xtensa-esp-elf/bin/../xtensa-esp-elf/../picolibc/lib/gcc/xtensa-esp-elf/15.2.0]
    arg [-L/home/coder/.espressif/tools/xtensa-esp-elf/esp-15.2.0_20251204/xtensa-esp-elf/bin/../lib/gcc/xtensa-esp-elf/15.2.0/esp32/no-rtti] ==> dir [/home/coder/.espressif/tools/xtensa-esp-elf/esp-15.2.0_20251204/xtensa-esp-elf/bin/../lib/gcc/xtensa-esp-elf/15.2.0/esp32/no-rtti]
    arg [-L/home/coder/.espressif/tools/xtensa-esp-elf/esp-15.2.0_20251204/xtensa-esp-elf/bin/../lib/gcc/xtensa-esp-elf/15.2.0/../../../../xtensa-esp-elf/lib/esp32/no-rtti] ==> dir [/home/coder/.espressif/tools/xtensa-esp-elf/esp-15.2.0_20251204/xtensa-esp-elf/bin/../lib/gcc/xtensa-esp-elf/15.2.0/../../../../xtensa-esp-elf/lib/esp32/no-rtti]
    arg [-L/home/coder/.espressif/tools/xtensa-esp-elf/esp-15.2.0_20251204/xtensa-esp-elf/bin/../xtensa-esp-elf/lib/esp32/no-rtti] ==> dir [/home/coder/.espressif/tools/xtensa-esp-elf/esp-15.2.0_20251204/xtensa-esp-elf/bin/../xtensa-esp-elf/lib/esp32/no-rtti]
    arg [-L/home/coder/.espressif/tools/xtensa-esp-elf/esp-15.2.0_20251204/xtensa-esp-elf/bin/../lib/gcc/xtensa-esp-elf/15.2.0] ==> dir [/home/coder/.espressif/tools/xtensa-esp-elf/esp-15.2.0_20251204/xtensa-esp-elf/bin/../lib/gcc/xtensa-esp-elf/15.2.0]
    arg [-L/home/coder/.espressif/tools/xtensa-esp-elf/esp-15.2.0_20251204/xtensa-esp-elf/bin/../lib/gcc] ==> dir [/home/coder/.espressif/tools/xtensa-esp-elf/esp-15.2.0_20251204/xtensa-esp-elf/bin/../lib/gcc]
    arg [-L/home/coder/.espressif/tools/xtensa-esp-elf/esp-15.2.0_20251204/xtensa-esp-elf/bin/../lib/gcc/xtensa-esp-elf/15.2.0/../../../../xtensa-esp-elf/lib] ==> dir [/home/coder/.espressif/tools/xtensa-esp-elf/esp-15.2.0_20251204/xtensa-esp-elf/bin/../lib/gcc/xtensa-esp-elf/15.2.0/../../../../xtensa-esp-elf/lib]
    arg [-L/home/coder/.espressif/tools/xtensa-esp-elf/esp-15.2.0_20251204/xtensa-esp-elf/bin/../xtensa-esp-elf/lib] ==> dir [/home/coder/.espressif/tools/xtensa-esp-elf/esp-15.2.0_20251204/xtensa-esp-elf/bin/../xtensa-esp-elf/lib]
    arg [-L/home/coder/.espressif/tools/xtensa-esp-elf/esp-15.2.0_20251204/xtensa-esp-elf/bin/../xtensa-esp-elf/usr/lib] ==> dir [/home/coder/.espressif/tools/xtensa-esp-elf/esp-15.2.0_20251204/xtensa-esp-elf/bin/../xtensa-esp-elf/usr/lib]
    arg [@/tmp/ccgxtCSR] ==> ignore
    arg [-lgcc] ==> lib [gcc]
    arg [--start-group] ==> ignore
    arg [-lgcc] ==> lib [gcc]
    arg [-lc] ==> lib [c]
    arg [--end-group] ==> ignore
    arg [-lgcc] ==> lib [gcc]
  collapse library dir [/home/coder/.espressif/tools/xtensa-esp-elf/esp-15.2.0_20251204/xtensa-esp-elf/bin/../xtensa-esp-elf/../picolibc/xtensa-esp-elf/lib/esp32/no-rtti] ==> [/home/coder/.espressif/tools/xtensa-esp-elf/esp-15.2.0_20251204/xtensa-esp-elf/picolibc/xtensa-esp-elf/lib/esp32/no-rtti]
  collapse library dir [/home/coder/.espressif/tools/xtensa-esp-elf/esp-15.2.0_20251204/xtensa-esp-elf/bin/../xtensa-esp-elf/../picolibc/xtensa-esp-elf/lib] ==> [/home/coder/.espressif/tools/xtensa-esp-elf/esp-15.2.0_20251204/xtensa-esp-elf/picolibc/xtensa-esp-elf/lib]
  collapse library dir [/home/coder/.espressif/tools/xtensa-esp-elf/esp-15.2.0_20251204/xtensa-esp-elf/bin/../xtensa-esp-elf/../picolibc/lib/gcc/xtensa-esp-elf/15.2.0/esp32/no-rtti] ==> [/home/coder/.espressif/tools/xtensa-esp-elf/esp-15.2.0_20251204/xtensa-esp-elf/picolibc/lib/gcc/xtensa-esp-elf/15.2.0/esp32/no-rtti]
  collapse library dir [/home/coder/.espressif/tools/xtensa-esp-elf/esp-15.2.0_20251204/xtensa-esp-elf/bin/../xtensa-esp-elf/../picolibc/lib/gcc/xtensa-esp-elf/15.2.0] ==> [/home/coder/.espressif/tools/xtensa-esp-elf/esp-15.2.0_20251204/xtensa-esp-elf/picolibc/lib/gcc/xtensa-esp-elf/15.2.0]
  collapse library dir [/home/coder/.espressif/tools/xtensa-esp-elf/esp-15.2.0_20251204/xtensa-esp-elf/bin/../lib/gcc/xtensa-esp-elf/15.2.0/esp32/no-rtti] ==> [/home/coder/.espressif/tools/xtensa-esp-elf/esp-15.2.0_20251204/xtensa-esp-elf/lib/gcc/xtensa-esp-elf/15.2.0/esp32/no-rtti]
  collapse library dir [/home/coder/.espressif/tools/xtensa-esp-elf/esp-15.2.0_20251204/xtensa-esp-elf/bin/../lib/gcc/xtensa-esp-elf/15.2.0/../../../../xtensa-esp-elf/lib/esp32/no-rtti] ==> [/home/coder/.espressif/tools/xtensa-esp-elf/esp-15.2.0_20251204/xtensa-esp-elf/xtensa-esp-elf/lib/esp32/no-rtti]
  collapse library dir [/home/coder/.espressif/tools/xtensa-esp-elf/esp-15.2.0_20251204/xtensa-esp-elf/bin/../xtensa-esp-elf/lib/esp32/no-rtti] ==> [/home/coder/.espressif/tools/xtensa-esp-elf/esp-15.2.0_20251204/xtensa-esp-elf/xtensa-esp-elf/lib/esp32/no-rtti]
  collapse library dir [/home/coder/.espressif/tools/xtensa-esp-elf/esp-15.2.0_20251204/xtensa-esp-elf/bin/../lib/gcc/xtensa-esp-elf/15.2.0] ==> [/home/coder/.espressif/tools/xtensa-esp-elf/esp-15.2.0_20251204/xtensa-esp-elf/lib/gcc/xtensa-esp-elf/15.2.0]
  collapse library dir [/home/coder/.espressif/tools/xtensa-esp-elf/esp-15.2.0_20251204/xtensa-esp-elf/bin/../lib/gcc] ==> [/home/coder/.espressif/tools/xtensa-esp-elf/esp-15.2.0_20251204/xtensa-esp-elf/lib/gcc]
  collapse library dir [/home/coder/.espressif/tools/xtensa-esp-elf/esp-15.2.0_20251204/xtensa-esp-elf/bin/../lib/gcc/xtensa-esp-elf/15.2.0/../../../../xtensa-esp-elf/lib] ==> [/home/coder/.espressif/tools/xtensa-esp-elf/esp-15.2.0_20251204/xtensa-esp-elf/xtensa-esp-elf/lib]
  collapse library dir [/home/coder/.espressif/tools/xtensa-esp-elf/esp-15.2.0_20251204/xtensa-esp-elf/bin/../xtensa-esp-elf/lib] ==> [/home/coder/.espressif/tools/xtensa-esp-elf/esp-15.2.0_20251204/xtensa-esp-elf/xtensa-esp-elf/lib]
  collapse library dir [/home/coder/.espressif/tools/xtensa-esp-elf/esp-15.2.0_20251204/xtensa-esp-elf/bin/../xtensa-esp-elf/usr/lib] ==> [/home/coder/.espressif/tools/xtensa-esp-elf/esp-15.2.0_20251204/xtensa-esp-elf/xtensa-esp-elf/usr/lib]
  implicit libs: [gcc;gcc;c;gcc]
  implicit objs: []
  implicit dirs: [/home/coder/.espressif/tools/xtensa-esp-elf/esp-15.2.0_20251204/xtensa-esp-elf/picolibc/xtensa-esp-elf/lib/esp32/no-rtti;/home/coder/.espressif/tools/xtensa-esp-elf/esp-15.2.0_20251204/xtensa-esp-elf/picolibc/xtensa-esp-elf/lib;/home/coder/.espressif/tools/xtensa-esp-elf/esp-15.2.0_20251204/xtensa-esp-elf/picolibc/lib/gcc/xtensa-esp-elf/15.2.0/esp32/no-rtti;/home/coder/.espressif/tools/xtensa-esp-elf/esp-15.2.0_20251204/xtensa-esp-elf/picolibc/lib/gcc/xtensa-esp-elf/15.2.0;/home/coder/.espressif/tools/xtensa-esp-elf/esp-15.2.0_20251204/xtensa-esp-elf/lib/gcc/xtensa-esp-elf/15.2.0/esp32/no-rtti;/home/coder/.espressif/tools/xtensa-esp-elf/esp-15.2.0_20251204/xtensa-esp-elf/xtensa-esp-elf/lib/esp32/no-rtti;/home/coder/.espressif/tools/xtensa-esp-elf/esp-15.2.0_20251204/xtensa-esp-elf/lib/gcc/xtensa-esp-elf/15.2.0;/home/coder/.espressif/tools/xtensa-esp-elf/esp-15.2.0_20251204/xtensa-esp-elf/lib/gcc;/home/coder/.espressif/tools/xtensa-esp-elf/esp-15.2.0_20251204/xtensa-esp-elf/xtensa-esp-elf/lib;/home/coder/.espressif/tools/xtensa-esp-elf/esp-15.2.0_20251204/xtensa-esp-elf/xtensa-esp-elf/usr/lib]
  implicit fwks: []


Detecting C compiler ABI info compiled with the following output:
Change Dir: /workspace/hello-wroom/build/bootloader/CMakeFiles/CMakeTmp

Run Build Command(s):/usr/bin/ninja cmTC_c3960 && [1/2] Building C object CMakeFiles/cmTC_c3960.dir/CMakeCCompilerABI.c.obj
Using built-in specs.
Reading specs from /workspace/hello-wroom/build/bootloader/specs/picolibc.specs
rename spec link to picolibc_link
rename spec link_libgcc to picolibc_link_libgcc
rename spec cpp to picolibc_cpp
rename spec cc1 to picolibc_cc1
rename spec cc1plus to picolibc_cc1plus
COLLECT_GCC=/home/coder/.espressif/tools/xtensa-esp-elf/esp-15.2.0_20251204/xtensa-esp-elf/bin/xtensa-esp-elf-gcc
Target: xtensa-esp-elf
Configured with: /builds/idf/crosstool-NG/.build/xtensa-esp-elf/src/gcc/configure --build=x86_64-build_pc-linux-gnu --host=x86_64-build_pc-linux-gnu --target=xtensa-esp-elf --prefix=/builds/idf/crosstool-NG/builds/xtensa-esp-elf --exec_prefix=/builds/idf/crosstool-NG/builds/xtensa-esp-elf --with-local-prefix=/builds/idf/crosstool-NG/builds/xtensa-esp-elf/xtensa-esp-elf --with-sysroot=/builds/idf/crosstool-NG/builds/xtensa-esp-elf/xtensa-esp-elf --with-native-system-header-dir=/include --with-headers=/builds/idf/crosstool-NG/builds/xtensa-esp-elf/xtensa-esp-elf/include --with-newlib --enable-threads=no --disable-shared --with-pkgversion='crosstool-NG esp-15.2.0_20251204' --disable-__cxa_atexit --enable-cxx-flags='-ffunction-sections -fdata-sections' --disable-libgomp --disable-libmudflap --disable-libmpx --disable-libssp --disable-libquadmath --disable-libquadmath-support --disable-libstdcxx-verbose --with-gmp=/builds/idf/crosstool-NG/.build/xtensa-esp-elf/buildtools --with-mpfr=/builds/idf/crosstool-NG/.build/xtensa-esp-elf/buildtools --with-mpc=/builds/idf/crosstool-NG/.build/xtensa-esp-elf/buildtools --with-isl=/builds/idf/crosstool-NG/.build/xtensa-esp-elf/buildtools --enable-lto --enable-target-optspace --without-long-double-128 --enable-plugin --disable-nls --enable-multiarch --enable-languages=c,c++ --disable-libstdcxx-verbose --enable-threads=posix --enable-libstdcxx-time=yes --disable-win32-utf8-manifest
Thread model: posix
Supported LTO compression algorithms: zlib zstd
gcc version 15.2.0 (crosstool-NG esp-15.2.0_20251204) 
COLLECT_GCC_OPTIONS='-mdynconfig=xtensa_esp32.so' '-specs=/workspace/hello-wroom/build/bootloader/specs/picolibc.specs' '-Wno-frame-address' '-mlongcalls' '-fno-builtin-memcpy' '-fno-builtin-memset' '-fno-builtin-bzero' '-v' '-o' 'CMakeFiles/cmTC_c3960.dir/CMakeCCompilerABI.c.obj' '-c' '-dumpdir' 'CMakeFiles/cmTC_c3960.dir/'
 /home/coder/.espressif/tools/xtensa-esp-elf/esp-15.2.0_20251204/xtensa-esp-elf/bin/../libexec/gcc/xtensa-esp-elf/15.2.0/cc1 -quiet -v -imultilib esp32 -iprefix /home/coder/.espressif/tools/xtensa-esp-elf/esp-15.2.0_20251204/xtensa-esp-elf/bin/../lib/gcc/xtensa-esp-elf/15.2.0/ -isysroot /home/coder/.espressif/tools/xtensa-esp-elf/esp-15.2.0_20251204/xtensa-esp-elf/bin/../xtensa-esp-elf -isystem /home/coder/.espressif/tools/xtensa-esp-elf/esp-15.2.0_20251204/xtensa-esp-elf/bin/../xtensa-esp-elf/../picolibc/include -isystem /home/coder/.espressif/tools/xtensa-esp-elf/esp-15.2.0_20251204/xtensa-esp-elf/bin/../xtensa-esp-elf/../picolibc/include/../xtensa-esp-elf/include/c++/15.2.0/xtensa-esp-elf/esp32 /usr/share/cmake-3.22/Modules/CMakeCCompilerABI.c -ftls-model=local-exec -quiet -dumpdir CMakeFiles/cmTC_c3960.dir/ -dumpbase CMakeCCompilerABI.c.c -dumpbase-ext .c -mdynconfig=xtensa_esp32.so -mlongcalls -Wno-frame-address -version -fno-builtin-memcpy -fno-builtin-memset -fno-builtin-bzero -o /tmp/ccHqZFbA.s
GNU C23 (crosstool-NG esp-15.2.0_20251204) version 15.2.0 (xtensa-esp-elf)
	compiled by GNU C version 6.3.0, GMP version 6.3.0, MPFR version 4.2.1, MPC version 1.3.1, isl version isl-0.26-GMP

GGC heuristics: --param ggc-min-expand=100 --param ggc-min-heapsize=131072
ignoring duplicate directory "/home/coder/.espressif/tools/xtensa-esp-elf/esp-15.2.0_20251204/xtensa-esp-elf/bin/../lib/gcc/../../lib/gcc/xtensa-esp-elf/15.2.0/include"
ignoring nonexistent directory "/home/coder/.espressif/tools/xtensa-esp-elf/esp-15.2.0_20251204/xtensa-esp-elf/bin/../xtensa-esp-elf/builds/idf/crosstool-NG/builds/xtensa-esp-elf/xtensa-esp-elf/include"
ignoring duplicate directory "/home/coder/.espressif/tools/xtensa-esp-elf/esp-15.2.0_20251204/xtensa-esp-elf/bin/../lib/gcc/../../lib/gcc/xtensa-esp-elf/15.2.0/include-fixed"
ignoring duplicate directory "/home/coder/.espressif/tools/xtensa-esp-elf/esp-15.2.0_20251204/xtensa-esp-elf/bin/../lib/gcc/../../lib/gcc/xtensa-esp-elf/15.2.0/../../../../xtensa-esp-elf/include"
ignoring duplicate directory "/home/coder/.espressif/tools/xtensa-esp-elf/esp-15.2.0_20251204/xtensa-esp-elf/bin/../xtensa-esp-elf/include"
#include "..." search starts here:
#include <...> search starts here:
 /home/coder/.espressif/tools/xtensa-esp-elf/esp-15.2.0_20251204/xtensa-esp-elf/bin/../xtensa-esp-elf/../picolibc/include
 /home/coder/.espressif/tools/xtensa-esp-elf/esp-15.2.0_20251204/xtensa-esp-elf/bin/../xtensa-esp-elf/../picolibc/include/../xtensa-esp-elf/include/c++/15.2.0/xtensa-esp-elf/esp32
 /home/coder/.espressif/tools/xtensa-esp-elf/esp-15.2.0_20251204/xtensa-esp-elf/bin/../lib/gcc/xtensa-esp-elf/15.2.0/include
 /home/coder/.espressif/tools/xtensa-esp-elf/esp-15.2.0_20251204/xtensa-esp-elf/bin/../lib/gcc/xtensa-esp-elf/15.2.0/include-fixed
 /home/coder/.espressif/tools/xtensa-esp-elf/esp-15.2.0_20251204/xtensa-esp-elf/bin/../lib/gcc/xtensa-esp-elf/15.2.0/../../../../xtensa-esp-elf/include
End of search list.
Compiler executable checksum: 023236c824ceaa5629805e8d1b1d2049
COLLECT_GCC_OPTIONS='-mdynconfig=xtensa_esp32.so' '-specs=/workspace/hello-wroom/build/bootloader/specs/picolibc.specs' '-Wno-frame-address' '-mlongcalls' '-fno-builtin-memcpy' '-fno-builtin-memset' '-fno-builtin-bzero' '-v' '-o' 'CMakeFiles/cmTC_c3960.dir/CMakeCCompilerABI.c.obj' '-c' '-dumpdir' 'CMakeFiles/cmTC_c3960.dir/'
 /home/coder/.espressif/tools/xtensa-esp-elf/esp-15.2.0_20251204/xtensa-esp-elf/bin/../lib/gcc/xtensa-esp-elf/15.2.0/../../../../xtensa-esp-elf/bin/as --traditional-format --longcalls --dynconfig=xtensa_esp32.so -o CMakeFiles/cmTC_c3960.dir/CMakeCCompilerABI.c.obj /tmp/ccHqZFbA.s
COMPILER_PATH=/home/coder/.espressif/tools/xtensa-esp-elf/esp-15.2.0_20251204/xtensa-esp-elf/bin/../libexec/gcc/xtensa-esp-elf/15.2.0/:/home/coder/.espressif/tools/xtensa-esp-elf/esp-15.2.0_20251204/xtensa-esp-elf/bin/../libexec/gcc/:/home/coder/.espressif/tools/xtensa-esp-elf/esp-15.2.0_20251204/xtensa-esp-elf/bin/../lib/gcc/xtensa-esp-elf/15.2.0/../../../../xtensa-esp-elf/bin/
LIBRARY_PATH=/home/coder/.espressif/tools/xtensa-esp-elf/esp-15.2.0_20251204/xtensa-esp-elf/bin/../lib/gcc/xtensa-esp-elf/15.2.0/esp32/:/home/coder/.espressif/tools/xtensa-esp-elf/esp-15.2.0_20251204/xtensa-esp-elf/bin/../lib/gcc/xtensa-esp-elf/15.2.0/../../../../xtensa-esp-elf/lib/esp32/:/home/coder/.espressif/tools/xtensa-esp-elf/esp-15.2.0_20251204/xtensa-esp-elf/bin/../xtensa-esp-elf/lib/esp32/:/home/coder/.espressif/tools/xtensa-esp-elf/esp-15.2.0_20251204/xtensa-esp-elf/bin/../lib/gcc/xtensa-esp-elf/15.2.0/:/home/coder/.espressif/tools/xtensa-esp-elf/esp-15.2.0_20251204/xtensa-esp-elf/bin/../lib/gcc/:/home/coder/.espressif/tools/xtensa-esp-elf/esp-15.2.0_20251204/xtensa-esp-elf/bin/../lib/gcc/xtensa-esp-elf/15.2.0/../../../../xtensa-esp-elf/lib/:/home/coder/.espressif/tools/xtensa-esp-elf/esp-15.2.0_20251204/xtensa-esp-elf/bin/../xtensa-esp-elf/lib/:/home/coder/.espressif/tools/xtensa-esp-elf/esp-15.2.0_20251204/xtensa-esp-elf/bin/../xtensa-esp-elf/usr/lib/
COLLECT_GCC_OPTIONS='-mdynconfig=xtensa_esp32.so' '-specs=/workspace/hello-wroom/build/bootloader/specs/picolibc.specs' '-Wno-frame-address' '-mlongcalls' '-fno-builtin-memcpy' '-fno-builtin-memset' '-fno-builtin-bzero' '-v' '-o' 'CMakeFiles/cmTC_c3960.dir/CMakeCCompilerABI.c.obj' '-c' '-dumpdir' 'CMakeFiles/cmTC_c3960.dir/CMakeCCompilerABI.c.'
[2/2] Linking C executable cmTC_c3960
Using built-in specs.
Reading specs from /workspace/hello-wroom/build/bootloader/specs/picolibc.specs
rename spec link to picolibc_link
rename spec link_libgcc to picolibc_link_libgcc
rename spec cpp to picolibc_cpp
rename spec cc1 to picolibc_cc1
rename spec cc1plus to picolibc_cc1plus
COLLECT_GCC=/home/coder/.espressif/tools/xtensa-esp-elf/esp-15.2.0_20251204/xtensa-esp-elf/bin/xtensa-esp-elf-gcc
COLLECT_LTO_WRAPPER=/home/coder/.espressif/tools/xtensa-esp-elf/esp-15.2.0_20251204/xtensa-esp-elf/bin/../libexec/gcc/xtensa-esp-elf/15.2.0/lto-wrapper
Target: xtensa-esp-elf
Configured with: /builds/idf/crosstool-NG/.build/xtensa-esp-elf/src/gcc/configure --build=x86_64-build_pc-linux-gnu --host=x86_64-build_pc-linux-gnu --target=xtensa-esp-elf --prefix=/builds/idf/crosstool-NG/builds/xtensa-esp-elf --exec_prefix=/builds/idf/crosstool-NG/builds/xtensa-esp-elf --with-local-prefix=/builds/idf/crosstool-NG/builds/xtensa-esp-elf/xtensa-esp-elf --with-sysroot=/builds/idf/crosstool-NG/builds/xtensa-esp-elf/xtensa-esp-elf --with-native-system-header-dir=/include --with-headers=/builds/idf/crosstool-NG/builds/xtensa-esp-elf/xtensa-esp-elf/include --with-newlib --enable-threads=no --disable-shared --with-pkgversion='crosstool-NG esp-15.2.0_20251204' --disable-__cxa_atexit --enable-cxx-flags='-ffunction-sections -fdata-sections' --disable-libgomp --disable-libmudflap --disable-libmpx --disable-libssp --disable-libquadmath --disable-libquadmath-support --disable-libstdcxx-verbose --with-gmp=/builds/idf/crosstool-NG/.build/xtensa-esp-elf/buildtools --with-mpfr=/builds/idf/crosstool-NG/.build/xtensa-esp-elf/buildtools --with-mpc=/builds/idf/crosstool-NG/.build/xtensa-esp-elf/buildtools --with-isl=/builds/idf/crosstool-NG/.build/xtensa-esp-elf/buildtools --enable-lto --enable-target-optspace --without-long-double-128 --enable-plugin --disable-nls --enable-multiarch --enable-languages=c,c++ --disable-libstdcxx-verbose --enable-threads=posix --enable-libstdcxx-time=yes --disable-win32-utf8-manifest
Thread model: posix
Supported LTO compression algorithms: zlib zstd
gcc version 15.2.0 (crosstool-NG esp-15.2.0_20251204) 
COMPILER_PATH=/home/coder/.espressif/tools/xtensa-esp-elf/esp-15.2.0_20251204/xtensa-esp-elf/bin/../libexec/gcc/xtensa-esp-elf/15.2.0/:/home/coder/.espressif/tools/xtensa-esp-elf/esp-15.2.0_20251204/xtensa-esp-elf/bin/../libexec/gcc/:/home/coder/.espressif/tools/xtensa-esp-elf/esp-15.2.0_20251204/xtensa-esp-elf/bin/../lib/gcc/xtensa-esp-elf/15.2.0/../../../../xtensa-esp-elf/bin/
LIBRARY_PATH=/home/coder/.espressif/tools/xtensa-esp-elf/esp-15.2.0_20251204/xtensa-esp-elf/bin/../lib/gcc/xtensa-esp-elf/15.2.0/esp32/no-rtti/:/home/coder/.espressif/tools/xtensa-esp-elf/esp-15.2.0_20251204/xtensa-esp-elf/bin/../lib/gcc/xtensa-esp-elf/15.2.0/../../../../xtensa-esp-elf/lib/esp32/no-rtti/:/home/coder/.espressif/tools/xtensa-esp-elf/esp-15.2.0_20251204/xtensa-esp-elf/bin/../xtensa-esp-elf/lib/esp32/no-rtti/:/home/coder/.espressif/tools/xtensa-esp-elf/esp-15.2.0_20251204/xtensa-esp-elf/bin/../lib/gcc/xtensa-esp-elf/15.2.0/:/home/coder/.espressif/tools/xtensa-esp-elf/esp-15.2.0_20251204/xtensa-esp-elf/bin/../lib/gcc/:/home/coder/.espressif/tools/xtensa-esp-elf/esp-15.2.0_20251204/xtensa-esp-elf/bin/../lib/gcc/xtensa-esp-elf/15.2.0/../../../../xtensa-esp-elf/lib/:/home/coder/.espressif/tools/xtensa-esp-elf/esp-15.2.0_20251204/xtensa-esp-elf/bin/../xtensa-esp-elf/lib/:/home/coder/.espressif/tools/xtensa-esp-elf/esp-15.2.0_20251204/xtensa-esp-elf/bin/../xtensa-esp-elf/usr/lib/
COLLECT_GCC_OPTIONS='-mdynconfig=xtensa_esp32.so' '-specs=/workspace/hello-wroom/build/bootloader/specs/picolibc.specs' '-Wno-frame-address' '-mlongcalls' '-fno-builtin-memcpy' '-fno-builtin-memset' '-fno-builtin-bzero' '-nostartfiles' '-fno-rtti' '-v' '-o' 'cmTC_c3960' '-dumpdir' 'cmTC_c3960.'
 /home/coder/.espressif/tools/xtensa-esp-elf/esp-15.2.0_20251204/xtensa-esp-elf/bin/../libexec/gcc/xtensa-esp-elf/15.2.0/collect2 -plugin /home/coder/.espressif/tools/xtensa-esp-elf/esp-15.2.0_20251204/xtensa-esp-elf/bin/../libexec/gcc/xtensa-esp-elf/15.2.0/liblto_plugin.so -plugin-opt=/home/coder/.espressif/tools/xtensa-esp-elf/esp-15.2.0_20251204/xtensa-esp-elf/bin/../libexec/gcc/xtensa-esp-elf/15.2.0/lto-wrapper -plugin-opt=-fresolution=/tmp/cc07DvQY.res -plugin-opt=-pass-through=-lgcc -plugin-opt=-pass-through=-lgcc -plugin-opt=-pass-through=-lc -plugin-opt=-pass-through=-lgcc -L/home/coder/.espressif/tools/xtensa-esp-elf/esp-15.2.0_20251204/xtensa-esp-elf/bin/../xtensa-esp-elf/../picolibc/xtensa-esp-elf/lib/esp32/no-rtti -L/home/coder/.espressif/tools/xtensa-esp-elf/esp-15.2.0_20251204/xtensa-esp-elf/bin/../xtensa-esp-elf/../picolibc/xtensa-esp-elf/lib -Tpicolibc.ld --sysroot=/home/coder/.espressif/tools/xtensa-esp-elf/esp-15.2.0_20251204/xtensa-esp-elf/bin/../xtensa-esp-elf --dynconfig=xtensa_esp32.so -o cmTC_c3960 -L/home/coder/.espressif/tools/xtensa-esp-elf/esp-15.2.0_20251204/xtensa-esp-elf/bin/../xtensa-esp-elf/../picolibc/lib/gcc/xtensa-esp-elf/15.2.0/esp32/no-rtti -L/home/coder/.espressif/tools/xtensa-esp-elf/esp-15.2.0_20251204/xtensa-esp-elf/bin/../xtensa-esp-elf/../picolibc/lib/gcc/xtensa-esp-elf/15.2.0 -L/home/coder/.espressif/tools/xtensa-esp-elf/esp-15.2.0_20251204/xtensa-esp-elf/bin/../lib/gcc/xtensa-esp-elf/15.2.0/esp32/no-rtti -L/home/coder/.espressif/tools/xtensa-esp-elf/esp-15.2.0_20251204/xtensa-esp-elf/bin/../lib/gcc/xtensa-esp-elf/15.2.0/../../../../xtensa-esp-elf/lib/esp32/no-rtti -L/home/coder/.espressif/tools/xtensa-esp-elf/esp-15.2.0_20251204/xtensa-esp-elf/bin/../xtensa-esp-elf/lib/esp32/no-rtti -L/home/coder/.espressif/tools/xtensa-esp-elf/esp-15.2.0_20251204/xtensa-esp-elf/bin/../lib/gcc/xtensa-esp-elf/15.2.0 -L/home/coder/.espressif/tools/xtensa-esp-elf/esp-15.2.0_20251204/xtensa-esp-elf/bin/../lib/gcc -L/home/coder/.espressif/tools/xtensa-esp-elf/esp-15.2.0_20251204/xtensa-esp-elf/bin/../lib/gcc/xtensa-esp-elf/15.2.0/../../../../xtensa-esp-elf/lib -L/home/coder/.espressif/tools/xtensa-esp-elf/esp-15.2.0_20251204/xtensa-esp-elf/bin/../xtensa-esp-elf/lib -L/home/coder/.espressif/tools/xtensa-esp-elf/esp-15.2.0_20251204/xtensa-esp-elf/bin/../xtensa-esp-elf/usr/lib @/tmp/ccC9ixLb -lgcc --start-group -lgcc -lc --end-group -lgcc
/home/coder/.espressif/tools/xtensa-esp-elf/esp-15.2.0_20251204/xtensa-esp-elf/bin/../lib/gcc/xtensa-esp-elf/15.2.0/../../../../xtensa-esp-elf/bin/ld: warning: cannot find entry symbol _start; defaulting to 10000000
COLLECT_GCC_OPTIONS='-mdynconfig=xtensa_esp32.so' '-specs=/workspace/hello-wroom/build/bootloader/specs/picolibc.specs' '-Wno-frame-address' '-mlongcalls' '-fno-builtin-memcpy' '-fno-builtin-memset' '-fno-builtin-bzero' '-nostartfiles' '-fno-rtti' '-v' '-o' 'cmTC_c3960' '-dumpdir' 'cmTC_c3960.'



Parsed C implicit include dir info from above output: rv=done
  found start of include info
  found start of implicit include info
    add: [/home/coder/.espressif/tools/xtensa-esp-elf/esp-15.2.0_20251204/xtensa-esp-elf/bin/../xtensa-esp-elf/../picolibc/include]
    add: [/home/coder/.espressif/tools/xtensa-esp-elf/esp-15.2.0_20251204/xtensa-esp-elf/bin/../xtensa-esp-elf/../picolibc/include/../xtensa-esp-elf/include/c++/15.2.0/xtensa-esp-elf/esp32]
    add: [/home/coder/.espressif/tools/xtensa-esp-elf/esp-15.2.0_20251204/xtensa-esp-elf/bin/../lib/gcc/xtensa-esp-elf/15.2.0/include]
    add: [/home/coder/.espressif/tools/xtensa-esp-elf/esp-15.2.0_20251204/xtensa-esp-elf/bin/../lib/gcc/xtensa-esp-elf/15.2.0/include-fixed]
    add: [/home/coder/.espressif/tools/xtensa-esp-elf/esp-15.2.0_20251204/xtensa-esp-elf/bin/../lib/gcc/xtensa-esp-elf/15.2.0/../../../../xtensa-esp-elf/include]
  end of search list found
  collapse include dir [/home/coder/.espressif/tools/xtensa-esp-elf/esp-15.2.0_20251204/xtensa-esp-elf/bin/../xtensa-esp-elf/../picolibc/include] ==> [/home/coder/.espressif/tools/xtensa-esp-elf/esp-15.2.0_20251204/xtensa-esp-elf/picolibc/include]
  collapse include dir [/home/coder/.espressif/tools/xtensa-esp-elf/esp-15.2.0_20251204/xtensa-esp-elf/bin/../xtensa-esp-elf/../picolibc/include/../xtensa-esp-elf/include/c++/15.2.0/xtensa-esp-elf/esp32] ==> [/home/coder/.espressif/tools/xtensa-esp-elf/esp-15.2.0_20251204/xtensa-esp-elf/picolibc/xtensa-esp-elf/include/c++/15.2.0/xtensa-esp-elf/esp32]
  collapse include dir [/home/coder/.espressif/tools/xtensa-esp-elf/esp-15.2.0_20251204/xtensa-esp-elf/bin/../lib/gcc/xtensa-esp-elf/15.2.0/include] ==> [/home/coder/.espressif/tools/xtensa-esp-elf/esp-15.2.0_20251204/xtensa-esp-elf/lib/gcc/xtensa-esp-elf/15.2.0/include]
  collapse include dir [/home/coder/.espressif/tools/xtensa-esp-elf/esp-15.2.0_20251204/xtensa-esp-elf/bin/../lib/gcc/xtensa-esp-elf/15.2.0/include-fixed] ==> [/home/coder/.espressif/tools/xtensa-esp-elf/esp-15.2.0_20251204/xtensa-esp-elf/lib/gcc/xtensa-esp-elf/15.2.0/include-fixed]
  collapse include dir [/home/coder/.espressif/tools/xtensa-esp-elf/esp-15.2.0_20251204/xtensa-esp-elf/bin/../lib/gcc/xtensa-esp-elf/15.2.0/../../../../xtensa-esp-elf/include] ==> [/home/coder/.espressif/tools/xtensa-esp-elf/esp-15.2.0_20251204/xtensa-esp-elf/xtensa-esp-elf/include]
  implicit include dirs: [/home/coder/.espressif/tools/xtensa-esp-elf/esp-15.2.0_20251204/xtensa-esp-elf/picolibc/include;/home/coder/.espressif/tools/xtensa-esp-elf/esp-15.2.0_20251204/xtensa-esp-elf/picolibc/xtensa-esp-elf/include/c++/15.2.0/xtensa-esp-elf/esp32;/home/coder/.espressif/tools/xtensa-esp-elf/esp-15.2.0_20251204/xtensa-esp-elf/lib/gcc/xtensa-esp-elf/15.2.0/include;/home/coder/.espressif/tools/xtensa-esp-elf/esp-15.2.0_20251204/xtensa-esp-elf/lib/gcc/xtensa-esp-elf/15.2.0/include-fixed;/home/coder/.espressif/tools/xtensa-esp-elf/esp-15.2.0_20251204/xtensa-esp-elf/xtensa-esp-elf/include]


Parsed C implicit link information from above output:
  link line regex: [^( *|.*[/\])(xtensa-esp32-elf-ld|CMAKE_LINK_STARTFILE-NOTFOUND|([^/\]+-)?ld|collect2)[^/\]*( |$)]
  ignore line: [Change Dir: /workspace/hello-wroom/build/bootloader/CMakeFiles/CMakeTmp]
  ignore line: []
  ignore line: [Run Build Command(s):/usr/bin/ninja cmTC_c3960 && [1/2] Building C object CMakeFiles/cmTC_c3960.dir/CMakeCCompilerABI.c.obj]
  ignore line: [Using built-in specs.]
  ignore line: [Reading specs from /workspace/hello-wroom/build/bootloader/specs/picolibc.specs]
  ignore line: [rename spec link to picolibc_link]
  ignore line: [rename spec link_libgcc to picolibc_link_libgcc]
  ignore line: [rename spec cpp to picolibc_cpp]
  ignore line: [rename spec cc1 to picolibc_cc1]
  ignore line: [rename spec cc1plus to picolibc_cc1plus]
  ignore line: [COLLECT_GCC=/home/coder/.espressif/tools/xtensa-esp-elf/esp-15.2.0_20251204/xtensa-esp-elf/bin/xtensa-esp-elf-gcc]
  ignore line: [Target: xtensa-esp-elf]
  ignore line: [Configured with: /builds/idf/crosstool-NG/.build/xtensa-esp-elf/src/gcc/configure --build=x86_64-build_pc-linux-gnu --host=x86_64-build_pc-linux-gnu --target=xtensa-esp-elf --prefix=/builds/idf/crosstool-NG/builds/xtensa-esp-elf --exec_prefix=/builds/idf/crosstool-NG/builds/xtensa-esp-elf --with-local-prefix=/builds/idf/crosstool-NG/builds/xtensa-esp-elf/xtensa-esp-elf --with-sysroot=/builds/idf/crosstool-NG/builds/xtensa-esp-elf/xtensa-esp-elf --with-native-system-header-dir=/include --with-headers=/builds/idf/crosstool-NG/builds/xtensa-esp-elf/xtensa-esp-elf/include --with-newlib --enable-threads=no --disable-shared --with-pkgversion='crosstool-NG esp-15.2.0_20251204' --disable-__cxa_atexit --enable-cxx-flags='-ffunction-sections -fdata-sections' --disable-libgomp --disable-libmudflap --disable-libmpx --disable-libssp --disable-libquadmath --disable-libquadmath-support --disable-libstdcxx-verbose --with-gmp=/builds/idf/crosstool-NG/.build/xtensa-esp-elf/buildtools --with-mpfr=/builds/idf/crosstool-NG/.build/xtensa-esp-elf/buildtools --with-mpc=/builds/idf/crosstool-NG/.build/xtensa-esp-elf/buildtools --with-isl=/builds/idf/crosstool-NG/.build/xtensa-esp-elf/buildtools --enable-lto --enable-target-optspace --without-long-double-128 --enable-plugin --disable-nls --enable-multiarch --enable-languages=c c++ --disable-libstdcxx-verbose --enable-threads=posix --enable-libstdcxx-time=yes --disable-win32-utf8-manifest]
  ignore line: [Thread model: posix]
  ignore line: [Supported LTO compression algorithms: zlib zstd]
  ignore line: [gcc version 15.2.0 (crosstool-NG esp-15.2.0_20251204) ]
  ignore line: [COLLECT_GCC_OPTIONS='-mdynconfig=xtensa_esp32.so' '-specs=/workspace/hello-wroom/build/bootloader/specs/picolibc.specs' '-Wno-frame-address' '-mlongcalls' '-fno-builtin-memcpy' '-fno-builtin-memset' '-fno-builtin-bzero' '-v' '-o' 'CMakeFiles/cmTC_c3960.dir/CMakeCCompilerABI.c.obj' '-c' '-dumpdir' 'CMakeFiles/cmTC_c3960.dir/']
  ignore line: [ /home/coder/.espressif/tools/xtensa-esp-elf/esp-15.2.0_20251204/xtensa-esp-elf/bin/../libexec/gcc/xtensa-esp-elf/15.2.0/cc1 -quiet -v -imultilib esp32 -iprefix /home/coder/.espressif/tools/xtensa-esp-elf/esp-15.2.0_20251204/xtensa-esp-elf/bin/../lib/gcc/xtensa-esp-elf/15.2.0/ -isysroot /home/coder/.espressif/tools/xtensa-esp-elf/esp-15.2.0_20251204/xtensa-esp-elf/bin/../xtensa-esp-elf -isystem /home/coder/.espressif/tools/xtensa-esp-elf/esp-15.2.0_20251204/xtensa-esp-elf/bin/../xtensa-esp-elf/../picolibc/include -isystem /home/coder/.espressif/tools/xtensa-esp-elf/esp-15.2.0_20251204/xtensa-esp-elf/bin/../xtensa-esp-elf/../picolibc/include/../xtensa-esp-elf/include/c++/15.2.0/xtensa-esp-elf/esp32 /usr/share/cmake-3.22/Modules/CMakeCCompilerABI.c -ftls-model=local-exec -quiet -dumpdir CMakeFiles/cmTC_c3960.dir/ -dumpbase CMakeCCompilerABI.c.c -dumpbase-ext .c -mdynconfig=xtensa_esp32.so -mlongcalls -Wno-frame-address -version -fno-builtin-memcpy -fno-builtin-memset -fno-builtin-bzero -o /tmp/ccHqZFbA.s]
  ignore line: [GNU C23 (crosstool-NG esp-15.2.0_20251204) version 15.2.0 (xtensa-esp-elf)]
  ignore line: [	compiled by GNU C version 6.3.0  GMP version 6.3.0  MPFR version 4.2.1  MPC version 1.3.1  isl version isl-0.26-GMP]
  ignore line: []
  ignore line: [GGC heuristics: --param ggc-min-expand=100 --param ggc-min-heapsize=131072]
  ignore line: [ignoring duplicate directory "/home/coder/.espressif/tools/xtensa-esp-elf/esp-15.2.0_20251204/xtensa-esp-elf/bin/../lib/gcc/../../lib/gcc/xtensa-esp-elf/15.2.0/include"]
  ignore line: [ignoring nonexistent directory "/home/coder/.espressif/tools/xtensa-esp-elf/esp-15.2.0_20251204/xtensa-esp-elf/bin/../xtensa-esp-elf/builds/idf/crosstool-NG/builds/xtensa-esp-elf/xtensa-esp-elf/include"]
  ignore line: [ignoring duplicate directory "/home/coder/.espressif/tools/xtensa-esp-elf/esp-15.2.0_20251204/xtensa-esp-elf/bin/../lib/gcc/../../lib/gcc/xtensa-esp-elf/15.2.0/include-fixed"]
  ignore line: [ignoring duplicate directory "/home/coder/.espressif/tools/xtensa-esp-elf/esp-15.2.0_20251204/xtensa-esp-elf/bin/../lib/gcc/../../lib/gcc/xtensa-esp-elf/15.2.0/../../../../xtensa-esp-elf/include"]
  ignore line: [ignoring duplicate directory "/home/coder/.espressif/tools/xtensa-esp-elf/esp-15.2.0_20251204/xtensa-esp-elf/bin/../xtensa-esp-elf/include"]
  ignore line: [#include "..." search starts here:]
  ignore line: [#include <...> search starts here:]
  ignore line: [ /home/coder/.espressif/tools/xtensa-esp-elf/esp-15.2.0_20251204/xtensa-esp-elf/bin/../xtensa-esp-elf/../picolibc/include]
  ignore line: [ /home/coder/.espressif/tools/xtensa-esp-elf/esp-15.2.0_20251204/xtensa-esp-elf/bin/../xtensa-esp-elf/../picolibc/include/../xtensa-esp-elf/include/c++/15.2.0/xtensa-esp-elf/esp32]
  ignore line: [ /home/coder/.espressif/tools/xtensa-esp-elf/esp-15.2.0_20251204/xtensa-esp-elf/bin/../lib/gcc/xtensa-esp-elf/15.2.0/include]
  ignore line: [ /home/coder/.espressif/tools/xtensa-esp-elf/esp-15.2.0_20251204/xtensa-esp-elf/bin/../lib/gcc/xtensa-esp-elf/15.2.0/include-fixed]
  ignore line: [ /home/coder/.espressif/tools/xtensa-esp-elf/esp-15.2.0_20251204/xtensa-esp-elf/bin/../lib/gcc/xtensa-esp-elf/15.2.0/../../../../xtensa-esp-elf/include]
  ignore line: [End of search list.]
  ignore line: [Compiler executable checksum: 023236c824ceaa5629805e8d1b1d2049]
  ignore line: [COLLECT_GCC_OPTIONS='-mdynconfig=xtensa_esp32.so' '-specs=/workspace/hello-wroom/build/bootloader/specs/picolibc.specs' '-Wno-frame-address' '-mlongcalls' '-fno-builtin-memcpy' '-fno-builtin-memset' '-fno-builtin-bzero' '-v' '-o' 'CMakeFiles/cmTC_c3960.dir/CMakeCCompilerABI.c.obj' '-c' '-dumpdir' 'CMakeFiles/cmTC_c3960.dir/']
  ignore line: [ /home/coder/.espressif/tools/xtensa-esp-elf/esp-15.2.0_20251204/xtensa-esp-elf/bin/../lib/gcc/xtensa-esp-elf/15.2.0/../../../../xtensa-esp-elf/bin/as --traditional-format --longcalls --dynconfig=xtensa_esp32.so -o CMakeFiles/cmTC_c3960.dir/CMakeCCompilerABI.c.obj /tmp/ccHqZFbA.s]
  ignore line: [COMPILER_PATH=/home/coder/.espressif/tools/xtensa-esp-elf/esp-15.2.0_20251204/xtensa-esp-elf/bin/../libexec/gcc/xtensa-esp-elf/15.2.0/:/home/coder/.espressif/tools/xtensa-esp-elf/esp-15.2.0_20251204/xtensa-esp-elf/bin/../libexec/gcc/:/home/coder/.espressif/tools/xtensa-esp-elf/esp-15.2.0_20251204/xtensa-esp-elf/bin/../lib/gcc/xtensa-esp-elf/15.2.0/../../../../xtensa-esp-elf/bin/]
  ignore line: [LIBRARY_PATH=/home/coder/.espressif/tools/xtensa-esp-elf/esp-15.2.0_20251204/xtensa-esp-elf/bin/../lib/gcc/xtensa-esp-elf/15.2.0/esp32/:/home/coder/.espressif/tools/xtensa-esp-elf/esp-15.2.0_20251204/xtensa-esp-elf/bin/../lib/gcc/xtensa-esp-elf/15.2.0/../../../../xtensa-esp-elf/lib/esp32/:/home/coder/.espressif/tools/xtensa-esp-elf/esp-15.2.0_20251204/xtensa-esp-elf/bin/../xtensa-esp-elf/lib/esp32/:/home/coder/.espressif/tools/xtensa-esp-elf/esp-15.2.0_20251204/xtensa-esp-elf/bin/../lib/gcc/xtensa-esp-elf/15.2.0/:/home/coder/.espressif/tools/xtensa-esp-elf/esp-15.2.0_20251204/xtensa-esp-elf/bin/../lib/gcc/:/home/coder/.espressif/tools/xtensa-esp-elf/esp-15.2.0_20251204/xtensa-esp-elf/bin/../lib/gcc/xtensa-esp-elf/15.2.0/../../../../xtensa-esp-elf/lib/:/home/coder/.espressif/tools/xtensa-esp-elf/esp-15.2.0_20251204/xtensa-esp-elf/bin/../xtensa-esp-elf/lib/:/home/coder/.espressif/tools/xtensa-esp-elf/esp-15.2.0_20251204/xtensa-esp-elf/bin/../xtensa-esp-elf/usr/lib/]
  ignore line: [COLLECT_GCC_OPTIONS='-mdynconfig=xtensa_esp32.so' '-specs=/workspace/hello-wroom/build/bootloader/specs/picolibc.specs' '-Wno-frame-address' '-mlongcalls' '-fno-builtin-memcpy' '-fno-builtin-memset' '-fno-builtin-bzero' '-v' '-o' 'CMakeFiles/cmTC_c3960.dir/CMakeCCompilerABI.c.obj' '-c' '-dumpdir' 'CMakeFiles/cmTC_c3960.dir/CMakeCCompilerABI.c.']
  ignore line: [[2/2] Linking C executable cmTC_c3960]
  ignore line: [Using built-in specs.]
  ignore line: [Reading specs from /workspace/hello-wroom/build/bootloader/specs/picolibc.specs]
  ignore line: [rename spec link to picolibc_link]
  ignore line: [rename spec link_libgcc to picolibc_link_libgcc]
  ignore line: [rename spec cpp to picolibc_cpp]
  ignore line: [rename spec cc1 to picolibc_cc1]
  ignore line: [rename spec cc1plus to picolibc_cc1plus]
  ignore line: [COLLECT_GCC=/home/coder/.espressif/tools/xtensa-esp-elf/esp-15.2.0_20251204/xtensa-esp-elf/bin/xtensa-esp-elf-gcc]
  ignore line: [COLLECT_LTO_WRAPPER=/home/coder/.espressif/tools/xtensa-esp-elf/esp-15.2.0_20251204/xtensa-esp-elf/bin/../libexec/gcc/xtensa-esp-elf/15.2.0/lto-wrapper]
  ignore line: [Target: xtensa-esp-elf]
  ignore line: [Configured with: /builds/idf/crosstool-NG/.build/xtensa-esp-elf/src/gcc/configure --build=x86_64-build_pc-linux-gnu --host=x86_64-build_pc-linux-gnu --target=xtensa-esp-elf --prefix=/builds/idf/crosstool-NG/builds/xtensa-esp-elf --exec_prefix=/builds/idf/crosstool-NG/builds/xtensa-esp-elf --with-local-prefix=/builds/idf/crosstool-NG/builds/xtensa-esp-elf/xtensa-esp-elf --with-sysroot=/builds/idf/crosstool-NG/builds/xtensa-esp-elf/xtensa-esp-elf --with-native-system-header-dir=/include --with-headers=/builds/idf/crosstool-NG/builds/xtensa-esp-elf/xtensa-esp-elf/include --with-newlib --enable-threads=no --disable-shared --with-pkgversion='crosstool-NG esp-15.2.0_20251204' --disable-__cxa_atexit --enable-cxx-flags='-ffunction-sections -fdata-sections' --disable-libgomp --disable-libmudflap --disable-libmpx --disable-libssp --disable-libquadmath --disable-libquadmath-support --disable-libstdcxx-verbose --with-gmp=/builds/idf/crosstool-NG/.build/xtensa-esp-elf/buildtools --with-mpfr=/builds/idf/crosstool-NG/.build/xtensa-esp-elf/buildtools --with-mpc=/builds/idf/crosstool-NG/.build/xtensa-esp-elf/buildtools --with-isl=/builds/idf/crosstool-NG/.build/xtensa-esp-elf/buildtools --enable-lto --enable-target-optspace --without-long-double-128 --enable-plugin --disable-nls --enable-multiarch --enable-languages=c c++ --disable-libstdcxx-verbose --enable-threads=posix --enable-libstdcxx-time=yes --disable-win32-utf8-manifest]
  ignore line: [Thread model: posix]
  ignore line: [Supported LTO compression algorithms: zlib zstd]
  ignore line: [gcc version 15.2.0 (crosstool-NG esp-15.2.0_20251204) ]
  ignore line: [COMPILER_PATH=/home/coder/.espressif/tools/xtensa-esp-elf/esp-15.2.0_20251204/xtensa-esp-elf/bin/../libexec/gcc/xtensa-esp-elf/15.2.0/:/home/coder/.espressif/tools/xtensa-esp-elf/esp-15.2.0_20251204/xtensa-esp-elf/bin/../libexec/gcc/:/home/coder/.espressif/tools/xtensa-esp-elf/esp-15.2.0_20251204/xtensa-esp-elf/bin/../lib/gcc/xtensa-esp-elf/15.2.0/../../../../xtensa-esp-elf/bin/]
  ignore line: [LIBRARY_PATH=/home/coder/.espressif/tools/xtensa-esp-elf/esp-15.2.0_20251204/xtensa-esp-elf/bin/../lib/gcc/xtensa-esp-elf/15.2.0/esp32/no-rtti/:/home/coder/.espressif/tools/xtensa-esp-elf/esp-15.2.0_20251204/xtensa-esp-elf/bin/../lib/gcc/xtensa-esp-elf/15.2.0/../../../../xtensa-esp-elf/lib/esp32/no-rtti/:/home/coder/.espressif/tools/xtensa-esp-elf/esp-15.2.0_20251204/xtensa-esp-elf/bin/../xtensa-esp-elf/lib/esp32/no-rtti/:/home/coder/.espressif/tools/xtensa-esp-elf/esp-15.2.0_20251204/xtensa-esp-elf/bin/../lib/gcc/xtensa-esp-elf/15.2.0/:/home/coder/.espressif/tools/xtensa-esp-elf/esp-15.2.0_20251204/xtensa-esp-elf/bin/../lib/gcc/:/home/coder/.espressif/tools/xtensa-esp-elf/esp-15.2.0_20251204/xtensa-esp-elf/bin/../lib/gcc/xtensa-esp-elf/15.2.0/../../../../xtensa-esp-elf/lib/:/home/coder/.espressif/tools/xtensa-esp-elf/esp-15.2.0_20251204/xtensa-esp-elf/bin/../xtensa-esp-elf/lib/:/home/coder/.espressif/tools/xtensa-esp-elf/esp-15.2.0_20251204/xtensa-esp-elf/bin/../xtensa-esp-elf/usr/lib/]
  ignore line: [COLLECT_GCC_OPTIONS='-mdynconfig=xtensa_esp32.so' '-specs=/workspace/hello-wroom/build/bootloader/specs/picolibc.specs' '-Wno-frame-address' '-mlongcalls' '-fno-builtin-memcpy' '-fno-builtin-memset' '-fno-builtin-bzero' '-nostartfiles' '-fno-rtti' '-v' '-o' 'cmTC_c3960' '-dumpdir' 'cmTC_c3960.']
  link line: [ /home/coder/.espressif/tools/xtensa-esp-elf/esp-15.2.0_20251204/xtensa-esp-elf/bin/../libexec/gcc/xtensa-esp-elf/15.2.0/collect2 -plugin /home/coder/.espressif/tools/xtensa-esp-elf/esp-15.2.0_20251204/xtensa-esp-elf/bin/../libexec/gcc/xtensa-esp-elf/15.2.0/liblto_plugin.so -plugin-opt=/home/coder/.espressif/tools/xtensa-esp-elf/esp-15.2.0_20251204/xtensa-esp-elf/bin/../libexec/gcc/xtensa-esp-elf/15.2.0/lto-wrapper -plugin-opt=-fresolution=/tmp/cc07DvQY.res -plugin-opt=-pass-through=-lgcc -plugin-opt=-pass-through=-lgcc -plugin-opt=-pass-through=-lc -plugin-opt=-pass-through=-lgcc -L/home/coder/.espressif/tools/xtensa-esp-elf/esp-15.2.0_20251204/xtensa-esp-elf/bin/../xtensa-esp-elf/../picolibc/xtensa-esp-elf/lib/esp32/no-rtti -L/home/coder/.espressif/tools/xtensa-esp-elf/esp-15.2.0_20251204/xtensa-esp-elf/bin/../xtensa-esp-elf/../picolibc/xtensa-esp-elf/lib -Tpicolibc.ld --sysroot=/home/coder/.espressif/tools/xtensa-esp-elf/esp-15.2.0_20251204/xtensa-esp-elf/bin/../xtensa-esp-elf --dynconfig=xtensa_esp32.so -o cmTC_c3960 -L/home/coder/.espressif/tools/xtensa-esp-elf/esp-15.2.0_20251204/xtensa-esp-elf/bin/../xtensa-esp-elf/../picolibc/lib/gcc/xtensa-esp-elf/15.2.0/esp32/no-rtti -L/home/coder/.espressif/tools/xtensa-esp-elf/esp-15.2.0_20251204/xtensa-esp-elf/bin/../xtensa-esp-elf/../picolibc/lib/gcc/xtensa-esp-elf/15.2.0 -L/home/coder/.espressif/tools/xtensa-esp-elf/esp-15.2.0_20251204/xtensa-esp-elf/bin/../lib/gcc/xtensa-esp-elf/15.2.0/esp32/no-rtti -L/home/coder/.espressif/tools/xtensa-esp-elf/esp-15.2.0_20251204/xtensa-esp-elf/bin/../lib/gcc/xtensa-esp-elf/15.2.0/../../../../xtensa-esp-elf/lib/esp32/no-rtti -L/home/coder/.espressif/tools/xtensa-esp-elf/esp-15.2.0_20251204/xtensa-esp-elf/bin/../xtensa-esp-elf/lib/esp32/no-rtti -L/home/coder/.espressif/tools/xtensa-esp-elf/esp-15.2.0_20251204/xtensa-esp-elf/bin/../lib/gcc/xtensa-esp-elf/15.2.0 -L/home/coder/.espressif/tools/xtensa-esp-elf/esp-15.2.0_20251204/xtensa-esp-elf/bin/../lib/gcc -L/home/coder/.espressif/tools/xtensa-esp-elf/esp-15.2.0_20251204/xtensa-esp-elf/bin/../lib/gcc/xtensa-esp-elf/15.2.0/../../../../xtensa-esp-elf/lib -L/home/coder/.espressif/tools/xtensa-esp-elf/esp-15.2.0_20251204/xtensa-esp-elf/bin/../xtensa-esp-elf/lib -L/home/coder/.espressif/tools/xtensa-esp-elf/esp-15.2.0_20251204/xtensa-esp-elf/bin/../xtensa-esp-elf/usr/lib @/tmp/ccC9ixLb -lgcc --start-group -lgcc -lc --end-group -lgcc]
    arg [/home/coder/.espressif/tools/xtensa-esp-elf/esp-15.2.0_20251204/xtensa-esp-elf/bin/../libexec/gcc/xtensa-esp-elf/15.2.0/collect2] ==> ignore
    arg [-plugin] ==> ignore
    arg [/home/coder/.espressif/tools/xtensa-esp-elf/esp-15.2.0_20251204/xtensa-esp-elf/bin/../libexec/gcc/xtensa-esp-elf/15.2.0/liblto_plugin.so] ==> ignore
    arg [-plugin-opt=/home/coder/.espressif/tools/xtensa-esp-elf/esp-15.2.0_20251204/xtensa-esp-elf/bin/../libexec/gcc/xtensa-esp-elf/15.2.0/lto-wrapper] ==> ignore
    arg [-plugin-opt=-fresolution=/tmp/cc07DvQY.res] ==> ignore
    arg [-plugin-opt=-pass-through=-lgcc] ==> ignore
    arg [-plugin-opt=-pass-through=-lgcc] ==> ignore
    arg [-plugin-opt=-pass-through=-lc] ==> ignore
    arg [-plugin-opt=-pass-through=-lgcc] ==> ignore
    arg [-L/home/coder/.espressif/tools/xtensa-esp-elf/esp-15.2.0_20251204/xtensa-esp-elf/bin/../xtensa-esp-elf/../picolibc/xtensa-esp-elf/lib/esp32/no-rtti] ==> dir [/home/coder/.espressif/tools/xtensa-esp-elf/esp-15.2.0_20251204/xtensa-esp-elf/bin/../xtensa-esp-elf/../picolibc/xtensa-esp-elf/lib/esp32/no-rtti]
    arg [-L/home/coder/.espressif/tools/xtensa-esp-elf/esp-15.2.0_20251204/xtensa-esp-elf/bin/../xtensa-esp-elf/../picolibc/xtensa-esp-elf/lib] ==> dir [/home/coder/.espressif/tools/xtensa-esp-elf/esp-15.2.0_20251204/xtensa-esp-elf/bin/../xtensa-esp-elf/../picolibc/xtensa-esp-elf/lib]
    arg [-Tpicolibc.ld] ==> ignore
    arg [--sysroot=/home/coder/.espressif/tools/xtensa-esp-elf/esp-15.2.0_20251204/xtensa-esp-elf/bin/../xtensa-esp-elf] ==> ignore
    arg [--dynconfig=xtensa_esp32.so] ==> ignore
    arg [-o] ==> ignore
    arg [cmTC_c3960] ==> ignore
    arg [-L/home/coder/.espressif/tools/xtensa-esp-elf/esp-15.2.0_20251204/xtensa-esp-elf/bin/../xtensa-esp-elf/../picolibc/lib/gcc/xtensa-esp-elf/15.2.0/esp32/no-rtti] ==> dir [/home/coder/.espressif/tools/xtensa-esp-elf/esp-15.2.0_20251204/xtensa-esp-elf/bin/../xtensa-esp-elf/../picolibc/lib/gcc/xtensa-esp-elf/15.2.0/esp32/no-rtti]
    arg [-L/home/coder/.espressif/tools/xtensa-esp-elf/esp-15.2.0_20251204/xtensa-esp-elf/bin/../xtensa-esp-elf/../picolibc/lib/gcc/xtensa-esp-elf/15.2.0] ==> dir [/home/coder/.espressif/tools/xtensa-esp-elf/esp-15.2.0_20251204/xtensa-esp-elf/bin/../xtensa-esp-elf/../picolibc/lib/gcc/xtensa-esp-elf/15.2.0]
    arg [-L/home/coder/.espressif/tools/xtensa-esp-elf/esp-15.2.0_20251204/xtensa-esp-elf/bin/../lib/gcc/xtensa-esp-elf/15.2.0/esp32/no-rtti] ==> dir [/home/coder/.espressif/tools/xtensa-esp-elf/esp-15.2.0_20251204/xtensa-esp-elf/bin/../lib/gcc/xtensa-esp-elf/15.2.0/esp32/no-rtti]
    arg [-L/home/coder/.espressif/tools/xtensa-esp-elf/esp-15.2.0_20251204/xtensa-esp-elf/bin/../lib/gcc/xtensa-esp-elf/15.2.0/../../../../xtensa-esp-elf/lib/esp32/no-rtti] ==> dir [/home/coder/.espressif/tools/xtensa-esp-elf/esp-15.2.0_20251204/xtensa-esp-elf/bin/../lib/gcc/xtensa-esp-elf/15.2.0/../../../../xtensa-esp-elf/lib/esp32/no-rtti]
    arg [-L/home/coder/.espressif/tools/xtensa-esp-elf/esp-15.2.0_20251204/xtensa-esp-elf/bin/../xtensa-esp-elf/lib/esp32/no-rtti] ==> dir [/home/coder/.espressif/tools/xtensa-esp-elf/esp-15.2.0_20251204/xtensa-esp-elf/bin/../xtensa-esp-elf/lib/esp32/no-rtti]
    arg [-L/home/coder/.espressif/tools/xtensa-esp-elf/esp-15.2.0_20251204/xtensa-esp-elf/bin/../lib/gcc/xtensa-esp-elf/15.2.0] ==> dir [/home/coder/.espressif/tools/xtensa-esp-elf/esp-15.2.0_20251204/xtensa-esp-elf/bin/../lib/gcc/xtensa-esp-elf/15.2.0]
    arg [-L/home/coder/.espressif/tools/xtensa-esp-elf/esp-15.2.0_20251204/xtensa-esp-elf/bin/../lib/gcc] ==> dir [/home/coder/.espressif/tools/xtensa-esp-elf/esp-15.2.0_20251204/xtensa-esp-elf/bin/../lib/gcc]
    arg [-L/home/coder/.espressif/tools/xtensa-esp-elf/esp-15.2.0_20251204/xtensa-esp-elf/bin/../lib/gcc/xtensa-esp-elf/15.2.0/../../../../xtensa-esp-elf/lib] ==> dir [/home/coder/.espressif/tools/xtensa-esp-elf/esp-15.2.0_20251204/xtensa-esp-elf/bin/../lib/gcc/xtensa-esp-elf/15.2.0/../../../../xtensa-esp-elf/lib]
    arg [-L/home/coder/.espressif/tools/xtensa-esp-elf/esp-15.2.0_20251204/xtensa-esp-elf/bin/../xtensa-esp-elf/lib] ==> dir [/home/coder/.espressif/tools/xtensa-esp-elf/esp-15.2.0_20251204/xtensa-esp-elf/bin/../xtensa-esp-elf/lib]
    arg [-L/home/coder/.espressif/tools/xtensa-esp-elf/esp-15.2.0_20251204/xtensa-esp-elf/bin/../xtensa-esp-elf/usr/lib] ==> dir [/home/coder/.espressif/tools/xtensa-esp-elf/esp-15.2.0_20251204/xtensa-esp-elf/bin/../xtensa-esp-elf/usr/lib]
    arg [@/tmp/ccC9ixLb] ==> ignore
    arg [-lgcc] ==> lib [gcc]
    arg [--start-group] ==> ignore
    arg [-lgcc] ==> lib [gcc]
    arg [-lc] ==> lib [c]
    arg [--end-group] ==> ignore
    arg [-lgcc] ==> lib [gcc]
  collapse library dir [/home/coder/.espressif/tools/xtensa-esp-elf/esp-15.2.0_20251204/xtensa-esp-elf/bin/../xtensa-esp-elf/../picolibc/xtensa-esp-elf/lib/esp32/no-rtti] ==> [/home/coder/.espressif/tools/xtensa-esp-elf/esp-15.2.0_20251204/xtensa-esp-elf/picolibc/xtensa-esp-elf/lib/esp32/no-rtti]
  collapse library dir [/home/coder/.espressif/tools/xtensa-esp-elf/esp-15.2.0_20251204/xtensa-esp-elf/bin/../xtensa-esp-elf/../picolibc/xtensa-esp-elf/lib] ==> [/home/coder/.espressif/tools/xtensa-esp-elf/esp-15.2.0_20251204/xtensa-esp-elf/picolibc/xtensa-esp-elf/lib]
  collapse library dir [/home/coder/.espressif/tools/xtensa-esp-elf/esp-15.2.0_20251204/xtensa-esp-elf/bin/../xtensa-esp-elf/../picolibc/lib/gcc/xtensa-esp-elf/15.2.0/esp32/no-rtti] ==> [/home/coder/.espressif/tools/xtensa-esp-elf/esp-15.2.0_20251204/xtensa-esp-elf/picolibc/lib/gcc/xtensa-esp-elf/15.2.0/esp32/no-rtti]
  collapse library dir [/home/coder/.espressif/tools/xtensa-esp-elf/esp-15.2.0_20251204/xtensa-esp-elf/bin/../xtensa-esp-elf/../picolibc/lib/gcc/xtensa-esp-elf/15.2.0] ==> [/home/coder/.espressif/tools/xtensa-esp-elf/esp-15.2.0_20251204/xtensa-esp-elf/picolibc/lib/gcc/xtensa-esp-elf/15.2.0]
  collapse library dir [/home/coder/.espressif/tools/xtensa-esp-elf/esp-15.2.0_20251204/xtensa-esp-elf/bin/../lib/gcc/xtensa-esp-elf/15.2.0/esp32/no-rtti] ==> [/home/coder/.espressif/tools/xtensa-esp-elf/esp-15.2.0_20251204/xtensa-esp-elf/lib/gcc/xtensa-esp-elf/15.2.0/esp32/no-rtti]
  collapse library dir [/home/coder/.espressif/tools/xtensa-esp-elf/esp-15.2.0_20251204/xtensa-esp-elf/bin/../lib/gcc/xtensa-esp-elf/15.2.0/../../../../xtensa-esp-elf/lib/esp32/no-rtti] ==> [/home/coder/.espressif/tools/xtensa-esp-elf/esp-15.2.0_20251204/xtensa-esp-elf/xtensa-esp-elf/lib/esp32/no-rtti]
  collapse library dir [/home/coder/.espressif/tools/xtensa-esp-elf/esp-15.2.0_20251204/xtensa-esp-elf/bin/../xtensa-esp-elf/lib/esp32/no-rtti] ==> [/home/coder/.espressif/tools/xtensa-esp-elf/esp-15.2.0_20251204/xtensa-esp-elf/xtensa-esp-elf/lib/esp32/no-rtti]
  collapse library dir [/home/coder/.espressif/tools/xtensa-esp-elf/esp-15.2.0_20251204/xtensa-esp-elf/bin/../lib/gcc/xtensa-esp-elf/15.2.0] ==> [/home/coder/.espressif/tools/xtensa-esp-elf/esp-15.2.0_20251204/xtensa-esp-elf/lib/gcc/xtensa-esp-elf/15.2.0]
  collapse library dir [/home/coder/.espressif/tools/xtensa-esp-elf/esp-15.2.0_20251204/xtensa-esp-elf/bin/../lib/gcc] ==> [/home/coder/.espressif/tools/xtensa-esp-elf/esp-15.2.0_20251204/xtensa-esp-elf/lib/gcc]
  collapse library dir [/home/coder/.espressif/tools/xtensa-esp-elf/esp-15.2.0_20251204/xtensa-esp-elf/bin/../lib/gcc/xtensa-esp-elf/15.2.0/../../../../xtensa-esp-elf/lib] ==> [/home/coder/.espressif/tools/xtensa-esp-elf/esp-15.2.0_20251204/xtensa-esp-elf/xtensa-esp-elf/lib]
  collapse library dir [/home/coder/.espressif/tools/xtensa-esp-elf/esp-15.2.0_20251204/xtensa-esp-elf/bin/../xtensa-esp-elf/lib] ==> [/home/coder/.espressif/tools/xtensa-esp-elf/esp-15.2.0_20251204/xtensa-esp-elf/xtensa-esp-elf/lib]
  collapse library dir [/home/coder/.espressif/tools/xtensa-esp-elf/esp-15.2.0_20251204/xtensa-esp-elf/bin/../xtensa-esp-elf/usr/lib] ==> [/home/coder/.espressif/tools/xtensa-esp-elf/esp-15.2.0_20251204/xtensa-esp-elf/xtensa-esp-elf/usr/lib]
  implicit libs: [gcc;gcc;c;gcc]
  implicit objs: []
  implicit dirs: [/home/coder/.espressif/tools/xtensa-esp-elf/esp-15.2.0_20251204/xtensa-esp-elf/picolibc/xtensa-esp-elf/lib/esp32/no-rtti;/home/coder/.espressif/tools/xtensa-esp-elf/esp-15.2.0_20251204/xtensa-esp-elf/picolibc/xtensa-esp-elf/lib;/home/coder/.espressif/tools/xtensa-esp-elf/esp-15.2.0_20251204/xtensa-esp-elf/picolibc/lib/gcc/xtensa-esp-elf/15.2.0/esp32/no-rtti;/home/coder/.espressif/tools/xtensa-esp-elf/esp-15.2.0_20251204/xtensa-esp-elf/picolibc/lib/gcc/xtensa-esp-elf/15.2.0;/home/coder/.espressif/tools/xtensa-esp-elf/esp-15.2.0_20251204/xtensa-esp-elf/lib/gcc/xtensa-esp-elf/15.2.0/esp32/no-rtti;/home/coder/.espressif/tools/xtensa-esp-elf/esp-15.2.0_20251204/xtensa-esp-elf/xtensa-esp-elf/lib/esp32/no-rtti;/home/coder/.espressif/tools/xtensa-esp-elf/esp-15.2.0_20251204/xtensa-esp-elf/lib/gcc/xtensa-esp-elf/15.2.0;/home/coder/.espressif/tools/xtensa-esp-elf/esp-15.2.0_20251204/xtensa-esp-elf/lib/gcc;/home/coder/.espressif/tools/xtensa-esp-elf/esp-15.2.0_20251204/xtensa-esp-elf/xtensa-esp-elf/lib;/home/coder/.espressif/tools/xtensa-esp-elf/esp-15.2.0_20251204/xtensa-esp-elf/xtensa-esp-elf/usr/lib]
  implicit fwks: []


Detecting CXX compiler ABI info compiled with the following output:
Change Dir: /workspace/hello-wroom/build/bootloader/CMakeFiles/CMakeTmp

Run Build Command(s):/usr/bin/ninja cmTC_776f9 && [1/2] Building CXX object CMakeFiles/cmTC_776f9.dir/CMakeCXXCompilerABI.cpp.obj
Using built-in specs.
Reading specs from /workspace/hello-wroom/build/bootloader/specs/picolibc.specs
rename spec link to picolibc_link
rename spec link_libgcc to picolibc_link_libgcc
rename spec cpp to picolibc_cpp
rename spec cc1 to picolibc_cc1
rename spec cc1plus to picolibc_cc1plus
COLLECT_GCC=/home/coder/.espressif/tools/xtensa-esp-elf/esp-15.2.0_20251204/xtensa-esp-elf/bin/xtensa-esp-elf-g++
Target: xtensa-esp-elf
Configured with: /builds/idf/crosstool-NG/.build/xtensa-esp-elf/src/gcc/configure --build=x86_64-build_pc-linux-gnu --host=x86_64-build_pc-linux-gnu --target=xtensa-esp-elf --prefix=/builds/idf/crosstool-NG/builds/xtensa-esp-elf --exec_prefix=/builds/idf/crosstool-NG/builds/xtensa-esp-elf --with-local-prefix=/builds/idf/crosstool-NG/builds/xtensa-esp-elf/xtensa-esp-elf --with-sysroot=/builds/idf/crosstool-NG/builds/xtensa-esp-elf/xtensa-esp-elf --with-native-system-header-dir=/include --with-headers=/builds/idf/crosstool-NG/builds/xtensa-esp-elf/xtensa-esp-elf/include --with-newlib --enable-threads=no --disable-shared --with-pkgversion='crosstool-NG esp-15.2.0_20251204' --disable-__cxa_atexit --enable-cxx-flags='-ffunction-sections -fdata-sections' --disable-libgomp --disable-libmudflap --disable-libmpx --disable-libssp --disable-libquadmath --disable-libquadmath-support --disable-libstdcxx-verbose --with-gmp=/builds/idf/crosstool-NG/.build/xtensa-esp-elf/buildtools --with-mpfr=/builds/idf/crosstool-NG/.build/xtensa-esp-elf/buildtools --with-mpc=/builds/idf/crosstool-NG/.build/xtensa-esp-elf/buildtools --with-isl=/builds/idf/crosstool-NG/.build/xtensa-esp-elf/buildtools --enable-lto --enable-target-optspace --without-long-double-128 --enable-plugin --disable-nls --enable-multiarch --enable-languages=c,c++ --disable-libstdcxx-verbose --enable-threads=posix --enable-libstdcxx-time=yes --disable-win32-utf8-manifest
Thread model: posix
Supported LTO compression algorithms: zlib zstd
gcc version 15.2.0 (crosstool-NG esp-15.2.0_20251204) 
COLLECT_GCC_OPTIONS='-mdynconfig=xtensa_esp32.so' '-specs=/workspace/hello-wroom/build/bootloader/specs/picolibc.specs' '-Wno-frame-address' '-mlongcalls' '-fno-builtin-memcpy' '-fno-builtin-memset' '-fno-builtin-bzero' '-fno-rtti' '-v' '-o' 'CMakeFiles/cmTC_776f9.dir/CMakeCXXCompilerABI.cpp.obj' '-c' '-dumpdir' 'CMakeFiles/cmTC_776f9.dir/'
 /home/coder/.espressif/tools/xtensa-esp-elf/esp-15.2.0_20251204/xtensa-esp-elf/bin/../libexec/gcc/xtensa-esp-elf/15.2.0/cc1plus -quiet -v -imultilib esp32/no-rtti -iprefix /home/coder/.espressif/tools/xtensa-esp-elf/esp-15.2.0_20251204/xtensa-esp-elf/bin/../lib/gcc/xtensa-esp-elf/15.2.0/ -isysroot /home/coder/.espressif/tools/xtensa-esp-elf/esp-15.2.0_20251204/xtensa-esp-elf/bin/../xtensa-esp-elf /usr/share/cmake-3.22/Modules/CMakeCXXCompilerABI.cpp -ftls-model=local-exec -quiet -dumpdir CMakeFiles/cmTC_776f9.dir/ -dumpbase CMakeCXXCompilerABI.cpp.cpp -dumpbase-ext .cpp -mdynconfig=xtensa_esp32.so -mlongcalls -Wno-frame-address -version -fno-builtin-memcpy -fno-builtin-memset -fno-builtin-bzero -fno-rtti -isystem /home/coder/.espressif/tools/xtensa-esp-elf/esp-15.2.0_20251204/xtensa-esp-elf/bin/../xtensa-esp-elf/../picolibc/include -isystem /home/coder/.espressif/tools/xtensa-esp-elf/esp-15.2.0_20251204/xtensa-esp-elf/bin/../xtensa-esp-elf/../picolibc/include/../xtensa-esp-elf/include/c++/15.2.0/xtensa-esp-elf/esp32/no-rtti -ftls-model=local-exec -o /tmp/cc5uVevN.s
GNU C++17 (crosstool-NG esp-15.2.0_20251204) version 15.2.0 (xtensa-esp-elf)
	compiled by GNU C version 6.3.0, GMP version 6.3.0, MPFR version 4.2.1, MPC version 1.3.1, isl version isl-0.26-GMP

GGC heuristics: --param ggc-min-expand=100 --param ggc-min-heapsize=131072
ignoring duplicate directory "/home/coder/.espressif/tools/xtensa-esp-elf/esp-15.2.0_20251204/xtensa-esp-elf/bin/../lib/gcc/../../lib/gcc/xtensa-esp-elf/15.2.0/../../../../xtensa-esp-elf/include/c++/15.2.0"
ignoring duplicate directory "/home/coder/.espressif/tools/xtensa-esp-elf/esp-15.2.0_20251204/xtensa-esp-elf/bin/../lib/gcc/../../lib/gcc/xtensa-esp-elf/15.2.0/../../../../xtensa-esp-elf/include/c++/15.2.0/xtensa-esp-elf/esp32/no-rtti"
ignoring duplicate directory "/home/coder/.espressif/tools/xtensa-esp-elf/esp-15.2.0_20251204/xtensa-esp-elf/bin/../lib/gcc/../../lib/gcc/xtensa-esp-elf/15.2.0/../../../../xtensa-esp-elf/include/c++/15.2.0/backward"
ignoring duplicate directory "/home/coder/.espressif/tools/xtensa-esp-elf/esp-15.2.0_20251204/xtensa-esp-elf/bin/../lib/gcc/../../lib/gcc/xtensa-esp-elf/15.2.0/include"
ignoring nonexistent directory "/home/coder/.espressif/tools/xtensa-esp-elf/esp-15.2.0_20251204/xtensa-esp-elf/bin/../xtensa-esp-elf/builds/idf/crosstool-NG/builds/xtensa-esp-elf/xtensa-esp-elf/include"
ignoring duplicate directory "/home/coder/.espressif/tools/xtensa-esp-elf/esp-15.2.0_20251204/xtensa-esp-elf/bin/../lib/gcc/../../lib/gcc/xtensa-esp-elf/15.2.0/include-fixed"
ignoring duplicate directory "/home/coder/.espressif/tools/xtensa-esp-elf/esp-15.2.0_20251204/xtensa-esp-elf/bin/../lib/gcc/../../lib/gcc/xtensa-esp-elf/15.2.0/../../../../xtensa-esp-elf/include"
ignoring duplicate directory "/home/coder/.espressif/tools/xtensa-esp-elf/esp-15.2.0_20251204/xtensa-esp-elf/bin/../xtensa-esp-elf/include"
#include "..." search starts here:
#include <...> search starts here:
 /home/coder/.espressif/tools/xtensa-esp-elf/esp-15.2.0_20251204/xtensa-esp-elf/bin/../xtensa-esp-elf/../picolibc/include
 /home/coder/.espressif/tools/xtensa-esp-elf/esp-15.2.0_20251204/xtensa-esp-elf/bin/../xtensa-esp-elf/../picolibc/include/../xtensa-esp-elf/include/c++/15.2.0/xtensa-esp-elf/esp32/no-rtti
 /home/coder/.espressif/tools/xtensa-esp-elf/esp-15.2.0_20251204/xtensa-esp-elf/bin/../lib/gcc/xtensa-esp-elf/15.2.0/../../../../xtensa-esp-elf/include/c++/15.2.0
 /home/coder/.espressif/tools/xtensa-esp-elf/esp-15.2.0_20251204/xtensa-esp-elf/bin/../lib/gcc/xtensa-esp-elf/15.2.0/../../../../xtensa-esp-elf/include/c++/15.2.0/xtensa-esp-elf/esp32/no-rtti
 /home/coder/.espressif/tools/xtensa-esp-elf/esp-15.2.0_20251204/xtensa-esp-elf/bin/../lib/gcc/xtensa-esp-elf/15.2.0/../../../../xtensa-esp-elf/include/c++/15.2.0/backward
 /home/coder/.espressif/tools/xtensa-esp-elf/esp-15.2.0_20251204/xtensa-esp-elf/bin/../lib/gcc/xtensa-esp-elf/15.2.0/include
 /home/coder/.espressif/tools/xtensa-esp-elf/esp-15.2.0_20251204/xtensa-esp-elf/bin/../lib/gcc/xtensa-esp-elf/15.2.0/include-fixed
 /home/coder/.espressif/tools/xtensa-esp-elf/esp-15.2.0_20251204/xtensa-esp-elf/bin/../lib/gcc/xtensa-esp-elf/15.2.0/../../../../xtensa-esp-elf/include
End of search list.
Compiler executable checksum: ddaf5163ec1d262ade9e7a5c85eeee1b
COLLECT_GCC_OPTIONS='-mdynconfig=xtensa_esp32.so' '-specs=/workspace/hello-wroom/build/bootloader/specs/picolibc.specs' '-Wno-frame-address' '-mlongcalls' '-fno-builtin-memcpy' '-fno-builtin-memset' '-fno-builtin-bzero' '-fno-rtti' '-v' '-o' 'CMakeFiles/cmTC_776f9.dir/CMakeCXXCompilerABI.cpp.obj' '-c' '-dumpdir' 'CMakeFiles/cmTC_776f9.dir/'
 /home/coder/.espressif/tools/xtensa-esp-elf/esp-15.2.0_20251204/xtensa-esp-elf/bin/../lib/gcc/xtensa-esp-elf/15.2.0/../../../../xtensa-esp-elf/bin/as --traditional-format --longcalls --dynconfig=xtensa_esp32.so -o CMakeFiles/cmTC_776f9.dir/CMakeCXXCompilerABI.cpp.obj /tmp/cc5uVevN.s
COMPILER_PATH=/home/coder/.espressif/tools/xtensa-esp-elf/esp-15.2.0_20251204/xtensa-esp-elf/bin/../libexec/gcc/xtensa-esp-elf/15.2.0/:/home/coder/.espressif/tools/xtensa-esp-elf/esp-15.2.0_20251204/xtensa-esp-elf/bin/../libexec/gcc/:/home/coder/.espressif/tools/xtensa-esp-elf/esp-15.2.0_20251204/xtensa-esp-elf/bin/../lib/gcc/xtensa-esp-elf/15.2.0/../../../../xtensa-esp-elf/bin/
LIBRARY_PATH=/home/coder/.espressif/tools/xtensa-esp-elf/esp-15.2.0_20251204/xtensa-esp-elf/bin/../lib/gcc/xtensa-esp-elf/15.2.0/esp32/no-rtti/:/home/coder/.espressif/tools/xtensa-esp-elf/esp-15.2.0_20251204/xtensa-esp-elf/bin/../lib/gcc/xtensa-esp-elf/15.2.0/../../../../xtensa-esp-elf/lib/esp32/no-rtti/:/home/coder/.espressif/tools/xtensa-esp-elf/esp-15.2.0_20251204/xtensa-esp-elf/bin/../xtensa-esp-elf/lib/esp32/no-rtti/:/home/coder/.espressif/tools/xtensa-esp-elf/esp-15.2.0_20251204/xtensa-esp-elf/bin/../lib/gcc/xtensa-esp-elf/15.2.0/:/home/coder/.espressif/tools/xtensa-esp-elf/esp-15.2.0_20251204/xtensa-esp-elf/bin/../lib/gcc/:/home/coder/.espressif/tools/xtensa-esp-elf/esp-15.2.0_20251204/xtensa-esp-elf/bin/../lib/gcc/xtensa-esp-elf/15.2.0/../../../../xtensa-esp-elf/lib/:/home/coder/.espressif/tools/xtensa-esp-elf/esp-15.2.0_20251204/xtensa-esp-elf/bin/../xtensa-esp-elf/lib/:/home/coder/.espressif/tools/xtensa-esp-elf/esp-15.2.0_20251204/xtensa-esp-elf/bin/../xtensa-esp-elf/usr/lib/
COLLECT_GCC_OPTIONS='-mdynconfig=xtensa_esp32.so' '-specs=/workspace/hello-wroom/build/bootloader/specs/picolibc.specs' '-Wno-frame-address' '-mlongcalls' '-fno-builtin-memcpy' '-fno-builtin-memset' '-fno-builtin-bzero' '-fno-rtti' '-v' '-o' 'CMakeFiles/cmTC_776f9.dir/CMakeCXXCompilerABI.cpp.obj' '-c' '-dumpdir' 'CMakeFiles/cmTC_776f9.dir/CMakeCXXCompilerABI.cpp.'
[2/2] Linking CXX executable cmTC_776f9
Using built-in specs.
Reading specs from /workspace/hello-wroom/build/bootloader/specs/picolibc.specs
rename spec link to picolibc_link
rename spec link_libgcc to picolibc_link_libgcc
rename spec cpp to picolibc_cpp
rename spec cc1 to picolibc_cc1
rename spec cc1plus to picolibc_cc1plus
COLLECT_GCC=/home/coder/.espressif/tools/xtensa-esp-elf/esp-15.2.0_20251204/xtensa-esp-elf/bin/xtensa-esp-elf-g++
COLLECT_LTO_WRAPPER=/home/coder/.espressif/tools/xtensa-esp-elf/esp-15.2.0_20251204/xtensa-esp-elf/bin/../libexec/gcc/xtensa-esp-elf/15.2.0/lto-wrapper
Target: xtensa-esp-elf
Configured with: /builds/idf/crosstool-NG/.build/xtensa-esp-elf/src/gcc/configure --build=x86_64-build_pc-linux-gnu --host=x86_64-build_pc-linux-gnu --target=xtensa-esp-elf --prefix=/builds/idf/crosstool-NG/builds/xtensa-esp-elf --exec_prefix=/builds/idf/crosstool-NG/builds/xtensa-esp-elf --with-local-prefix=/builds/idf/crosstool-NG/builds/xtensa-esp-elf/xtensa-esp-elf --with-sysroot=/builds/idf/crosstool-NG/builds/xtensa-esp-elf/xtensa-esp-elf --with-native-system-header-dir=/include --with-headers=/builds/idf/crosstool-NG/builds/xtensa-esp-elf/xtensa-esp-elf/include --with-newlib --enable-threads=no --disable-shared --with-pkgversion='crosstool-NG esp-15.2.0_20251204' --disable-__cxa_atexit --enable-cxx-flags='-ffunction-sections -fdata-sections' --disable-libgomp --disable-libmudflap --disable-libmpx --disable-libssp --disable-libquadmath --disable-libquadmath-support --disable-libstdcxx-verbose --with-gmp=/builds/idf/crosstool-NG/.build/xtensa-esp-elf/buildtools --with-mpfr=/builds/idf/crosstool-NG/.build/xtensa-esp-elf/buildtools --with-mpc=/builds/idf/crosstool-NG/.build/xtensa-esp-elf/buildtools --with-isl=/builds/idf/crosstool-NG/.build/xtensa-esp-elf/buildtools --enable-lto --enable-target-optspace --without-long-double-128 --enable-plugin --disable-nls --enable-multiarch --enable-languages=c,c++ --disable-libstdcxx-verbose --enable-threads=posix --enable-libstdcxx-time=yes --disable-win32-utf8-manifest
Thread model: posix
Supported LTO compression algorithms: zlib zstd
gcc version 15.2.0 (crosstool-NG esp-15.2.0_20251204) 
COMPILER_PATH=/home/coder/.espressif/tools/xtensa-esp-elf/esp-15.2.0_20251204/xtensa-esp-elf/bin/../libexec/gcc/xtensa-esp-elf/15.2.0/:/home/coder/.espressif/tools/xtensa-esp-elf/esp-15.2.0_20251204/xtensa-esp-elf/bin/../libexec/gcc/:/home/coder/.espressif/tools/xtensa-esp-elf/esp-15.2.0_20251204/xtensa-esp-elf/bin/../lib/gcc/xtensa-esp-elf/15.2.0/../../../../xtensa-esp-elf/bin/
LIBRARY_PATH=/home/coder/.espressif/tools/xtensa-esp-elf/esp-15.2.0_20251204/xtensa-esp-elf/bin/../lib/gcc/xtensa-esp-elf/15.2.0/esp32/no-rtti/:/home/coder/.espressif/tools/xtensa-esp-elf/esp-15.2.0_20251204/xtensa-esp-elf/bin/../lib/gcc/xtensa-esp-elf/15.2.0/../../../../xtensa-esp-elf/lib/esp32/no-rtti/:/home/coder/.espressif/tools/xtensa-esp-elf/esp-15.2.0_20251204/xtensa-esp-elf/bin/../xtensa-esp-elf/lib/esp32/no-rtti/:/home/coder/.espressif/tools/xtensa-esp-elf/esp-15.2.0_20251204/xtensa-esp-elf/bin/../lib/gcc/xtensa-esp-elf/15.2.0/:/home/coder/.espressif/tools/xtensa-esp-elf/esp-15.2.0_20251204/xtensa-esp-elf/bin/../lib/gcc/:/home/coder/.espressif/tools/xtensa-esp-elf/esp-15.2.0_20251204/xtensa-esp-elf/bin/../lib/gcc/xtensa-esp-elf/15.2.0/../../../../xtensa-esp-elf/lib/:/home/coder/.espressif/tools/xtensa-esp-elf/esp-15.2.0_20251204/xtensa-esp-elf/bin/../xtensa-esp-elf/lib/:/home/coder/.espressif/tools/xtensa-esp-elf/esp-15.2.0_20251204/xtensa-esp-elf/bin/../xtensa-esp-elf/usr/lib/
COLLECT_GCC_OPTIONS='-mdynconfig=xtensa_esp32.so' '-specs=/workspace/hello-wroom/build/bootloader/specs/picolibc.specs' '-Wno-frame-address' '-mlongcalls' '-fno-builtin-memcpy' '-fno-builtin-memset' '-fno-builtin-bzero' '-nostartfiles' '-fno-rtti' '-v' '-o' 'cmTC_776f9' '-dumpdir' 'cmTC_776f9.'
 /home/coder/.espressif/tools/xtensa-esp-elf/esp-15.2.0_20251204/xtensa-esp-elf/bin/../libexec/gcc/xtensa-esp-elf/15.2.0/collect2 -plugin /home/coder/.espressif/tools/xtensa-esp-elf/esp-15.2.0_20251204/xtensa-esp-elf/bin/../libexec/gcc/xtensa-esp-elf/15.2.0/liblto_plugin.so -plugin-opt=/home/coder/.espressif/tools/xtensa-esp-elf/esp-15.2.0_20251204/xtensa-esp-elf/bin/../libexec/gcc/xtensa-esp-elf/15.2.0/lto-wrapper -plugin-opt=-fresolution=/tmp/ccBaCd9G.res -plugin-opt=-pass-through=-lgcc -plugin-opt=-pass-through=-lgcc -plugin-opt=-pass-through=-lc -plugin-opt=-pass-through=-lgcc -L/home/coder/.espressif/tools/xtensa-esp-elf/esp-15.2.0_20251204/xtensa-esp-elf/bin/../xtensa-esp-elf/../picolibc/xtensa-esp-elf/lib/esp32/no-rtti -L/home/coder/.espressif/tools/xtensa-esp-elf/esp-15.2.0_20251204/xtensa-esp-elf/bin/../xtensa-esp-elf/../picolibc/xtensa-esp-elf/lib -Tpicolibc.ld --sysroot=/home/coder/.espressif/tools/xtensa-esp-elf/esp-15.2.0_20251204/xtensa-esp-elf/bin/../xtensa-esp-elf --dynconfig=xtensa_esp32.so -o cmTC_776f9 -L/home/coder/.espressif/tools/xtensa-esp-elf/esp-15.2.0_20251204/xtensa-esp-elf/bin/../xtensa-esp-elf/../picolibc/lib/gcc/xtensa-esp-elf/15.2.0/esp32/no-rtti -L/home/coder/.espressif/tools/xtensa-esp-elf/esp-15.2.0_20251204/xtensa-esp-elf/bin/../xtensa-esp-elf/../picolibc/lib/gcc/xtensa-esp-elf/15.2.0 -L/home/coder/.espressif/tools/xtensa-esp-elf/esp-15.2.0_20251204/xtensa-esp-elf/bin/../lib/gcc/xtensa-esp-elf/15.2.0/esp32/no-rtti -L/home/coder/.espressif/tools/xtensa-esp-elf/esp-15.2.0_20251204/xtensa-esp-elf/bin/../lib/gcc/xtensa-esp-elf/15.2.0/../../../../xtensa-esp-elf/lib/esp32/no-rtti -L/home/coder/.espressif/tools/xtensa-esp-elf/esp-15.2.0_20251204/xtensa-esp-elf/bin/../xtensa-esp-elf/lib/esp32/no-rtti -L/home/coder/.espressif/tools/xtensa-esp-elf/esp-15.2.0_20251204/xtensa-esp-elf/bin/../lib/gcc/xtensa-esp-elf/15.2.0 -L/home/coder/.espressif/tools/xtensa-esp-elf/esp-15.2.0_20251204/xtensa-esp-elf/bin/../lib/gcc -L/home/coder/.espressif/tools/xtensa-esp-elf/esp-15.2.0_20251204/xtensa-esp-elf/bin/../lib/gcc/xtensa-esp-elf/15.2.0/../../../../xtensa-esp-elf/lib -L/home/coder/.espressif/tools/xtensa-esp-elf/esp-15.2.0_20251204/xtensa-esp-elf/bin/../xtensa-esp-elf/lib -L/home/coder/.espressif/tools/xtensa-esp-elf/esp-15.2.0_20251204/xtensa-esp-elf/bin/../xtensa-esp-elf/usr/lib @/tmp/ccSVYFzc -lgcc --start-group -lgcc -lc --end-group -lgcc
/home/coder/.espressif/tools/xtensa-esp-elf/esp-15.2.0_20251204/xtensa-esp-elf/bin/../lib/gcc/xtensa-esp-elf/15.2.0/../../../../xtensa-esp-elf/bin/ld: warning: cannot find entry symbol _start; defaulting to 10000000
COLLECT_GCC_OPTIONS='-mdynconfig=xtensa_esp32.so' '-specs=/workspace/hello-wroom/build/bootloader/specs/picolibc.specs' '-Wno-frame-address' '-mlongcalls' '-fno-builtin-memcpy' '-fno-builtin-memset' '-fno-builtin-bzero' '-nostartfiles' '-fno-rtti' '-v' '-o' 'cmTC_776f9' '-dumpdir' 'cmTC_776f9.'



Parsed CXX implicit include dir info from above output: rv=done
  found start of include info
  found start of implicit include info
    add: [/home/coder/.espressif/tools/xtensa-esp-elf/esp-15.2.0_20251204/xtensa-esp-elf/bin/../xtensa-esp-elf/../picolibc/include]
    add: [/home/coder/.espressif/tools/xtensa-esp-elf/esp-15.2.0_20251204/xtensa-esp-elf/bin/../xtensa-esp-elf/../picolibc/include/../xtensa-esp-elf/include/c++/15.2.0/xtensa-esp-elf/esp32/no-rtti]
    add: [/home/coder/.espressif/tools/xtensa-esp-elf/esp-15.2.0_20251204/xtensa-esp-elf/bin/../lib/gcc/xtensa-esp-elf/15.2.0/../../../../xtensa-esp-elf/include/c++/15.2.0]
    add: [/home/coder/.espressif/tools/xtensa-esp-elf/esp-15.2.0_20251204/xtensa-esp-elf/bin/../lib/gcc/xtensa-esp-elf/15.2.0/../../../../xtensa-esp-elf/include/c++/15.2.0/xtensa-esp-elf/esp32/no-rtti]
    add: [/home/coder/.espressif/tools/xtensa-esp-elf/esp-15.2.0_20251204/xtensa-esp-elf/bin/../lib/gcc/xtensa-esp-elf/15.2.0/../../../../xtensa-esp-elf/include/c++/15.2.0/backward]
    add: [/home/coder/.espressif/tools/xtensa-esp-elf/esp-15.2.0_20251204/xtensa-esp-elf/bin/../lib/gcc/xtensa-esp-elf/15.2.0/include]
    add: [/home/coder/.espressif/tools/xtensa-esp-elf/esp-15.2.0_20251204/xtensa-esp-elf/bin/../lib/gcc/xtensa-esp-elf/15.2.0/include-fixed]
    add: [/home/coder/.espressif/tools/xtensa-esp-elf/esp-15.2.0_20251204/xtensa-esp-elf/bin/../lib/gcc/xtensa-esp-elf/15.2.0/../../../../xtensa-esp-elf/include]
  end of search list found
  collapse include dir [/home/coder/.espressif/tools/xtensa-esp-elf/esp-15.2.0_20251204/xtensa-esp-elf/bin/../xtensa-esp-elf/../picolibc/include] ==> [/home/coder/.espressif/tools/xtensa-esp-elf/esp-15.2.0_20251204/xtensa-esp-elf/picolibc/include]
  collapse include dir [/home/coder/.espressif/tools/xtensa-esp-elf/esp-15.2.0_20251204/xtensa-esp-elf/bin/../xtensa-esp-elf/../picolibc/include/../xtensa-esp-elf/include/c++/15.2.0/xtensa-esp-elf/esp32/no-rtti] ==> [/home/coder/.espressif/tools/xtensa-esp-elf/esp-15.2.0_20251204/xtensa-esp-elf/picolibc/xtensa-esp-elf/include/c++/15.2.0/xtensa-esp-elf/esp32/no-rtti]
  collapse include dir [/home/coder/.espressif/tools/xtensa-esp-elf/esp-15.2.0_20251204/xtensa-esp-elf/bin/../lib/gcc/xtensa-esp-elf/15.2.0/../../../../xtensa-esp-elf/include/c++/15.2.0] ==> [/home/coder/.espressif/tools/xtensa-esp-elf/esp-15.2.0_20251204/xtensa-esp-elf/xtensa-esp-elf/include/c++/15.2.0]
  collapse include dir [/home/coder/.espressif/tools/xtensa-esp-elf/esp-15.2.0_20251204/xtensa-esp-elf/bin/../lib/gcc/xtensa-esp-elf/15.2.0/../../../../xtensa-esp-elf/include/c++/15.2.0/xtensa-esp-elf/esp32/no-rtti] ==> [/home/coder/.espressif/tools/xtensa-esp-elf/esp-15.2.0_20251204/xtensa-esp-elf/xtensa-esp-elf/include/c++/15.2.0/xtensa-esp-elf/esp32/no-rtti]
  collapse include dir [/home/coder/.espressif/tools/xtensa-esp-elf/esp-15.2.0_20251204/xtensa-esp-elf/bin/../lib/gcc/xtensa-esp-elf/15.2.0/../../../../xtensa-esp-elf/include/c++/15.2.0/backward] ==> [/home/coder/.espressif/tools/xtensa-esp-elf/esp-15.2.0_20251204/xtensa-esp-elf/xtensa-esp-elf/include/c++/15.2.0/backward]
  collapse include dir [/home/coder/.espressif/tools/xtensa-esp-elf/esp-15.2.0_20251204/xtensa-esp-elf/bin/../lib/gcc/xtensa-esp-elf/15.2.0/include] ==> [/home/coder/.espressif/tools/xtensa-esp-elf/esp-15.2.0_20251204/xtensa-esp-elf/lib/gcc/xtensa-esp-elf/15.2.0/include]
  collapse include dir [/home/coder/.espressif/tools/xtensa-esp-elf/esp-15.2.0_20251204/xtensa-esp-elf/bin/../lib/gcc/xtensa-esp-elf/15.2.0/include-fixed] ==> [/home/coder/.espressif/tools/xtensa-esp-elf/esp-15.2.0_20251204/xtensa-esp-elf/lib/gcc/xtensa-esp-elf/15.2.0/include-fixed]
  collapse include dir [/home/coder/.espressif/tools/xtensa-esp-elf/esp-15.2.0_20251204/xtensa-esp-elf/bin/../lib/gcc/xtensa-esp-elf/15.2.0/../../../../xtensa-esp-elf/include] ==> [/home/coder/.espressif/tools/xtensa-esp-elf/esp-15.2.0_20251204/xtensa-esp-elf/xtensa-esp-elf/include]
  implicit include dirs: [/home/coder/.espressif/tools/xtensa-esp-elf/esp-15.2.0_20251204/xtensa-esp-elf/picolibc/include;/home/coder/.espressif/tools/xtensa-esp-elf/esp-15.2.0_20251204/xtensa-esp-elf/picolibc/xtensa-esp-elf/include/c++/15.2.0/xtensa-esp-elf/esp32/no-rtti;/home/coder/.espressif/tools/xtensa-esp-elf/esp-15.2.0_20251204/xtensa-esp-elf/xtensa-esp-elf/include/c++/15.2.0;/home/coder/.espressif/tools/xtensa-esp-elf/esp-15.2.0_20251204/xtensa-esp-elf/xtensa-esp-elf/include/c++/15.2.0/xtensa-esp-elf/esp32/no-rtti;/home/coder/.espressif/tools/xtensa-esp-elf/esp-15.2.0_20251204/xtensa-esp-elf/xtensa-esp-elf/include/c++/15.2.0/backward;/home/coder/.espressif/tools/xtensa-esp-elf/esp-15.2.0_20251204/xtensa-esp-elf/lib/gcc/xtensa-esp-elf/15.2.0/include;/home/coder/.espressif/tools/xtensa-esp-elf/esp-15.2.0_20251204/xtensa-esp-elf/lib/gcc/xtensa-esp-elf/15.2.0/include-fixed;/home/coder/.espressif/tools/xtensa-esp-elf/esp-15.2.0_20251204/xtensa-esp-elf/xtensa-esp-elf/include]


Parsed CXX implicit link information from above output:
  link line regex: [^( *|.*[/\])(xtensa-esp32-elf-ld|CMAKE_LINK_STARTFILE-NOTFOUND|([^/\]+-)?ld|collect2)[^/\]*( |$)]
  ignore line: [Change Dir: /workspace/hello-wroom/build/bootloader/CMakeFiles/CMakeTmp]
  ignore line: []
  ignore line: [Run Build Command(s):/usr/bin/ninja cmTC_776f9 && [1/2] Building CXX object CMakeFiles/cmTC_776f9.dir/CMakeCXXCompilerABI.cpp.obj]
  ignore line: [Using built-in specs.]
  ignore line: [Reading specs from /workspace/hello-wroom/build/bootloader/specs/picolibc.specs]
  ignore line: [rename spec link to picolibc_link]
  ignore line: [rename spec link_libgcc to picolibc_link_libgcc]
  ignore line: [rename spec cpp to picolibc_cpp]
  ignore line: [rename spec cc1 to picolibc_cc1]
  ignore line: [rename spec cc1plus to picolibc_cc1plus]
  ignore line: [COLLECT_GCC=/home/coder/.espressif/tools/xtensa-esp-elf/esp-15.2.0_20251204/xtensa-esp-elf/bin/xtensa-esp-elf-g++]
  ignore line: [Target: xtensa-esp-elf]
  ignore line: [Configured with: /builds/idf/crosstool-NG/.build/xtensa-esp-elf/src/gcc/configure --build=x86_64-build_pc-linux-gnu --host=x86_64-build_pc-linux-gnu --target=xtensa-esp-elf --prefix=/builds/idf/crosstool-NG/builds/xtensa-esp-elf --exec_prefix=/builds/idf/crosstool-NG/builds/xtensa-esp-elf --with-local-prefix=/builds/idf/crosstool-NG/builds/xtensa-esp-elf/xtensa-esp-elf --with-sysroot=/builds/idf/crosstool-NG/builds/xtensa-esp-elf/xtensa-esp-elf --with-native-system-header-dir=/include --with-headers=/builds/idf/crosstool-NG/builds/xtensa-esp-elf/xtensa-esp-elf/include --with-newlib --enable-threads=no --disable-shared --with-pkgversion='crosstool-NG esp-15.2.0_20251204' --disable-__cxa_atexit --enable-cxx-flags='-ffunction-sections -fdata-sections' --disable-libgomp --disable-libmudflap --disable-libmpx --disable-libssp --disable-libquadmath --disable-libquadmath-support --disable-libstdcxx-verbose --with-gmp=/builds/idf/crosstool-NG/.build/xtensa-esp-elf/buildtools --with-mpfr=/builds/idf/crosstool-NG/.build/xtensa-esp-elf/buildtools --with-mpc=/builds/idf/crosstool-NG/.build/xtensa-esp-elf/buildtools --with-isl=/builds/idf/crosstool-NG/.build/xtensa-esp-elf/buildtools --enable-lto --enable-target-optspace --without-long-double-128 --enable-plugin --disable-nls --enable-multiarch --enable-languages=c c++ --disable-libstdcxx-verbose --enable-threads=posix --enable-libstdcxx-time=yes --disable-win32-utf8-manifest]
  ignore line: [Thread model: posix]
  ignore line: [Supported LTO compression algorithms: zlib zstd]
  ignore line: [gcc version 15.2.0 (crosstool-NG esp-15.2.0_20251204) ]
  ignore line: [COLLECT_GCC_OPTIONS='-mdynconfig=xtensa_esp32.so' '-specs=/workspace/hello-wroom/build/bootloader/specs/picolibc.specs' '-Wno-frame-address' '-mlongcalls' '-fno-builtin-memcpy' '-fno-builtin-memset' '-fno-builtin-bzero' '-fno-rtti' '-v' '-o' 'CMakeFiles/cmTC_776f9.dir/CMakeCXXCompilerABI.cpp.obj' '-c' '-dumpdir' 'CMakeFiles/cmTC_776f9.dir/']
  ignore line: [ /home/coder/.espressif/tools/xtensa-esp-elf/esp-15.2.0_20251204/xtensa-esp-elf/bin/../libexec/gcc/xtensa-esp-elf/15.2.0/cc1plus -quiet -v -imultilib esp32/no-rtti -iprefix /home/coder/.espressif/tools/xtensa-esp-elf/esp-15.2.0_20251204/xtensa-esp-elf/bin/../lib/gcc/xtensa-esp-elf/15.2.0/ -isysroot /home/coder/.espressif/tools/xtensa-esp-elf/esp-15.2.0_20251204/xtensa-esp-elf/bin/../xtensa-esp-elf /usr/share/cmake-3.22/Modules/CMakeCXXCompilerABI.cpp -ftls-model=local-exec -quiet -dumpdir CMakeFiles/cmTC_776f9.dir/ -dumpbase CMakeCXXCompilerABI.cpp.cpp -dumpbase-ext .cpp -mdynconfig=xtensa_esp32.so -mlongcalls -Wno-frame-address -version -fno-builtin-memcpy -fno-builtin-memset -fno-builtin-bzero -fno-rtti -isystem /home/coder/.espressif/tools/xtensa-esp-elf/esp-15.2.0_20251204/xtensa-esp-elf/bin/../xtensa-esp-elf/../picolibc/include -isystem /home/coder/.espressif/tools/xtensa-esp-elf/esp-15.2.0_20251204/xtensa-esp-elf/bin/../xtensa-esp-elf/../picolibc/include/../xtensa-esp-elf/include/c++/15.2.0/xtensa-esp-elf/esp32/no-rtti -ftls-model=local-exec -o /tmp/cc5uVevN.s]
  ignore line: [GNU C++17 (crosstool-NG esp-15.2.0_20251204) version 15.2.0 (xtensa-esp-elf)]
  ignore line: [	compiled by GNU C version 6.3.0  GMP version 6.3.0  MPFR version 4.2.1  MPC version 1.3.1  isl version isl-0.26-GMP]
  ignore line: []
  ignore line: [GGC heuristics: --param ggc-min-expand=100 --param ggc-min-heapsize=131072]
  ignore line: [ignoring duplicate directory "/home/coder/.espressif/tools/xtensa-esp-elf/esp-15.2.0_20251204/xtensa-esp-elf/bin/../lib/gcc/../../lib/gcc/xtensa-esp-elf/15.2.0/../../../../xtensa-esp-elf/include/c++/15.2.0"]
  ignore line: [ignoring duplicate directory "/home/coder/.espressif/tools/xtensa-esp-elf/esp-15.2.0_20251204/xtensa-esp-elf/bin/../lib/gcc/../../lib/gcc/xtensa-esp-elf/15.2.0/../../../../xtensa-esp-elf/include/c++/15.2.0/xtensa-esp-elf/esp32/no-rtti"]
  ignore line: [ignoring duplicate directory "/home/coder/.espressif/tools/xtensa-esp-elf/esp-15.2.0_20251204/xtensa-esp-elf/bin/../lib/gcc/../../lib/gcc/xtensa-esp-elf/15.2.0/../../../../xtensa-esp-elf/include/c++/15.2.0/backward"]
  ignore line: [ignoring duplicate directory "/home/coder/.espressif/tools/xtensa-esp-elf/esp-15.2.0_20251204/xtensa-esp-elf/bin/../lib/gcc/../../lib/gcc/xtensa-esp-elf/15.2.0/include"]
  ignore line: [ignoring nonexistent directory "/home/coder/.espressif/tools/xtensa-esp-elf/esp-15.2.0_20251204/xtensa-esp-elf/bin/../xtensa-esp-elf/builds/idf/crosstool-NG/builds/xtensa-esp-elf/xtensa-esp-elf/include"]
  ignore line: [ignoring duplicate directory "/home/coder/.espressif/tools/xtensa-esp-elf/esp-15.2.0_20251204/xtensa-esp-elf/bin/../lib/gcc/../../lib/gcc/xtensa-esp-elf/15.2.0/include-fixed"]
  ignore line: [ignoring duplicate directory "/home/coder/.espressif/tools/xtensa-esp-elf/esp-15.2.0_20251204/xtensa-esp-elf/bin/../lib/gcc/../../lib/gcc/xtensa-esp-elf/15.2.0/../../../../xtensa-esp-elf/include"]
  ignore line: [ignoring duplicate directory "/home/coder/.espressif/tools/xtensa-esp-elf/esp-15.2.0_20251204/xtensa-esp-elf/bin/../xtensa-esp-elf/include"]
  ignore line: [#include "..." search starts here:]
  ignore line: [#include <...> search starts here:]
  ignore line: [ /home/coder/.espressif/tools/xtensa-esp-elf/esp-15.2.0_20251204/xtensa-esp-elf/bin/../xtensa-esp-elf/../picolibc/include]
  ignore line: [ /home/coder/.espressif/tools/xtensa-esp-elf/esp-15.2.0_20251204/xtensa-esp-elf/bin/../xtensa-esp-elf/../picolibc/include/../xtensa-esp-elf/include/c++/15.2.0/xtensa-esp-elf/esp32/no-rtti]
  ignore line: [ /home/coder/.espressif/tools/xtensa-esp-elf/esp-15.2.0_20251204/xtensa-esp-elf/bin/../lib/gcc/xtensa-esp-elf/15.2.0/../../../../xtensa-esp-elf/include/c++/15.2.0]
  ignore line: [ /home/coder/.espressif/tools/xtensa-esp-elf/esp-15.2.0_20251204/xtensa-esp-elf/bin/../lib/gcc/xtensa-esp-elf/15.2.0/../../../../xtensa-esp-elf/include/c++/15.2.0/xtensa-esp-elf/esp32/no-rtti]
  ignore line: [ /home/coder/.espressif/tools/xtensa-esp-elf/esp-15.2.0_20251204/xtensa-esp-elf/bin/../lib/gcc/xtensa-esp-elf/15.2.0/../../../../xtensa-esp-elf/include/c++/15.2.0/backward]
  ignore line: [ /home/coder/.espressif/tools/xtensa-esp-elf/esp-15.2.0_20251204/xtensa-esp-elf/bin/../lib/gcc/xtensa-esp-elf/15.2.0/include]
  ignore line: [ /home/coder/.espressif/tools/xtensa-esp-elf/esp-15.2.0_20251204/xtensa-esp-elf/bin/../lib/gcc/xtensa-esp-elf/15.2.0/include-fixed]
  ignore line: [ /home/coder/.espressif/tools/xtensa-esp-elf/esp-15.2.0_20251204/xtensa-esp-elf/bin/../lib/gcc/xtensa-esp-elf/15.2.0/../../../../xtensa-esp-elf/include]
  ignore line: [End of search list.]
  ignore line: [Compiler executable checksum: ddaf5163ec1d262ade9e7a5c85eeee1b]
  ignore line: [COLLECT_GCC_OPTIONS='-mdynconfig=xtensa_esp32.so' '-specs=/workspace/hello-wroom/build/bootloader/specs/picolibc.specs' '-Wno-frame-address' '-mlongcalls' '-fno-builtin-memcpy' '-fno-builtin-memset' '-fno-builtin-bzero' '-fno-rtti' '-v' '-o' 'CMakeFiles/cmTC_776f9.dir/CMakeCXXCompilerABI.cpp.obj' '-c' '-dumpdir' 'CMakeFiles/cmTC_776f9.dir/']
  ignore line: [ /home/coder/.espressif/tools/xtensa-esp-elf/esp-15.2.0_20251204/xtensa-esp-elf/bin/../lib/gcc/xtensa-esp-elf/15.2.0/../../../../xtensa-esp-elf/bin/as --traditional-format --longcalls --dynconfig=xtensa_esp32.so -o CMakeFiles/cmTC_776f9.dir/CMakeCXXCompilerABI.cpp.obj /tmp/cc5uVevN.s]
  ignore line: [COMPILER_PATH=/home/coder/.espressif/tools/xtensa-esp-elf/esp-15.2.0_20251204/xtensa-esp-elf/bin/../libexec/gcc/xtensa-esp-elf/15.2.0/:/home/coder/.espressif/tools/xtensa-esp-elf/esp-15.2.0_20251204/xtensa-esp-elf/bin/../libexec/gcc/:/home/coder/.espressif/tools/xtensa-esp-elf/esp-15.2.0_20251204/xtensa-esp-elf/bin/../lib/gcc/xtensa-esp-elf/15.2.0/../../../../xtensa-esp-elf/bin/]
  ignore line: [LIBRARY_PATH=/home/coder/.espressif/tools/xtensa-esp-elf/esp-15.2.0_20251204/xtensa-esp-elf/bin/../lib/gcc/xtensa-esp-elf/15.2.0/esp32/no-rtti/:/home/coder/.espressif/tools/xtensa-esp-elf/esp-15.2.0_20251204/xtensa-esp-elf/bin/../lib/gcc/xtensa-esp-elf/15.2.0/../../../../xtensa-esp-elf/lib/esp32/no-rtti/:/home/coder/.espressif/tools/xtensa-esp-elf/esp-15.2.0_20251204/xtensa-esp-elf/bin/../xtensa-esp-elf/lib/esp32/no-rtti/:/home/coder/.espressif/tools/xtensa-esp-elf/esp-15.2.0_20251204/xtensa-esp-elf/bin/../lib/gcc/xtensa-esp-elf/15.2.0/:/home/coder/.espressif/tools/xtensa-esp-elf/esp-15.2.0_20251204/xtensa-esp-elf/bin/../lib/gcc/:/home/coder/.espressif/tools/xtensa-esp-elf/esp-15.2.0_20251204/xtensa-esp-elf/bin/../lib/gcc/xtensa-esp-elf/15.2.0/../../../../xtensa-esp-elf/lib/:/home/coder/.espressif/tools/xtensa-esp-elf/esp-15.2.0_20251204/xtensa-esp-elf/bin/../xtensa-esp-elf/lib/:/home/coder/.espressif/tools/xtensa-esp-elf/esp-15.2.0_20251204/xtensa-esp-elf/bin/../xtensa-esp-elf/usr/lib/]
  ignore line: [COLLECT_GCC_OPTIONS='-mdynconfig=xtensa_esp32.so' '-specs=/workspace/hello-wroom/build/bootloader/specs/picolibc.specs' '-Wno-frame-address' '-mlongcalls' '-fno-builtin-memcpy' '-fno-builtin-memset' '-fno-builtin-bzero' '-fno-rtti' '-v' '-o' 'CMakeFiles/cmTC_776f9.dir/CMakeCXXCompilerABI.cpp.obj' '-c' '-dumpdir' 'CMakeFiles/cmTC_776f9.dir/CMakeCXXCompilerABI.cpp.']
  ignore line: [[2/2] Linking CXX executable cmTC_776f9]
  ignore line: [Using built-in specs.]
  ignore line: [Reading specs from /workspace/hello-wroom/build/bootloader/specs/picolibc.specs]
  ignore line: [rename spec link to picolibc_link]
  ignore line: [rename spec link_libgcc to picolibc_link_libgcc]
  ignore line: [rename spec cpp to picolibc_cpp]
  ignore line: [rename spec cc1 to picolibc_cc1]
  ignore line: [rename spec cc1plus to picolibc_cc1plus]
  ignore line: [COLLECT_GCC=/home/coder/.espressif/tools/xtensa-esp-elf/esp-15.2.0_20251204/xtensa-esp-elf/bin/xtensa-esp-elf-g++]
  ignore line: [COLLECT_LTO_WRAPPER=/home/coder/.espressif/tools/xtensa-esp-elf/esp-15.2.0_20251204/xtensa-esp-elf/bin/../libexec/gcc/xtensa-esp-elf/15.2.0/lto-wrapper]
  ignore line: [Target: xtensa-esp-elf]
  ignore line: [Configured with: /builds/idf/crosstool-NG/.build/xtensa-esp-elf/src/gcc/configure --build=x86_64-build_pc-linux-gnu --host=x86_64-build_pc-linux-gnu --target=xtensa-esp-elf --prefix=/builds/idf/crosstool-NG/builds/xtensa-esp-elf --exec_prefix=/builds/idf/crosstool-NG/builds/xtensa-esp-elf --with-local-prefix=/builds/idf/crosstool-NG/builds/xtensa-esp-elf/xtensa-esp-elf --with-sysroot=/builds/idf/crosstool-NG/builds/xtensa-esp-elf/xtensa-esp-elf --with-native-system-header-dir=/include --with-headers=/builds/idf/crosstool-NG/builds/xtensa-esp-elf/xtensa-esp-elf/include --with-newlib --enable-threads=no --disable-shared --with-pkgversion='crosstool-NG esp-15.2.0_20251204' --disable-__cxa_atexit --enable-cxx-flags='-ffunction-sections -fdata-sections' --disable-libgomp --disable-libmudflap --disable-libmpx --disable-libssp --disable-libquadmath --disable-libquadmath-support --disable-libstdcxx-verbose --with-gmp=/builds/idf/crosstool-NG/.build/xtensa-esp-elf/buildtools --with-mpfr=/builds/idf/crosstool-NG/.build/xtensa-esp-elf/buildtools --with-mpc=/builds/idf/crosstool-NG/.build/xtensa-esp-elf/buildtools --with-isl=/builds/idf/crosstool-NG/.build/xtensa-esp-elf/buildtools --enable-lto --enable-target-optspace --without-long-double-128 --enable-plugin --disable-nls --enable-multiarch --enable-languages=c c++ --disable-libstdcxx-verbose --enable-threads=posix --enable-libstdcxx-time=yes --disable-win32-utf8-manifest]
  ignore line: [Thread model: posix]
  ignore line: [Supported LTO compression algorithms: zlib zstd]
  ignore line: [gcc version 15.2.0 (crosstool-NG esp-15.2.0_20251204) ]
  ignore line: [COMPILER_PATH=/home/coder/.espressif/tools/xtensa-esp-elf/esp-15.2.0_20251204/xtensa-esp-elf/bin/../libexec/gcc/xtensa-esp-elf/15.2.0/:/home/coder/.espressif/tools/xtensa-esp-elf/esp-15.2.0_20251204/xtensa-esp-elf/bin/../libexec/gcc/:/home/coder/.espressif/tools/xtensa-esp-elf/esp-15.2.0_20251204/xtensa-esp-elf/bin/../lib/gcc/xtensa-esp-elf/15.2.0/../../../../xtensa-esp-elf/bin/]
  ignore line: [LIBRARY_PATH=/home/coder/.espressif/tools/xtensa-esp-elf/esp-15.2.0_20251204/xtensa-esp-elf/bin/../lib/gcc/xtensa-esp-elf/15.2.0/esp32/no-rtti/:/home/coder/.espressif/tools/xtensa-esp-elf/esp-15.2.0_20251204/xtensa-esp-elf/bin/../lib/gcc/xtensa-esp-elf/15.2.0/../../../../xtensa-esp-elf/lib/esp32/no-rtti/:/home/coder/.espressif/tools/xtensa-esp-elf/esp-15.2.0_20251204/xtensa-esp-elf/bin/../xtensa-esp-elf/lib/esp32/no-rtti/:/home/coder/.espressif/tools/xtensa-esp-elf/esp-15.2.0_20251204/xtensa-esp-elf/bin/../lib/gcc/xtensa-esp-elf/15.2.0/:/home/coder/.espressif/tools/xtensa-esp-elf/esp-15.2.0_20251204/xtensa-esp-elf/bin/../lib/gcc/:/home/coder/.espressif/tools/xtensa-esp-elf/esp-15.2.0_20251204/xtensa-esp-elf/bin/../lib/gcc/xtensa-esp-elf/15.2.0/../../../../xtensa-esp-elf/lib/:/home/coder/.espressif/tools/xtensa-esp-elf/esp-15.2.0_20251204/xtensa-esp-elf/bin/../xtensa-esp-elf/lib/:/home/coder/.espressif/tools/xtensa-esp-elf/esp-15.2.0_20251204/xtensa-esp-elf/bin/../xtensa-esp-elf/usr/lib/]
  ignore line: [COLLECT_GCC_OPTIONS='-mdynconfig=xtensa_esp32.so' '-specs=/workspace/hello-wroom/build/bootloader/specs/picolibc.specs' '-Wno-frame-address' '-mlongcalls' '-fno-builtin-memcpy' '-fno-builtin-memset' '-fno-builtin-bzero' '-nostartfiles' '-fno-rtti' '-v' '-o' 'cmTC_776f9' '-dumpdir' 'cmTC_776f9.']
  link line: [ /home/coder/.espressif/tools/xtensa-esp-elf/esp-15.2.0_20251204/xtensa-esp-elf/bin/../libexec/gcc/xtensa-esp-elf/15.2.0/collect2 -plugin /home/coder/.espressif/tools/xtensa-esp-elf/esp-15.2.0_20251204/xtensa-esp-elf/bin/../libexec/gcc/xtensa-esp-elf/15.2.0/liblto_plugin.so -plugin-opt=/home/coder/.espressif/tools/xtensa-esp-elf/esp-15.2.0_20251204/xtensa-esp-elf/bin/../libexec/gcc/xtensa-esp-elf/15.2.0/lto-wrapper -plugin-opt=-fresolution=/tmp/ccBaCd9G.res -plugin-opt=-pass-through=-lgcc -plugin-opt=-pass-through=-lgcc -plugin-opt=-pass-through=-lc -plugin-opt=-pass-through=-lgcc -L/home/coder/.espressif/tools/xtensa-esp-elf/esp-15.2.0_20251204/xtensa-esp-elf/bin/../xtensa-esp-elf/../picolibc/xtensa-esp-elf/lib/esp32/no-rtti -L/home/coder/.espressif/tools/xtensa-esp-elf/esp-15.2.0_20251204/xtensa-esp-elf/bin/../xtensa-esp-elf/../picolibc/xtensa-esp-elf/lib -Tpicolibc.ld --sysroot=/home/coder/.espressif/tools/xtensa-esp-elf/esp-15.2.0_20251204/xtensa-esp-elf/bin/../xtensa-esp-elf --dynconfig=xtensa_esp32.so -o cmTC_776f9 -L/home/coder/.espressif/tools/xtensa-esp-elf/esp-15.2.0_20251204/xtensa-esp-elf/bin/../xtensa-esp-elf/../picolibc/lib/gcc/xtensa-esp-elf/15.2.0/esp32/no-rtti -L/home/coder/.espressif/tools/xtensa-esp-elf/esp-15.2.0_20251204/xtensa-esp-elf/bin/../xtensa-esp-elf/../picolibc/lib/gcc/xtensa-esp-elf/15.2.0 -L/home/coder/.espressif/tools/xtensa-esp-elf/esp-15.2.0_20251204/xtensa-esp-elf/bin/../lib/gcc/xtensa-esp-elf/15.2.0/esp32/no-rtti -L/home/coder/.espressif/tools/xtensa-esp-elf/esp-15.2.0_20251204/xtensa-esp-elf/bin/../lib/gcc/xtensa-esp-elf/15.2.0/../../../../xtensa-esp-elf/lib/esp32/no-rtti -L/home/coder/.espressif/tools/xtensa-esp-elf/esp-15.2.0_20251204/xtensa-esp-elf/bin/../xtensa-esp-elf/lib/esp32/no-rtti -L/home/coder/.espressif/tools/xtensa-esp-elf/esp-15.2.0_20251204/xtensa-esp-elf/bin/../lib/gcc/xtensa-esp-elf/15.2.0 -L/home/coder/.espressif/tools/xtensa-esp-elf/esp-15.2.0_20251204/xtensa-esp-elf/bin/../lib/gcc -L/home/coder/.espressif/tools/xtensa-esp-elf/esp-15.2.0_20251204/xtensa-esp-elf/bin/../lib/gcc/xtensa-esp-elf/15.2.0/../../../../xtensa-esp-elf/lib -L/home/coder/.espressif/tools/xtensa-esp-elf/esp-15.2.0_20251204/xtensa-esp-elf/bin/../xtensa-esp-elf/lib -L/home/coder/.espressif/tools/xtensa-esp-elf/esp-15.2.0_20251204/xtensa-esp-elf/bin/../xtensa-esp-elf/usr/lib @/tmp/ccSVYFzc -lgcc --start-group -lgcc -lc --end-group -lgcc]
    arg [/home/coder/.espressif/tools/xtensa-esp-elf/esp-15.2.0_20251204/xtensa-esp-elf/bin/../libexec/gcc/xtensa-esp-elf/15.2.0/collect2] ==> ignore
    arg [-plugin] ==> ignore
    arg [/home/coder/.espressif/tools/xtensa-esp-elf/esp-15.2.0_20251204/xtensa-esp-elf/bin/../libexec/gcc/xtensa-esp-elf/15.2.0/liblto_plugin.so] ==> ignore
    arg [-plugin-opt=/home/coder/.espressif/tools/xtensa-esp-elf/esp-15.2.0_20251204/xtensa-esp-elf/bin/../libexec/gcc/xtensa-esp-elf/15.2.0/lto-wrapper] ==> ignore
    arg [-plugin-opt=-fresolution=/tmp/ccBaCd9G.res] ==> ignore
    arg [-plugin-opt=-pass-through=-lgcc] ==> ignore
    arg [-plugin-opt=-pass-through=-lgcc] ==> ignore
    arg [-plugin-opt=-pass-through=-lc] ==> ignore
    arg [-plugin-opt=-pass-through=-lgcc] ==> ignore
    arg [-L/home/coder/.espressif/tools/xtensa-esp-elf/esp-15.2.0_20251204/xtensa-esp-elf/bin/../xtensa-esp-elf/../picolibc/xtensa-esp-elf/lib/esp32/no-rtti] ==> dir [/home/coder/.espressif/tools/xtensa-esp-elf/esp-15.2.0_20251204/xtensa-esp-elf/bin/../xtensa-esp-elf/../picolibc/xtensa-esp-elf/lib/esp32/no-rtti]
    arg [-L/home/coder/.espressif/tools/xtensa-esp-elf/esp-15.2.0_20251204/xtensa-esp-elf/bin/../xtensa-esp-elf/../picolibc/xtensa-esp-elf/lib] ==> dir [/home/coder/.espressif/tools/xtensa-esp-elf/esp-15.2.0_20251204/xtensa-esp-elf/bin/../xtensa-esp-elf/../picolibc/xtensa-esp-elf/lib]
    arg [-Tpicolibc.ld] ==> ignore
    arg [--sysroot=/home/coder/.espressif/tools/xtensa-esp-elf/esp-15.2.0_20251204/xtensa-esp-elf/bin/../xtensa-esp-elf] ==> ignore
    arg [--dynconfig=xtensa_esp32.so] ==> ignore
    arg [-o] ==> ignore
    arg [cmTC_776f9] ==> ignore
    arg [-L/home/coder/.espressif/tools/xtensa-esp-elf/esp-15.2.0_20251204/xtensa-esp-elf/bin/../xtensa-esp-elf/../picolibc/lib/gcc/xtensa-esp-elf/15.2.0/esp32/no-rtti] ==> dir [/home/coder/.espressif/tools/xtensa-esp-elf/esp-15.2.0_20251204/xtensa-esp-elf/bin/../xtensa-esp-elf/../picolibc/lib/gcc/xtensa-esp-elf/15.2.0/esp32/no-rtti]
    arg [-L/home/coder/.espressif/tools/xtensa-esp-elf/esp-15.2.0_20251204/xtensa-esp-elf/bin/../xtensa-esp-elf/../picolibc/lib/gcc/xtensa-esp-elf/15.2.0] ==> dir [/home/coder/.espressif/tools/xtensa-esp-elf/esp-15.2.0_20251204/xtensa-esp-elf/bin/../xtensa-esp-elf/../picolibc/lib/gcc/xtensa-esp-elf/15.2.0]
    arg [-L/home/coder/.espressif/tools/xtensa-esp-elf/esp-15.2.0_20251204/xtensa-esp-elf/bin/../lib/gcc/xtensa-esp-elf/15.2.0/esp32/no-rtti] ==> dir [/home/coder/.espressif/tools/xtensa-esp-elf/esp-15.2.0_20251204/xtensa-esp-elf/bin/../lib/gcc/xtensa-esp-elf/15.2.0/esp32/no-rtti]
    arg [-L/home/coder/.espressif/tools/xtensa-esp-elf/esp-15.2.0_20251204/xtensa-esp-elf/bin/../lib/gcc/xtensa-esp-elf/15.2.0/../../../../xtensa-esp-elf/lib/esp32/no-rtti] ==> dir [/home/coder/.espressif/tools/xtensa-esp-elf/esp-15.2.0_20251204/xtensa-esp-elf/bin/../lib/gcc/xtensa-esp-elf/15.2.0/../../../../xtensa-esp-elf/lib/esp32/no-rtti]
    arg [-L/home/coder/.espressif/tools/xtensa-esp-elf/esp-15.2.0_20251204/xtensa-esp-elf/bin/../xtensa-esp-elf/lib/esp32/no-rtti] ==> dir [/home/coder/.espressif/tools/xtensa-esp-elf/esp-15.2.0_20251204/xtensa-esp-elf/bin/../xtensa-esp-elf/lib/esp32/no-rtti]
    arg [-L/home/coder/.espressif/tools/xtensa-esp-elf/esp-15.2.0_20251204/xtensa-esp-elf/bin/../lib/gcc/xtensa-esp-elf/15.2.0] ==> dir [/home/coder/.espressif/tools/xtensa-esp-elf/esp-15.2.0_20251204/xtensa-esp-elf/bin/../lib/gcc/xtensa-esp-elf/15.2.0]
    arg [-L/home/coder/.espressif/tools/xtensa-esp-elf/esp-15.2.0_20251204/xtensa-esp-elf/bin/../lib/gcc] ==> dir [/home/coder/.espressif/tools/xtensa-esp-elf/esp-15.2.0_20251204/xtensa-esp-elf/bin/../lib/gcc]
    arg [-L/home/coder/.espressif/tools/xtensa-esp-elf/esp-15.2.0_20251204/xtensa-esp-elf/bin/../lib/gcc/xtensa-esp-elf/15.2.0/../../../../xtensa-esp-elf/lib] ==> dir [/home/coder/.espressif/tools/xtensa-esp-elf/esp-15.2.0_20251204/xtensa-esp-elf/bin/../lib/gcc/xtensa-esp-elf/15.2.0/../../../../xtensa-esp-elf/lib]
    arg [-L/home/coder/.espressif/tools/xtensa-esp-elf/esp-15.2.0_20251204/xtensa-esp-elf/bin/../xtensa-esp-elf/lib] ==> dir [/home/coder/.espressif/tools/xtensa-esp-elf/esp-15.2.0_20251204/xtensa-esp-elf/bin/../xtensa-esp-elf/lib]
    arg [-L/home/coder/.espressif/tools/xtensa-esp-elf/esp-15.2.0_20251204/xtensa-esp-elf/bin/../xtensa-esp-elf/usr/lib] ==> dir [/home/coder/.espressif/tools/xtensa-esp-elf/esp-15.2.0_20251204/xtensa-esp-elf/bin/../xtensa-esp-elf/usr/lib]
    arg [@/tmp/ccSVYFzc] ==> ignore
    arg [-lgcc] ==> lib [gcc]
    arg [--start-group] ==> ignore
    arg [-lgcc] ==> lib [gcc]
    arg [-lc] ==> lib [c]
    arg [--end-group] ==> ignore
    arg [-lgcc] ==> lib [gcc]
  collapse library dir [/home/coder/.espressif/tools/xtensa-esp-elf/esp-15.2.0_20251204/xtensa-esp-elf/bin/../xtensa-esp-elf/../picolibc/xtensa-esp-elf/lib/esp32/no-rtti] ==> [/home/coder/.espressif/tools/xtensa-esp-elf/esp-15.2.0_20251204/xtensa-esp-elf/picolibc/xtensa-esp-elf/lib/esp32/no-rtti]
  collapse library dir [/home/coder/.espressif/tools/xtensa-esp-elf/esp-15.2.0_20251204/xtensa-esp-elf/bin/../xtensa-esp-elf/../picolibc/xtensa-esp-elf/lib] ==> [/home/coder/.espressif/tools/xtensa-esp-elf/esp-15.2.0_20251204/xtensa-esp-elf/picolibc/xtensa-esp-elf/lib]
  collapse library dir [/home/coder/.espressif/tools/xtensa-esp-elf/esp-15.2.0_20251204/xtensa-esp-elf/bin/../xtensa-esp-elf/../picolibc/lib/gcc/xtensa-esp-elf/15.2.0/esp32/no-rtti] ==> [/home/coder/.espressif/tools/xtensa-esp-elf/esp-15.2.0_20251204/xtensa-esp-elf/picolibc/lib/gcc/xtensa-esp-elf/15.2.0/esp32/no-rtti]
  collapse library dir [/home/coder/.espressif/tools/xtensa-esp-elf/esp-15.2.0_20251204/xtensa-esp-elf/bin/../xtensa-esp-elf/../picolibc/lib/gcc/xtensa-esp-elf/15.2.0] ==> [/home/coder/.espressif/tools/xtensa-esp-elf/esp-15.2.0_20251204/xtensa-esp-elf/picolibc/lib/gcc/xtensa-esp-elf/15.2.0]
  collapse library dir [/home/coder/.espressif/tools/xtensa-esp-elf/esp-15.2.0_20251204/xtensa-esp-elf/bin/../lib/gcc/xtensa-esp-elf/15.2.0/esp32/no-rtti] ==> [/home/coder/.espressif/tools/xtensa-esp-elf/esp-15.2.0_20251204/xtensa-esp-elf/lib/gcc/xtensa-esp-elf/15.2.0/esp32/no-rtti]
  collapse library dir [/home/coder/.espressif/tools/xtensa-esp-elf/esp-15.2.0_20251204/xtensa-esp-elf/bin/../lib/gcc/xtensa-esp-elf/15.2.0/../../../../xtensa-esp-elf/lib/esp32/no-rtti] ==> [/home/coder/.espressif/tools/xtensa-esp-elf/esp-15.2.0_20251204/xtensa-esp-elf/xtensa-esp-elf/lib/esp32/no-rtti]
  collapse library dir [/home/coder/.espressif/tools/xtensa-esp-elf/esp-15.2.0_20251204/xtensa-esp-elf/bin/../xtensa-esp-elf/lib/esp32/no-rtti] ==> [/home/coder/.espressif/tools/xtensa-esp-elf/esp-15.2.0_20251204/xtensa-esp-elf/xtensa-esp-elf/lib/esp32/no-rtti]
  collapse library dir [/home/coder/.espressif/tools/xtensa-esp-elf/esp-15.2.0_20251204/xtensa-esp-elf/bin/../lib/gcc/xtensa-esp-elf/15.2.0] ==> [/home/coder/.espressif/tools/xtensa-esp-elf/esp-15.2.0_20251204/xtensa-esp-elf/lib/gcc/xtensa-esp-elf/15.2.0]
  collapse library dir [/home/coder/.espressif/tools/xtensa-esp-elf/esp-15.2.0_20251204/xtensa-esp-elf/bin/../lib/gcc] ==> [/home/coder/.espressif/tools/xtensa-esp-elf/esp-15.2.0_20251204/xtensa-esp-elf/lib/gcc]
  collapse library dir [/home/coder/.espressif/tools/xtensa-esp-elf/esp-15.2.0_20251204/xtensa-esp-elf/bin/../lib/gcc/xtensa-esp-elf/15.2.0/../../../../xtensa-esp-elf/lib] ==> [/home/coder/.espressif/tools/xtensa-esp-elf/esp-15.2.0_20251204/xtensa-esp-elf/xtensa-esp-elf/lib]
  collapse library dir [/home/coder/.espressif/tools/xtensa-esp-elf/esp-15.2.0_20251204/xtensa-esp-elf/bin/../xtensa-esp-elf/lib] ==> [/home/coder/.espressif/tools/xtensa-esp-elf/esp-15.2.0_20251204/xtensa-esp-elf/xtensa-esp-elf/lib]
  collapse library dir [/home/coder/.espressif/tools/xtensa-esp-elf/esp-15.2.0_20251204/xtensa-esp-elf/bin/../xtensa-esp-elf/usr/lib] ==> [/home/coder/.espressif/tools/xtensa-esp-elf/esp-15.2.0_20251204/xtensa-esp-elf/xtensa-esp-elf/usr/lib]
  implicit libs: [gcc;gcc;c;gcc]
  implicit objs: []
  implicit dirs: [/home/coder/.espressif/tools/xtensa-esp-elf/esp-15.2.0_20251204/xtensa-esp-elf/picolibc/xtensa-esp-elf/lib/esp32/no-rtti;/home/coder/.espressif/tools/xtensa-esp-elf/esp-15.2.0_20251204/xtensa-esp-elf/picolibc/xtensa-esp-elf/lib;/home/coder/.espressif/tools/xtensa-esp-elf/esp-15.2.0_20251204/xtensa-esp-elf/picolibc/lib/gcc/xtensa-esp-elf/15.2.0/esp32/no-rtti;/home/coder/.espressif/tools/xtensa-esp-elf/esp-15.2.0_20251204/xtensa-esp-elf/picolibc/lib/gcc/xtensa-esp-elf/15.2.0;/home/coder/.espressif/tools/xtensa-esp-elf/esp-15.2.0_20251204/xtensa-esp-elf/lib/gcc/xtensa-esp-elf/15.2.0/esp32/no-rtti;/home/coder/.espressif/tools/xtensa-esp-elf/esp-15.2.0_20251204/xtensa-esp-elf/xtensa-esp-elf/lib/esp32/no-rtti;/home/coder/.espressif/tools/xtensa-esp-elf/esp-15.2.0_20251204/xtensa-esp-elf/lib/gcc/xtensa-esp-elf/15.2.0;/home/coder/.espressif/tools/xtensa-esp-elf/esp-15.2.0_20251204/xtensa-esp-elf/lib/gcc;/home/coder/.espressif/tools/xtensa-esp-elf/esp-15.2.0_20251204/xtensa-esp-elf/xtensa-esp-elf/lib;/home/coder/.espressif/tools/xtensa-esp-elf/esp-15.2.0_20251204/xtensa-esp-elf/xtensa-esp-elf/usr/lib]
  implicit fwks: []


